gender,english_name
m,airiya
m,ail
m,ayin
f,abhayat
f,abnahid
m,abad
m,abadan
m,abadis
m,abar
m,abaris
m,abaghan
m,abagha
m,abameh
f,aban
f,aban asa
f,aban dokht
f,abandis
m,aban zad
f,abansa
f,aban sar
f,aban fam
f,abanmehr
m,aban yad
f,abana
f,abandad
m,abandan
f,abaneh
m,abanuz
f,abanak
m,abagran
m,abay
f,abtab
m,abtin
m,aabas
m,abed
m,abdast
m,abdus
f,abdis
m,abdin
m,abram
m,abrama
m,abraham
f,abrokh
m,aberli
f,abrang
m,abroo
f,abrud
f,abroshan
f,abrun
f,absal
f,absalan
m,abesta
m,abesh
f,abshar
f,abshan
m,ablatka
f,abluj
f,abnaz
f,abnus
f,abnush
m,abu
m,abkar
f,abgol
f,abgun
f,abgin
m,abgin
f,abgine
f,abgineh
m,aabi
m,abyar
m,Abigh
m,abighan
m,abin
m,aabin
m,abine
m,abinch
f,abizh
m,ata
m,ataballi
m,atabay
m,atabli
m,atabik
m,atabig
m,atasay
m,atash
f,atasha
m,atagholich
m,atalan
m,ataman
m,ata-mo'ali
m,atamkin
m,atan
f,ata naz
m,atakan
m,atagoldi
m,atay
m,atayar
m,atbin
f,atbin
m,atjan
m,athan
f,atar
f,atra
m,atraban
m,atorban
m,atardin
m,atars
m,atrovan
f,atrusa
m,atron
m,atropat
m,atri
f,atri
f,atriya
m,atridad
m,atri zad
f,atrisa
f,atrin
f,atrina
f,atrineh
f,atsa
m,atsez
f,atash
m,atash barzin
m,atash pa
m,atashban
f,atashband
f,atashdokht
f,atash rokh
m,atashzad
f,atashfam
f,atashe
f,atashpareh
f,atashak
m,atashkar
f,atashgon
f,atashi
f,atashizeh
f,atashin
f,atlaz
m,atlan
m,atli
f,atman
m,atmesh
m,atmin
f,atena
f,atenaya
f,ateneh
f,aatani
f,athina
m,atur
m,atorpat
f,aturina
f,atusa
f,atusheh
m,atun
m,atyal
m,atiti
m,atiji
f,atis
f,atisa
m,atigh
m,atilla
m,atila
m,atin
f,atina
f,atiye
f,atiyeh
f,atieh
f,atiyeh begom
m,asehe
m,asuyeh
m,ajar
m,ajarman
m,ajlan
m,ajir
m,ajikeh
f,akh nazar
m,akhtali
m,akhash
m,akhsham
m,akhshej
m,akhsheen
f,ada
m,adad
m,adar
m,adarayl
m,adash
m,adagh
m,adal
m,adalan
m,adam
m,adan
m,adak
m,aday
m,adebhava
m,adakh
f,adokht
m,ādor
f,adara
m,ādurbād
m,adriya
m,adriyan
f,adriyana
m,adriyanus
m,adriel
m,adarin
f,adarina
m,adsay
m,adsharin
f,adshirin
m,adli
f,adliya
m,adam
m,adam khan
m,admiral
f,adena
m,adaneh bikeh
f,adnis
m,adhava
m,ador
m,adora
f,adorina
f,adonis
m,advin
m,adi
f,adiya
m,adish
m,adisha
f,adisheh
m,adin
m,adina
m,adine
f,adineh
f,adineh baradi
f,adineh bibi
m,adineh hasan
f,adineh ghazi
f,adineh gholi
f,adineh mohammad
m,ading
m,adigozal
f,azar
f,azar
m,azar borzin
f,azar bibi
f,azar taj
f,azar khanom
f,azar dokht
f,azar malook
f,azar midekht
f,azar midadokht
f,azar noosh
f,azar nidokht
m,azar houshang
f,azarabad
m,azar aeen
f,azraafruz
f,azrafza
m,azaran
m,azarughla
m,azar baba
m,azar bad
m,azarban
f,azarbanu
m,azarbad
m,azarbarzin
m,azarbeh
m,azarbahram
f,azar bu
m,azarbud
f,azarbooye
m,azar tash
m,azar tos
f,azarjahan
m,azar josh
f,azarkhaton
f,azarkhanom
f,azarkhod
f,azarakhsh
m,azar dad
f,azar dokht
f,azardokht
f,azardis
f,azarrokh
f,azar sa
f,azar shab
m,azarshasp
f,azarshast
m,azarshan
m,azar tos
m,azarfar
m,azarfarangbakh
f,azarforuz
f,azar forug
f,azarafza
f,azarم
f,azarm dokht
m,azar man
f,azar mah
m,azarmahan
m,azar man
f,azar mah
f,azarmehr
m,azar mehrbarzin
f,azarmidokht
f,azarmina
f,azar mina
m,azarnarsi
f,azar nush
f,azarang
f,azar homayun
m,azarvan
f,azaroosh
m,azar pad
m,azarpanah
m,azarpajou
m,azar pey
f,azar chehr
f,azarak
m,azarkar
m,azarkish
m,azar keyvan
m,azarghashasb
m,azargashtasp
f,azar gol
f,azar gun
m,azar yas
m,azarin
f,azarin
f,azariyun
f,azin
m,azin
f,azar dokht
f,azin dokht
m,azin far
f,azin gol
f,azindokht
f,ara
f,ara'
m,arat
m,araj
m,arad
f,ara dokht
f,arade
m,ararat
m,araz
m,arazbidi
m,arazesh
m,aras
m,arasb
f,araste
f,arasti
m,arasp
f,arashid
m,aral
f,araliya
f,aram
f,aram khanom
f,aram dokht
f,aram del
f,aram dokht
f,aramesh
f,arame
f,aram chehr
m,aramiyan
f,aramis
m,aran
m,arako
f,aragol
f,aray
f,arayli
f,araye
m,arbi
m,arta
f,arta dokht
m,arta baz
m,artaban
f,arta dokht
m,artariya
m,artash
m,artam
m,arta man
m,artamehr
f,artamis
m,artan
f,artana
m,arta part
m,arteman
f,artmiz
f,artemis
m,artan
f,artnos
f,arte dokht
m,artvan
m,artor
m,artosh
m,artum
m,artun
f,artonis
m,arti
m,artia
m,artian
f,artiston
m,artima
m,artiman
f,artimes
f,artemis
m,artin
f,artina
m,artine
m,artika
m,artikas
m,arakh
m,arkha
m,arda
f,ardisiya
m,ardin
m,arezesh
m,arazm
f,arezu
f,arezoo gol
f,arezogol
f,arezoo gool
f,arzita
m,arsa
m,arsam
m,arsames
m,arsaman
m,arsan
f,arsana
m,arses
m,arsen
f,arso
m,arsis
m,arsin
f,arsina
f,arsineh
m,arash
m,arsha
m,arsham
m,arshameh
m,arshan
m,arshavir
m,arshavier
m,arshavin
m,arshak
m,arshan
m,arshiya
f,arshit
f,arshida
m,arshin
f,arshina
m,arshineh
m,aref
m,arag
m,arghon
m,arald
f,arlin
m,arman
f,armana
m,armand
f,armanada
m,armandis
f,armati
m,armen
m,aramnak
m,armand
f,arameh
m,armehr
m,armodiyan
m,armiya
f,armita
f,armitan
f,armitazh
f,armiti
f,armi dokht
f,armis
f,armila
m,armin
f,armindokht
f,armina
f,armindokht
f,armineh
m,armini
m,armin
m,aren
f,arna
m,arnam
f,arnush
f,arnusha
m,arnold
m,arang
m,arniya
m,arnick
f,arnika
m,arhan
m,aro
f,arva
m,arvan
f,aurora
m,aroz
f,arosha
m,aruq
m,arun
f,aruna
m,arvand
m,arukku
m,arvij
m,arvid
f,arvisheh
m,arvin
m,arovin
f,arvina
m,arpan
m,arzhan
m,arzhin
m,arka
m,arkan
f,arkiya
m,argash
f,argun
m,ari
m,ariya
m,aria
m,arya
m,ariyasam
m,arya bad
m,aryaban
m,aryabad
m,ariyabod
m,aryaborz
m,ariya barzin
m,aryadad
f,ariyadokht
m,ariya rad
m,ariyarad
m,arya ramne
m,aryarman
m,aryaramnah
m,aryaz
m,ariyaz
m,aryas
m,ariyasb
m,ariyasp
m,aryafar
m,ariyam
m,aryam
m,ariya man
m,ariyaman
m,aryamanesh
m,ariyamehr
m,ariyan
f,arian
m,ariyan reza
f,ariana
f,ariyana
f,arianaz
f,ariya naz
f,ariyane
f,arianoush
m,aryanik
m,ariyava
m,aryavash
m,ariya chehr
m,ariyak
m,aryagiv
f,arita
m,aritma
m,ariz
m,aris
f,arisa
f,arisan
m,arista
f,arista
m,aristeh
m,arisha
m,arishan
f,arishida
m,ariel
m,arim
m,ariyan
m,arian
f,ariyan dokht
f,arina
m,ariyana
f,arindokht
m,ariyan rad
m,ariyan mehr
m,arinod
m,arieh
m,aryo
m,ariu
m,arivan
m,ariobarzān
m,ariyobarzan
m,ariu barzan
m,ariubarzin
m,ariudad
m,ariurad
m,arius
m,ariusam
m,aryo mehr
m,arivand
f,arizheh
f,armin
m,aza
m,azat
m,azad
m,azad manesh
m,azadbeh
f,azad dokht
m,azadsarv
m,azadforoz
m,azad mehr
f,azade
f,azadeh khoyi
f,azad chehr
f,azaleh
f,azaliya
m,azar
m,azran
f,azarm
f,azarm khatoon
f,azarm dokht
f,azarm chehr
m,azarman
f,azarmadokht
m,azarmagan
f,azarmidokht
m,azarmin
f,azar
f,azarita
m,azash
m,azma
m,azmun
f,azu
f,azia
f,azita
m,azin
f,azina
f,azineh
f,asa
m,asad
f,asa dokht
f,asareh
m,asal
m,asam
f,asana
f,asahir
m,asayesh
f,astaran
f,astaareh
f,astrid
m,astagheeg
m,astyaj
m,astiyazh
m,astyak
m,astiyag
m,astyag
m,asdin
m,asef
m,aslan
f,asman
m,aseman noor
f,aseman hor
f,asmane
f,asemanehvor
f,asmar
f,aseman
m,asmita
f,asmin
f,asen
f,asna
f,asenat
m,ase
f,asu
f,asoda
f,asudeh
m,aspadas
m,aspian
f,aaskeh
f,aski
f,asiya
m,asiya
m,asidat
m,asidād
m,asim
f,asiman
f,asimeh
f,asiyeh
f,asiyeh bikam
f,asiyeh begom
f,ashjan
f,asha
m,ashar
m,asham
m,ashti
f,ashti
m,asher
m,asher mohammad
m,asharmohammad
f,ashna
m,ashnas
f,ashoob
m,ashur
f,ashur bibi
m,ashur mohammad
f,ashurina
m,ashok
m,ashkin
f,ashiyan
m,ashina
m,asef
m,asif ali
f,asefeh
f,atosa
f,agh sultan
f,agha banoo
m,agha begom
m,agha mohammad
f,agha nesa
f,agha banu
m,aghajan
m,aghakhanom
m,aghar
m,aghazadeh
m,aghasi
m,aghamadar
m,aghamir
m,agha nazar
m,aghapari
m,aghayar
m,aghandeh
f,aaghe bara
f,aghosh
f,aghghol
f,afaq
f,aft
f,aftab
f,aftab dokht
f,aftabdokht
f,afrat
f,afrataj
f,afrang
f,afarideh
m,afaridun
f,afarin
m,afarin
f,afarin mah
f,afarin mehr
f,afarinnaz
f,afarinnush
f,afarin gol
f,afarindokht
m,afarinesh
f,afsaneh
m,afshid
f,afshid
f,ofoq ol-molook
f,afnab
f,afiyeh
m,aghaghli
m,agh oli
m,agh oyli
m,agh ili
m,agh babak
f,aghbano
m,aghabak
m,agha bibi
m,agh jamal
m,agha sultan
m,agh gholi
m,agha mohammad
m,agh vili
f,aghgol
f,aghcheh gol
f,ala
f,ala
m,alatan
f,alar
m,alaz
f,alaleh
m,alan
f,alan ghava
f,alan gava
f,alave
f,ala gol
m,alb
m,alp arslan
m,albe takin
f,alba
m,albert
m,altay
f,altenay
f,altun
m,alton tash
f,altin
m,altin
f,altinay
m,altin sayen
f,altingalin
m,aldin
m,alghan
m,alghin
f,alma
f,almara
f,almaz
f,alma gol
m,alan
f,alnam
f,aland
f,alanda
f,alnoosh
m,alum
f,alogoneh
f,alvina
m,alp
m,alp arslan
m,alp takin
m,alpar
m,alpay
m,alpar
m,alpman
f,alka
m,aleksi
m,alko
f,algon
m,aliya
f,alis
f,alisa
f,alish
f,alish
f,alishan
m,alin
m,alina
m,alik
m,amatia
f,amatis
f,amasteris
f,amal
m,aman baghi
f,aman goldei
f,amanj
f,amanda
f,amandana
m,amanoueil
f,amtis
m,amesterida
f,amasteris
m,aman
f,amana
f,amene
f,amaneh khatun
f,aameneh zaman
m,amnid
f,amutiya
m,aamunj
m,amavi
m,amitida
m,amyar
f,amita
f,amitris
f,amitida
f,amitis
m,amin
f,amineh
f,آن
f,ana
f,ana bikam
f,ana khanom
f,ana araz
f,ana gholi
f,ana mohammad
f,ana hita
f,ana hid
f,ana heyata
f,ana goldi
f,anael
f,anabi bi
f,anabita
f,anata
f,ana tay
f,anatoli
f,anakhanom
f,anadadi
f,anadel
m,anar
f,anash
f,anashid
f,anali
m,anam
f,anamehr
f,anamolam
f,ananaz
f,anahel
m,anahit
f,anahita
f,anahid
f,anaplad
f,anak
m,anag
f,anagoldi
f,anayash
m,aant
f,anta
m,antonio
f,antis
m,antigon
f,angela
m,androosh
f,andria
f,andiya
f,aans
f,anese
m,anlar
m,anli
f,ane
f,aneh bakht
f,aneh berdi
f,ane soltan
f,aane tavaq
f,ane ghalich
f,ane ghavat
f,aane goldi
f,ano
m,anush
f,anusha
m,anosheh
f,anoheh
f,ani
f,ania
m,anit
f,anita
f,anita
f,anid
f,anida
f,anis
f,anisa
f,anisa
f,anisha
m,anil
f,anila
f,anilar
f,anima
m,aniyeh
f,aniyo
m,anik
f,anika
f,ahar
m,ahanali
f,ahang
f,ahu
f,ahu dokht
f,ahi jan
f,ahid
m,ahir
m,ahil
m,ahīn
f,ahiyeh
f,ava
m,avat
f,avad
f,avadan
f,avadokht
f,avadis
f,avar
f,avaz
f,avaze
f,avam
f,avan
f,avana
f,avanaz
f,avanush
f,avakhti
f,avrin
m,avash
f,avashan
f,avan
m,avand
f,avang
m,aveh
m,avgan
m,avid
f,avid
f,avideh
m,avir
f,aviiz
m,aviz
f,avizand
f,avizeh
f,avisa
m,avisa
m,avisha
m,avishar
f,avishan
m,avishan
f,avisheh
m,avin
f,avina
f,avineh
f,avijeh
m,apada
m,apadash
f,apadana
f,apadipa
m,apasay
f,apam
f,apama
f,apamneh
f,apameh
m,aptin
f,apranik
m,apnita
f,apgiya
f,apgiti
f,apishan
f,achigh
m,achim
m,azhman
m,azhan
m,azhand
m,azhang
m,azho
m,azhovan
m,azhyar
f,azhine
f,akasha
m,akam
m,akay
m,ako
m,ako hame
m,akoan
m,agha
m,agas
m,agah
f,aghahdokht
f,agahdokht
m,agri
f,agarin
m,agarin
f,ay
m,ayana
f,aye oz
m,ay bak
f,ay bi bi
f,ay tai
f,ay torki mah
m,aytak
m,ay takin
f,ay jamal
f,ay jahan
f,ay khanom
f,ay sultan
f,ay sooda
f,ay sura
f,aye sureh
f,ay sovan
f,ay sona
f,ayi sanam
f,ayi qiz
f,ayler
f,ayli
f,ay mohammad
f,aymira
f,aye naz
f,ay neshan
f,ay noor
f,ay para
f,ay pari
f,ay gazel
f,ay gol
f,aya tay
m,ayat
m,aya tay
m,ayaz
m,ayash
m,ayan
m,ayat
f,ayat khanom
m,ayat ali
f,aita
f,ay tash
m,ayatollah
m,ay tan
m,ay tay
f,aytaay
m,ayat'ali
m,ayatghamash
m,ay tan
f,ayten
m,aytuna
f,aytak
m,aytak
f,ayatkin
m,ay tin
m,ayatollah
f,ayjan
f,ayjamal
m,ayhan
m,ayxan
f,aida
f,ayda
f,aidan
f,aydana
m,aydighdi
f,aydel
m,ayden
f,aydang
f,aydek
m,aydis
m,aydin
m,aydina
f,ayr niyan
m,ayra
m,ayrad
f,ayral
f,ayrana
f,ayrokh
m,ayriya
m,ayriyana
f,iris
m,ayrin
f,ayrin
m,ayrik
f,ayza
m,ay sa
f,aysa
f,aysan
f,aysa
f,aysel
m,aysel
m,ay sen
f,aysan
m,aysu
m,ay suda
m,aysudeh
f,aysoona
f,aysin
f,aysha
m,ay shen
f,ayshid
f,ayshil
m,ay shin
m,ay far
m,aighan
m,ayghin
f,ayla
f,ailar
f,aylan
f,aylar
f,aylma
m,ayli
f,aili
f,aylin
f,aima
m,ayma
f,aymah
f,ayin
m,ayna
f,ayena
m,ay nar
f,aynaz
m,ay nam
f,ayeneh
f,ayneh bibi
f,ayenoor
m,ay nur
m,ay nush
m,ayeh
f,aye
m,ayhan
m,ayatollah
m,aykal
m,aykan
m,aykon
f,aygol
f,ayguzel
f,aygun
f,aygin
m,aygin
f,ayyd
m,ayish
m,ayin
m,ayin goshasb
m,ayineh
m,ayingashasp
f,ayizh
m,vahra
f,elay
m,elman
m,elvin
m,ayria
m,aba
m,aba bakr
m,aba zar
m,aba salt
m,aba salt
m,ababakr
m,abat
m,abadar
m,abazar
m,abazar ali
m,abaz
m,abazar
m,abas
m,abasat
m,abas'ad
m,abasal
m,abasalt
m,abasolt
m,abasalak
m,abasat
m,abasد
m,abasal
m,abasalt
m,abasalt
m,abalfath
m,abalfazl
m,ebrahim
f,ebtaj
f,ebtesam
f,ebtaslam
f,ebtessam
f,ebtehaj
m,ebtehash
f,ebtehal
m,abtin
m,abjad
m,abhosh
m,abkhosh
m,ebdal
m,abdolhasan
m,abdolreza
m,abdalfazl
m,abdolmajid
m,ebdalvasil
m,abdeghadi
m,abdah
m,abzar
m,abar
f,abrnaz
f,ebra
m,abrar
m,abrarha
m,abrasim
m,abran
m,ebrahim
m,ebrahim azar
m,ebrahim azhdar
m,ebrahim beg
m,ebrahimtaha
m,ebrahim ali
m,ebrahim mohammad
m,ebrahim hatef
m,ebrahimali
m,ebrahimak
m,abar sam
m,abrash
m,abraniq
m,abre
m,ebrahimi
m,ebrahim azhdar
f,abro
f,abrizhan
f,abrizeh
m,abriz
f,abrisham
m,abrisham
m,aps
m,abesta
m,absalt
m,abolfazl
f,ebqā
m,ebrahim
m,ablfarz
m,abolfazl
m,ablagha sam
m,ablqasem
m,eblis
m,abmanali
m,abman
m,ebnolah
m,ebn ali
m,ebn yamin
f,ebnas
m,abo
m,abol fazl
m,abolhassan
m,abol fazl
m,abuatfazl
m,abolfazl
m,abuosalat
m,abolfazl
m,abolb
m,abolbashr
m,abolseth
m,abolhajn
m,abolhadi
m,abolhasan
m,abol hossein
m,abolrahim
m,abolshams
m,abol samad
m,abolzol
m,abol taleb
m,abolabbas
m,abolghasem
m,abolfath
m,abolfath khan
m,abolfazh
m,abolfazl
m,abolfazl
m,abolfazl
m,abolfazl al-abbas
m,abolfazl
m,abolfazl
m,abolghasem
m,abolghasem
m,abolghasem
m,abolghays
m,abolfazl
m,abolmohammad
m,abolhashem
m,abub
m,abolfazl
m,aboubak
m,abu bakr
m,abubakr sedigh
m,abotafazl
m,abu torab
m,abujahad
m,abouhamzeh
m,abu hanifa
m,abu khaled
m,abu zar
m,abureyhan
m,abu sa'id
m,abusa'id
m,abu-saleh
m,abu talib
m,abutab
m,abu taleb
m,abu talib
m,abu tayeb
m,abu ali
m,abu ammar
m,aboufazl
m,abolfazl
m,abol
m,abolhasan
m,abolfath
m,abolfazl
m,abolfazl
m,abol fazl
m,abolghasem
m,abolghasem
m,abolghasemi
m,abolghasem
m,abolfazl
m,abu muslim
m,abukar
m,abuyekr
m,abak
m,abkar
m,abi
m,obidallah
m,abish
m,abolfazl
m,abileh
m,abolhassan
m,abalfazl
m,eta
m,ata mohammad
m,ata nafas
m,atabak
m,ataollah
m,otam eqlan
m,otam oghlan
m,otbā
m,atabolfazl
m,atbak
m,atajan
m,ettehad
m,etehmad
m,otohya
m,atras
m,atrak
m,atrin
m,etsam
m,atash
f,etesam
m,ozhar
f,atene
m,ateh yar
f,eteham
f,atareh
m,ataveer di
m,atooz gholi
m,atak
m,atkeh
f,atiya
m,atila
f,atiyeh
m,osameh
f,esbāt
m,asmar
m,esnā
m,esnayi
m,asir
m,aseer al-din
f,ajaq
m,ejbar
m,ajar
m,ejrarah
m,ejlal
m,ajamān
m,ejmal
m,aju
m,ajour
m,ajgah
f,aji
m,ajeer
m,ahabab
f,ehteram
f,ehtam
f,ehteram
f,ehteram-ol-moluk
f,ehtesam
m,ehtesham
m,ehsagh
m,ahad
m,ahadollah
m,ahadollah
m,ahadollah
m,ahadollah
m,ahadreza
m,ahadleh
m,ahdiyeh
m,ahr
m,ahrab
m,ahrar
m,ehram
m,ahsa
f,ehsas
m,ehsam
m,ehsan
m,ehsan alkh
m,ehsanoddin
m,ehsan alireza
m,ehsanollah
m,ehsanollah
m,ehsan ali
m,ehsan mohammad
m,ehsanollah
m,ehsanali
f,ehsaneh
m,ehsani
m,ehsan
f,ehsa
f,ahlam
m,ahmad
m,ahmadollah
m,ahmad amin
m,ahmad bagher
m,ahmad beg
m,ahmad taghi
m,ahmad jan
m,ahmad hossein
m,ahmad khal
m,ahmad khan
m,ahmad dary
m,ahmad ra
m,ahmad rashed
m,ahmad reza
m,ahmad ria
m,ahmad saeid
m,ahmad shah
m,ahmad shafie
m,ahmad za
m,ahmad zia
m,ahmad abdolhasan
m,ahmad ali
m,ahmad eisa
m,ahmad gholi
m,ahmad farid
m,ahmad gholi
m,ahmad mohammad
m,ahmad morad
m,ahmad mahdi
m,ahmad navid
m,ahmad pasha
m,ahmadollah
m,ahmadhasan
m,ahmadhoseyen
m,ahmad khan
m,ahmadreza
m,ahmadshah
m,ahmadsadegh
m,ahmadzia
m,ahmadzia
m,ahmadtaha
m,ahmadali
m,ahmadei
m,ahmadgholi
m,ahmadmorad
m,ahmad nazir
f,ahmad
m,ahmadhadi
m,ahmadpasha
m,ahmadgol
m,ahmadi
m,ahmadi shad
m,ahmadyasin
m,ahmad
m,ahmar
m,ahmadi
m,ahmad
m,ahmad
m,ahnaf
m,ahoud
m,ahvar
m,ahya
m,ehya
m,ehyā qoli
m,ehyā mohammad
f,ehyaa
f,ehyān
m,ehyah
f,ehyagol
m,ehyaa
m,ahid
m,akhtay
f,akhtar
f,akhtar-ol-molouk
f,akhtar jan
f,akhtar khanom
m,akhtar ali
m,akhtar mohammad
m,akhtarel
f,akhtaram
m,akhtarali
m,akhtarmohammad
m,ekhtiyar
m,akhtar
m,akhar dad
m,akhsan
m,akhshad
m,akhshid
m,akshid
m,akhzar
m,akhtar
f,ekhlas
m,akhlaq
m,akhmad
m,akhavan
f,akhgar
m,adab
m,edham
m,ekhlas ali
f,adrak
m,idris
m,edris
f,adrina
m,ardeshir
m,edgh
f,adel
f,adleh
f,adeliya
m,adam
m,adam jan
m,edmond
m,admir
f,adna
m,adnan
m,edham
m,adham
m,adhameh
m,edvard
m,advān
m,edvay
m,adonia
m,edvin
f,adi biyuk
f,adi shirin
f,edi guzel
f,edi guzi
m,adiyas
m,adyan
m,adib
m,adiboddin
f,adibeh
m,adibe
m,adis
m,edison
m,adim
f,adimeh
f,adina
f,adineh goldi
m,adik
f,adigozel
m,azanollah
m,azat
m,azar
m,azmareh
m,eznollah
m,eznolhagh
m,ezan ali
m,eznollah
m,eznali
f,azita
f,azin taj
f,azineh
m,ardeshir
f,ara
m,arad
m,arad mohammad
m,araz
m,araz bakht
m,araz baradi
f,araz bikeh
f,araz bibi
f,araz taj
m,araz dardi
m,araz soltan
m,araz ali
m,araz qalch
m,araz gholi
m,araz mohammad
m,araz morad
m,araz vardi
f,araz gol
m,araz goldi
m,arazbakht
m,arazbordi
m,arazbi bi
m,araztaj
m,arazjan
m,arazahmad
m,arazdardi
m,arazdari
m,arazdordi
m,arazsoltan
f,araz sanam
m,araztavagh
m,arazgholi
m,arazmohammad
m,arazmorad
f,arazgol
m,arazgaldi
m,arazgoli
m,arazibi
m,arasb
f,arasteh
f,arasteh khanom
m,arasp
m,arash
m,araz mohammad
m,araz-e mangoli
m,arazi mohammad
m,aral
m,aran
f,aranos
m,aranoush
m,arayesh
m,arbab
m,arbab roqiyeh
m,arbabi
m,arbad
m,arbas
m,arbil
m,arbin
f,arta
m,arta arya
f,artadokht
m,artaria
m,artash
m,arta feren
m,artafarin
m,artan
m,ertagh
m,artaq bikeh
m,artaq vali
m,artman
f,artemis
m,artang
f,ertoghrol
m,artgin
m,artyan
f,artiq bi bi
m,artin
m,arj
m,arj mohammad
m,erja
m,arjasb
m,arjasp
m,arjan
m,arjab
m,arjab mohammad
m,arja'
m,arja'ali
m,arjali
m,arjmand
m,arji mohammad
m,arham
m,arakhsaa
m,orod
m,arda
m,ardak
m,ardar
m,ardsham
m,ardeshir
m,ardalan
m,ardam
m,ardan
m,ardavan
f,ardavisor
m,ardkam
m,ardakan
m,ordi
m,ardi dad
m,ardiyan
m,ordibehesht
m,ardin
m,arz
m,arz mohammad
m,arzat
f,arzande
f,arzum
m,arzin
f,arzineh
m,aras
f,orsa
m,arsalan
m,arsam
m,arsa men
m,arsan
m,arsay
m,aristoo
m,arastu
m,arsal
m,arsalan
m,arasman
m,arsan
m,arsoy
m,arsiya
m,arsima
m,arash
m,arsha
m,ershad
m,ershad hasan
m,arshasb
m,arsham
m,arshama
f,arshameh
m,arshan
m,arshan loos
f,arsha nush
m,arshavier
m,arshak
m,arshad
m,arshad ali
m,arshadali
m,arshadgholi
m,arshaz
m,arashmidus
m,arshan
f,arshnoosh
m,arshvir
m,arashk
m,arshakan
m,arshia
f,arshit
f,arshida
m,arshir
m,arshiz
f,arshin
m,arshin
m,arsalan
f,arziye
m,arghan
m,arghash
m,arghand
f,arghanon
m,arghava
f,arghavan
m,arqun
m,erfan
m,arfash
m,arfae
m,arfa'al
m,arlamin
f,eram
m,arma
m,armasb
m,armanak
m,armayel
m,ormozd
m,ermes
f,armagan
m,armand
m,ermakan
m,ermiya
m,armiya
f,armin dokht
f,arnaz
m,arnak
f,arnavaz
f,arnoosh
f,arniya
f,arnica
m,erham
m,aroo ja'ali
m,arvad
m,arotadnar
m,arooj
m,arooj ali
m,aroojali
m,aroozoo
f,aros
f,arusha
f,arosheh
f,aroom
f,arun
f,arona
m,arvand
m,arvin
f,ervin
m,arovin
m,arzhan
m,arzhang
m,arak naz
m,arkaz
m,arkan
m,arakam
f,arkânâz
f,arki naz
m,arkiya
f,orkide
m,arkin
f,arkinaz
m,arya
m,aryar
m,aryasb
m,ariaman
m,arian
m,aryak
f,ariha
f,oridis
m,aris
m,eris
f,arisa
f,arin
f,arin dokht
f,arina
f,arinab
m,ariyo barzan
m,aryobarzan
m,aryoush
f,erika
m,erika
m,azad
m,azad ali
m,azadkhan
m,azadali
m,ezal
m,azaveh
m,azbar
m,azbar ali
m,azbarali
m,azbo
f,azbeideh
m,azda
m,azdar
m,azadeh
m,azra'
f,azal
m,azlan
m,azlam
m,azmeri
m,aznaali
f,aznoosh
f,azhar
m,azhar
f,azur
f,ozgul
f,azitat
m,ozirن
m,asa
m,esa'il
m,asali
m,osam
m,osameh
f,asana
f,asaneh
m,asaee
m,aspar
m,estatira
f,estatira
m,estasis
m,ostanes
f,ostaneh
f,estabragh
m,estehagh
f,ester
m,astera
m,este'fa
m,estela maris
m,ostovan
m,ostok
m,esti
m,estiak
m,estir
m,setareh
m,estefa
m,asjad
m,eshaq
m,eshagh
m,eshaq ali
m,esfar
m,ashagh
m,eshaq ali
m,asad
m,asadollah
m,asadollah
m,asadollahi
m,asad khan
m,asad ali
m,asad morad
m,asad vardi
m,asadollah
m,asadollah
m,asadaldin
m,asadollah
m,asdollah
m,asadollah
m,asadali
m,asdollah
m,asadollah
m,asadi
f,esra
f,esraa
f,asrar
m,esrafil
m,esfail
m,esrail
m,esrarol
m,esfil
f,asri
m,asrin
f,esrin
m,esaad
m,asead
m,asadollah
m,aseadoddin
m,asadollah
m,esmail
m,esa'il
m,asghar
m,asfar
m,esfandiar
m,asfar
m,esfand
f,esfand dokht
m,esfandyar
m,esfandiar
m,esfandiar
m,esfand yar
m,esfandiari
m,esfandilar
m,esfandiar
m,esfandiar
m,eslam
m,eslam ma'ali
m,eslaleh
m,eslam
m,eslam baradi
m,eslam beg
m,eslam ali
m,eslam feli
m,eslam gholi
m,eslam mohammad
m,eslamali
m,eslamgholi
m,eslamoo
m,eslami
m,aslan
m,aslam
m,aslan
m,oslub
m,esm
m,esm ali
f,asma
m,asma
m,esmail
m,esmaeil
m,esmail zabih
m,esmat
m,esmatollah
f,asmar
m,esmail ali
f,asna
m,esfandiyar
m,esfandiar
m,eskandar
m,eshaq
m,eshaq
m,as'hal
m,asvar
m,asvad
f,osveh
m,aspatna
m,aspad
f,espanta
f,espanda
m,espano
f,spaco
f,espanta
m,aspenteman
m,espan dad
m,espandyad
m,espand yar
m,aspandiyar
f,espanuy
m,aspahbod
m,espitamen
m,espitman
m,espitman
m,eskandar
m,eskari
m,eskandar
m,esgandar
m,esi
m,asiyan
m,asir
f,asin
m,esin
f,asiyona
f,asha
f,ashavani
m,ashadad
m,eshar
m,ashtad
f,eshtar
m,oshtar
m,eshtiyagh
f,ashjan
f,eshdebanoo
f,ashar goldi
f,ashraf
m,eshragh
f,eshraghieh
f,ashrat
m,ashras
f,ashraf
f,ashraf asadat
f,ashraf al-hajiyeh
f,ashraf aldin
f,ashraf-ol-sadat
f,ashraf-ol-sadat
f,ashraf-ol-molouk
f,ashraf banoo
f,ashraf khantam
f,ashraf khanom
m,ashraf ali
m,ashrafali
m,ash'iya
f,ashli
m,eshmel
m,ashna
m,ashnas
m,oshhan
m,ashu
f,ashvagh
m,ashvan
m,ashodad
f,ashodokht
m,ashur dardi
f,ashuravi
f,ashvazad
m,ashofravahar
f,ashomehr
f,ashvachahr
f,ashk
f,ashk naz
m,ashkar
m,ashkal
m,ashkan
m,ashkbus
m,ashkash
m,ashki
m,ashkin
m,ashkan
m,ashyā naqli
m,ashir
m,ashil
m,ashin
f,ashieh
m,asbarali
m,as'hab
m,as'habali
m,eshaq
m,asdollah
m,asr
m,esfandiar
m,eszar
m,ostafa
m,asghar
m,esfand
m,asghar
m,asghar ali
m,asghar gholi
m,asghar mohammad
m,asghar ali
m,asfar
m,asl
m,asl-e aam
m,aslan
m,oslah
m,asli
m,aslieh
m,osmat
m,esmaili
m,osvāldin
m,asur
m,osool-aldin
m,aspeli
m,asil
f,asila
m,asila
m,asileh
m,azar
m,azar
m,azghar
m,azal
m,otbollāh
f,etra
m,otfah
f,atlas
f,atlasi
m,otmeh
f,athar
f,athareh
m,azam
m,azhar
m,eetebar
m,eetesam
m,eetemad
m,ejaz
m,ejaz ahmad
f,aeraf
m,eta' al-rahman
m,eta'ollah
f,o'tam
f,aezam
f,azam-ol-sadat
f,azam os-sadat
f,azamollah
f,azam ol-moluk
f,azamolmolk
f,azamollah
f,azam bi bi
f,azam javan
f,azam rahim
f,azam ghalle
f,azameh
f,azami
f,a'zan
f,azim
f,a'zam
m,a'ghool
m,aela
f,a'la noor
f,elaa
m,a'lā'aldin
m,ala
m,aya
m,ayan ali
f,agh gol
m,agha rahim
m,agha vali
m,agha gol
m,aghabi
m,aghali
f,aghje
f,aghdas
m,aghriras
f,aghzam
f,aghal bibi
f,aghl taj
f,aghol gol
f,aghltaghan
m,aghoul aman
m,aghoul babak
f,aghoul bakht
m,aghoul boldi
f,aghoul bak
m,aghoul beg
f,aghoul gol
f,aghooltaj
f,aghche
f,ava
f,efad
f,afaagh
f,afaq
m,afaqali
f,oft
f,eftaj
f,eftehaj
f,eftekhar
f,eftekharel
m,eftekharoddin
f,aftar
f,eftehaj
m,afkham
f,afdes
f,afdam
f,afra
f,efrah
f,afrakhte
m,afrad
f,afraz
m,afrasiyab
m,afrasiab
f,afrashte
m,afran
m,afraheem
f,afarzaneh
f,afrand
f,afrang
f,afru
f,afrukhte
m,afrod
f,afruz
f,afarooz dokht
f,afarooz pari
f,afruzan
f,afruze
f,afaroozpari
f,afrusheh
f,afrogh
f,afri
f,afarideh
m,afereydun
f,afrina
f,afarinesh
f,afzoon
f,afsan
f,afsane
f,afsar
f,afsar ol-molouk
f,afsar melook
f,afsaral
f,afsarbanoo
f,afsar khaton
f,afsarkhanom
f,afsar dokht
m,afsar ali
m,afsal
f,afsous
f,afsun
f,afsungar
m,afsin
m,afshad
m,afshar
m,afshar ali
f,afshan
f,afshaneh
m,afshabn
m,afshin
m,afshandeh
m,afshang
f,afshoon
f,afshid
m,afshin
m,afshin rahim
f,afshineh
f,afsaneh
m,afsah
m,afzal
m,afzaloddin
f,ofogh
f,ofoghre
m,aflatun
f,afnan
m,afvandi
f,afkār
m,afsh
m,afeez al-rahman
m,avin
m,afeek
m,agh owrli
m,agha oghli
m,agh beikeh
m,agh ghel
m,agh morad
m,aghaghiya
m,eghbal
m,eqbal ali
f,eqbal meydkht
f,aghbaleh
m,eghtay
f,aghdas
f,eghdam
f,aghdan
f,aghdas
f,aghdas al-saltanat
f,aghdas khatun
f,aghdas khanom
f,aghdas malook
f,aghdaseh
f,aghdasi
m,aghdam
f,aghdas
f,agharli
f,aqsam
f,aqsaneh
m,aghshin
f,aghleme
f,aqlima
m,eghlima
f,aqlimah
f,aghlimeh
f,eghlimiya
f,aqlieh
m,aghmorad
m,aghoushjan
m,aghvan
f,aqche
m,aghi
m,aghil
m,elistiyan
m,elay
m,elahe bakhsh
f,elara
f,elaroz
m,alarus
m,elah
m,elalya
f,elana
f,elahe
f,elahiyeh
f,elay
m,alayar
m,alp arslan
m,albatgin
m,alborz
m,albualhasan
f,olotafot
f,elteja
m,eltefat
m,eltfat ali
m,eltfat ali
m,oltavaad
m,oltfat
m,eltamas
m,altana
m,altanay
m,alton
m,elti
m,eltiyam
m,altinay
f,alhan
m,alhtram
m,alhaddad
m,alhaghli
m,alkham
m,oldeniz
f,oldoz
m,aldoozeh
m,alrahim
m,alrahman
m,alrahman
f,elza
f,elsa
f,alsa
f,alsaas
f,elsan
f,elsana
f,elsay
f,elshad
f,aleshan
m,alishan
m,elshan
f,aleshena
m,sefat ali
f,olotaf
f,olotfat
m,olfat ali
f,alaam
m,al-abbas
m,al-azeem
m,aleph
m,alfeh
m,alif khan
m,alvat
f,olfat
m,alfred
m,elfiyeh
m,alqas
m,alborz
m,allah
m,allahbakhsh
m,allah bakhshi
m,allahverdi
m,allah hossein
m,allahdad
m,allah rahm
m,allah reza
m,allah shotor
m,allah shakr
m,allah shakoor
m,allahgholi
m,allah mohammad
m,allah morad
m,allah mehdi
m,allah nazar
m,allah noor
m,allahverd
m,allahverdi
m,allahveran
m,allahverdi
m,allahviran
m,allah vizn
m,allah panah
m,allah karam
m,allahyar
m,allahshokr
m,allahgholi
m,elahhe
m,allahverdi
m,alahvandi
m,allahverdi
m,elaahi
m,allah yar
m,allahyar
m,elma
m,almar
f,almaz
f,almas
m,almas beg
f,almas khatoon
m,almas
f,elmeh gol
f,elmira
f,alamezra
f,elmais
f,elmina
f,elminaz
f,elen
f,elena
f,alnareh
f,elnaz
f,elnaz saadat
f,elnaz
m,alnas
m,alnaqi
m,elnor
m,allahdin
m,elah bakhsh
m,elah badasht
m,elaheh baran
m,elahe jaan
m,elah hosein
m,elahdad
m,elahe rahm
m,elahe rahim
m,elahe reza
m,elahe sajjad
m,elahe shekar
m,allahgholi
m,elham morad
m,elahe nazar
m,elahe noor
m,alahverdi
m,elahe varan
m,elah karam
m,elah karim
m,alahyar
f,elha
f,elham
f,elham
f,elham beyg
m,elham ali
f,elhamal
f,elhameh
f,elaheh
m,alhaddad
m,alahardi
m,alhashkar
m,alhaghli
m,alelm
m,elham
m,elham
m,alhomarad
f,elahe
f,elhā
f,elhamnaz
m,alhord
m,alhoran
m,elahibakhsh
m,elahi khan
m,eliyar
m,elaheyn bakhsh
m,elahiyeh
f,alva
f,alvan
m,alvand
f,elvira
m,alvis
m,elvin
m,alvina
m,olvieh
m,alper
m,elchin
f,olka
m,aleksandr
m,alkus
f,olga
m,algar
f,alyaa
m,eliya
m,elyas
m,elyad
m,elyar
m,elyas
m,elyas mohammad
m,elyasin
m,elyan
m,elyana
m,elita mohammad
f,elita
m,alikhani
f,elyra
f,ali raft
f,eliz
f,eliza
f,elizabet
f,elizeh
f,elis
f,elisa
m,alisa
f,elister
f,alishan
m,elyghan
f,elyas
m,elima
f,alima
m,elin
f,aline
f,elina
m,elina
f,elinaz
f,eliyeh
f,elika
m,elika
f,alam
f,om asad
f,omme batool
f,om al-banban
f,omme al-bani
f,omme lbanin
f,om-ol-banin
f,om-ol-banin
f,om-ol-banin
f,om al-habibeh
f,ommol salameh
f,om-ol-salimeh
f,om al-farvah
f,ommolbanin
f,ommol momeneen
f,omman nabi
f,om-ol-nabeyn
f,om al-nin
f,omme kolsoum
f,ommolkolsoum
f,omme leyla
f,omme leneen
f,omme banin
f,om amin
f,om aymen
f,omm-e banin
f,om habibeh
f,ome sarveh
f,ommol salam
f,omm salameh
f,omm salim
f,omm salimeh
f,om-e aamer
f,om far
f,omforooh
f,omolbanin
f,omolbanin
f,omol-kolsoom
f,om leila
f,om leili
f,omnesa
f,omnesa
f,omme hani
f,omvalad
f,omm kolthoum
f,omme kolthoom
f,om kalim
f,omme golsoom
m,ama
f,ama banin
m,amash
m,amaqoli
f,amalbani
f,ommolbanin
m,amam ali
f,emameh
m,aman
m,amanollah
m,amanollah
m,aman bakht
m,aman bas
f,aman bibi
m,aman bikeh
f,aman bi bi
f,aman taj
f,aman soltan
m,aman sehat
f,aman tala
m,aman ali
m,aman gholi
m,aman qalich
m,aman morad
m,aman nazar
f,aman nafas
f,aman niaz
f,aman gazal
f,aman gol
f,aman goln
m,amanollah
m,amanbay
f,amanat
f,amanda
f,amandardi
f,aman soltan
m,amanqoli
m,amanam mohammad
m,amanmohammad
f,amaneh
f,aman-gol
f,aman galdi
m,amani
m,amanollah
f,amaayta
m,amaayeen
f,amber
m,amin
m,ambiz
m,ematollah
f,emtis
m,emjad
m,amjad
m,amjad taha
m,amjad ali
m,mohammad azim
m,emdad
m,emdad ali
f,amdah
m,amrollah
m,amrollah
m,amir hossein
m,amr ali
m,amra
m,emra khan
m,emrah
m,emraad
m,ameraldin
m,amrollah
m,amerollah
m,emrah
f,emrataj
m,amirhossein
f,amordad
m,amardin
m,amarsan
f,amroziyeh
m,amerali
m,amrolla
m,amrollah
m,amrollah
m,amram
m,amirreza
f,amestris
m,amsar hossein
f,omme salameh
m,amsé
m,amaali
f,omme farve
f,amal
f,amal banin
f,amlak banoo
m,amlbanin
m,amlam ali
m,amelia
m,emmade
m,omid
m,ammir
m,amin
m,amanollah
m,amanollah
m,amin mohammad
m,aman morad
m,amanollah
m,amanqoli
f,amaneh baba
f,amaneh beygom
f,amaneh sadat
f,amaneh sa'adat
f,amenieh
f,ommolbanin
f,omme ayman
f,omme habibeh
f,ome firuze
f,ome leyla
f,ome leili
f,ameh nesa
f,ome nesa
f,omme hani
f,ome kathum
f,omm-e kalsoom
f,omm-e kalsoom
f,omm-e kolsoum
f,ome gol
f,ome golsoom
f,emahani
m,emvar
m,emvaleh
m,amur
f,omme kolsum
f,ami
m,amitis
f,ami hossein
f,ami gholi
f,ami mehdi
f,amya
m,amybn
m,amit
f,amitis
m,omid
m,omid ahmad
m,omid javan
m,omid r reza
m,omid reza
m,omid ali
m,omid gholi
m,omid ghalich
m,omid morad
m,omid najafi
m,omid goldi
m,omidollah
m,omidbakhsh
m,omidjan
m,omid hesam
m,omidhossein
m,omidreza
m,omidali
m,omidmohammad
m,omidmahdi
f,omidh
m,omide
m,omidvar
m,omididallah
m,amid hossein
m,
m,amir arash
m,amir abtin
m,amir ebrahim
m,amir abolfazl
m,amir ehsan
m,amir ahmad
m,amir arsalan
m,amir arsalan
m,amireshagh
m,amir as'ad
m,amir aslan
m,amir esmaeil
m,amir asghar
m,amir asf
m,amir aslan
m,amir azam
m,amir a'la
m,amir afshar
m,amir allah
m,amir alah
m,amir elahdad
m,amir oshan
m,amir akbar
m,amir bagher
m,amir bahram
m,amir bahador
m,amir behdar
m,amir behrooz
m,amir behzad
m,amir beg
m,amir taj
m,amir tohid
m,amir timur
m,amir jan
m,amir jafar
m,amir javad
m,amir hamed
m,amir hojjat
m,amir hosam
m,amir hossein
m,amir hasan
m,amir hossein
m,amir hamzeh
m,amir khadem
m,amir khan
m,amir khosrow
m,amir zada
m,amir reza
m,amir sasan
m,amir sa'ed
m,amir salar
m,amir saman
m,amir sajjad
m,amir sardar
m,amir saeed
m,amir salar
m,amir soleyman
m,amir soheil
m,amir siros
m,amir sina
m,amir shahrokh
m,amir shahin
m,amir shervin
m,amir shaban
m,amir shahrad
m,amir shahram
m,amir shahriar
m,amir sadeq
m,amir saleh
m,amir sadra
m,amir taha
m,amir taher
m,amir arif
m,amir abbas
m,amir abdollah
m,amir abdollah
m,amir erfan
m,amir azim
m,amir ali
m,amir ali akbar
m,amir ei
m,amir ghabas
m,amir fakhroddin
m,amir faraj
m,amir farrokh
m,amir farzad
m,amir fariborz
m,amir foad
m,amir ghasem
m,amir gholi
m,amir magh
m,amir malek
m,amirmahan
m,amir majid
m,amir mohsen
m,amir mohamkhad
m,amir mohammad
m,amir mahmoud
m,amir mokhtar
m,amir morad
m,amir mortezaei
m,amir morteza
m,amir masoud
m,amir moslem
m,amir mostafa
m,amir mo'eed
m,amir moein
m,amir mansour
m,amir mehdi
m,amir mehran
m,amir mahyar
m,amir musa
m,amir meysam
m,amir nader
m,amir naser
m,amir nasraddin
m,amir nasir
m,amir nowzar
m,amir navid
m,amir nezhad
m,amir hadi
m,amir hashem
m,amir homayoun
m,amir houshang
m,amir houman
m,amir vesagh
m,amir vali
m,amir parsa
m,amir pasha
m,amir parham
m,amir parvar
m,amir parviz
m,amir pashang
m,amir pour
m,amir pooriya
m,amir pezhman
m,amir payam
m,amir peyman
m,amir chehreh
m,amir kazem
m,amir kabir
m,amir kamal
m,amir kia
m,amir kianoush
m,amir keyvan
m,amir yasin
m,amir yazdan
m,amir yousef
m,amirarad
m,amirarta
m,amirarash
m,amirarsham
m,amirarman
m,amirarmin
m,amirariya
m,amiraryan
m,amirayin
m,amira
f,amira
m,amirebrahim
m,amirabolfazl
m,amiratabak
m,amiratork
m,amirehtesham
m,amirehsan
m,amirahsan
m,amirahmad
m,amirardelan
m,amirardavan
m,amirarsam
m,amirarsalan
m,amirarsha
m,amirarshan
m,amirarshad
m,amirarshiya
m,amirasad
m,amirasead
m,amir as'ad
m,amir esmail
m,amiresmaeil
m,amir esmail
m,amireskandar
m,amirashkan
m,amiraslan
m,amiraela
m,amirafraz
m,amirafshin
m,amireghbal
m,amiral
m,amiroddin
m,amirallah
m,amirallah
m,amiran
m,amirahoushang
m,amirakbar
m,amirakram
m,amirayyub
m,amirbabak
m,amirbarbod
m,amirbagher
m,amirbardiya
m,amirborna
m,amirbahador
m,amirbahamin
m,amirbehtash
m,amirbehrad
m,amirbahram
m,amirbehzad
m,amirbahman
m,amirbehnam
m,amirbehnud
m,amirtarokh
m,amirtohan
m,amir tiam
m,amir timur
m,amirsamen
m,amirjan
m,amirjavadan
m,amirjavid
m,amirjafar
m,amirjaefar
m,amirjamal
m,amirjamshid
m,amirjahad
m,amirjavad
m,amir-hafez
m,amirhafez
m,amirhamed
m,amirhami
m,amirhojjat
m,amirhosam
m,amirhesam
m,amirhesamoddin
m,amirhesan
m,amirhossein
m,amirhasan
m,amirhossein
m,amirheshmat
m,amirhamze
m,amirhamzeh
m,amirhayyan
m,amirheydar
m,amirkhosro
m,amirkhosrow
m,amirkhashayar
m,amirdara
m,amirdanesh
m,amirdavud
f,amirdokht
m,amirzulfaghar
m,amirrad
m,amirradin
m,amirrahmat
m,amirresa
m,amirrassam
m,amirrasul
m,amirrashid
m,amirreza
m,amirrohham
m,amirsasan
m,amirsalar
m,amirsam
m,amirsaman
m,amirsobhan
m,aamirsattar
m,amirsajjad
m,amirseraj
m,amirsarmad
m,amirsaedi
m,amirsaeid
m,amirsoleyman
m,amirsohil
m,amirsoheil
m,amirsepehr
m,amirsiyavosh
m,amirsina
m,amirshah
m,amirshahin
m,amirshayan
m,amirsharif
m,amirshamsoddin
m,amirshahab
m,amirshahryar
m,amirshakur
m,amirsaber
m,amirsadegh
m,amirsaleh
m,amirsadra
m,amirsadroddin
m,amirsiyam
m,amirreza
m,amir zia
m,amirziyaoddin
m,amirtaregh
m,amirtalab
m,amirtaha
m,amirtaha
m,amirtaher
m,amirabed
m,amiradel
m,amiraref
m,amirabbas
m,amirabdollah
m,amirabdollah
m,amiradnan
m,amirarshiya
m,amirerfan
m,amirata
m,amir ata
m,amirazim
m,amirala
m,amirali
m,amiremad
m,amir emad
m,amirfoad
m,amirfazel
m,amirfakhr
m,amirfaraz
m,amirfaramarz
m,amirfarbod
m,amirfarhan
m,amirfarrokh
m,amirfardad
m,amirfarzad
m,amirfarzam
m,amirfarzin
m,amirfarshad
m,amirfarshid
m,amirfarnam
m,amirfarham
m,amirfarhang
m,amirfariborz
m,amirfazlollah
m,amirfouad
m,amirfayyaz
m,amirghader
m,amirghasem
m,amirgholi
m,amirmomen
m,amirmalek
m,amirmakan
m,amirmatin
m,amirmojtaba
m,amirmajid
m,amirmohtashem
m,amirmehrab
m,amirmohsen
m,amirmohammad
m,amirmahmood
m,amirmahmud
m,amirmokhtar
m,amirmorteza
m,amirmortaza
m,amirmardan
m,amirmersad
m,amirmaseud
m,amirmasoud
m,amirmoslem
m,amirmashhud
m,amirmostafa
m,amir mosanef
m,amirmozafar
m,amirme'raj
m,amirmoez
m,amirmoin
m,amir mansour
m,amirmansur
m,amirmahbod
m,amirmahdi
m,amir mahdyar
m,amirmehrad
m,amirmehras
m,amirmehrdad
m,amirmehrgan
m,amirmahyar
m,amirmiad
m,amirmikail
m,amirnaser
m,amirnosrat
m,amirnezam
m,amirnavid
m,amirnima
m,amirnikan
f,amireh
m,amirhatef
m,amirhadi
m,amirhashem
m,amirhani
m,amirhedayat
m,amirhomayoun
m,amirhomayun
m,amirhemmat
m,amirhurad
m,amirhoushang
m,amirhoshang
m,amirhushyar
m,amirhuman
m,amirhoman
m,amirhezbar
m,amirvala
m,amirvahid
m,amirvesal
m,amirvafa
m,amirvahhab
m,amirparsa
m,amirpasha
m,amirpedram
m,amirparham
m,amirparviz
m,amirpuriya
m,amirpuya
m,amirpuyan
m,amirk
m,amirkaren
m,amirkazem
m,amir kazem
m,amirkamyar
m,amirkaveh
m,amirkabir
m,amirkarrar
m,amirkasra
m,amirkasra
m,amirkanean
m,amirkurosh
m,amirkusha
m,amirkushan
m,amirkiya
m,amirkiyarash
m,amirkiyan
m,amirkiyanush
m,amirkeyhan
m,amirkeyvan
m,amiri
m,amiryara
m,amiryasin
m,amiryahya
m,amiryadollah
m,amiryazdan
m,amiryaeghub
m,amiryal
m,amirieh
m,amiryusof
f,emisa
f,amil
f,amila
f,emilia
m,omaimah
m,omaymeh
m,amin
m,amin azad
m,amin
m,aminollah
f,aminoldokht
m,aminollah
m,amin beyk
m,amin taj
m,amin hossein
f,amin dokht
m,aminrahman
m,amin reza
m,amin salar
m,aminabbas
m,aminata
m,amin ali
m,amin mohammad
m,amin nasiri
m,aminpasha
m,amina
f,amina
m,aminebrahim
m,aminahmad
m,aminoddin
m,aminollah
m,aminollah
m,aminaté
m,aminhossein
m,aminreza
m,aminsalar
m,aminsajjad
m,aminsadra
m,amintaha
m,aminali
m,aminmohammad
m,aminmahdi
f,amineh
m,amineh agha
m,aminparsa
m,aminollah
f,om-ol-banin
f,omm kolthoum
m,an beiki
m,an ghorban
f,anna
f,ana
f,ana bakht
f,ana bikeh
f,ana taqan
f,ana dardi
f,ana soltan
f,ana saht
f,ana qolich
f,ana mohammad
f,anaaraz
f,anabakht
f,anabel
f,anabiram
f,anataj
f,anadardi
f,anadordi
f,aban
f,anar taj
f,anaram
f,anargol
f,anari
f,anasahat
f,ana ghorban
f,anaghli
f,anaghelich
f,anali
f,anam
f,anamollah
f,anamolah
f,anamohammad
f,anamorad
f,anamgholi
f,anahita
f,anahid
f,anapolad
f,entesar
m,entezar
m,enteha
m,anjan
m,anjeh
m,anji
m,andar
m,andranik
m,andarz
m,andro
m,andariman
m,andaman
m,andi
m,andiyan
m,andish
m,andisheh
m,andishe
m,anzar gol
m,anzaliye
m,anas allah
m,ensān
m,ensānollāh
f,anse
f,ansi
m,ensi
f,ensiyye
f,ansiyeh begam
f,ansiyeh begom
f,ansiyeh hoori
m,anshan
m,ansar
m,ansarollah
m,ensaf
m,ensaf ali
m,ensafali
m,enaam
m,enaam al-din
m,enaamollah
m,enaam-ol-lah
m,enaam ali
m,enaamali
f,anfal
m,enlaamollah
m,anmid
f,aneh bay
f,aneh bikeh
f,aneh bibi
f,anah taj
f,aneh taghan
f,aneh jan
f,aneh jamal
f,anah khanom
f,aneh dardi
f,aneh ali
f,aneh ghorban
f,aneh gholi
f,aneh mohammad
f,aneh morad
f,aneh molla
f,aneh ka'beh
f,aneh gol
f,anhar
f,anvar
m,anoushiravan
m,anvar
m,anvar
m,anvar ol-zaman
m,anvarollah
m,anvar mohammad
f,anvarol
f,anvarolmoluk
f,anoos
m,anush
m,anushzad
f,anusha
m,anush takin
m,anushervan
f,anushe
f,anoushe dokht
f,anousheh ravan
f,anoshak
f,anushka
f,anoushkhzad
m,anooshiravan
m,anushirvan
m,anooshiravan
f,anzhila
f,angareh
f,angabin
m,angoor
f,angizeh
f,aniyaz
f,aniba
f,aniran
f,anis
f,anis agha
f,anisa
f,aniseh
f,anison
f,anisi
f,anifeh
m,anim
f,anizh
f,anikeh
m,aham
f,ehteram
m,ahad
f,ehda
f,ehdiyeh
m,ahar
m,ahrab
m,ahram
m,aharom
m,ahran
m,ehsan
f,aheste
m,ahl-e iman
f,ehlaam
f,ahliyeh
m,ahnavad
f,ahnos
m,ahangarian
m,ahvat
f,ahoojan
m,ahura
m,ahura mazda
m,ahoradad
m,ahoramazd
m,ahoun
f,ahunavar
f,ehijan
f,ahid
f,ahidé
f,ahin
f,ojan
m,avat
f,avaz
f,ovat
f,owalfazl
m,evan
f,evan taj
f,owtana
f,otaghirjan
f,ojagh
f,ojan
m,ouhollah
m,owhad
m,ohdoddin
m,okhan
f,oukhtay
m,okhtay
m,avakhshiya
m,omid
m,odat
m,odeh ghorban
m,owr ja'li
m,owraz
m,oraz ali
m,orash
f,orashi
f,ooral
m,oraman
m,owraman
f,oran
f,oranus
f,oranoush
m,orakim
m,orj
m,orooj ali
m,orja'
m,orjali
m,orkhan
m,orkhalی
m,ordad
m,oraman
m,ormazd
m,ormozdyar
m,owrand
m,owrang
m,orneeb
f,urnina
m,orhan
m,orouj
m,orouj ali
m,oroojali
m,arouy
m,orakat
m,oriya
m,orya
m,oryad
m,orees
f,orisa
f,orina
f,oreinab
m,ozan
m,ows
m,avesta
m,oostaneh
m,osvat
m,oush
m,oshang
m,osha
m,oshhang
m,oshidar
f,oghol boldi
f,oghol bikeh
f,oghol sona
f,oghol shekar
f,oghl naz
f,oghol nazok
f,oghol sultan
f,oghol niaz
f,ogholur
m,ofia
m,olad
m,uljaytu
f,oldoz
f,oli
m,olia
m,olia gholi
m,olia
f,evelin
f,omatī
m,onay
m,unik
f,opek
m,ochar
m,ozhan
m,oktay
m,oyan
f,avita
m,oveys
m,oveis
f,ovisa
f,ovishé
f,avin
m,avin
f,evinar
m,aprang
m,aprovand
m,aparviz
m,aprovej
m,aparin
m,apiyeh
m,achal
m,achmad
m,azhdar
m,ezdarali
m,ezhderi
m,ezhang
f,azheeka
m,akbai
m,akbar
m,akbar khoda
m,akbar reza
m,akbar ali
m,akbar khan
m,akbarreza
m,akbarali
m,akbar gholi
m,akbari
m,oktay
m,akdash
f,akdām
m,akar
f,ekram
m,ekram-ollah
m,ekram beg
f,akram
f,akram-ol-sadat
f,akram-ol-molouk
f,akram banoo
f,akram begom
f,akram khatun
m,akram khan
f,akram khanom
m,akram ali
m,akramal
m,akramali
f,akrameh
m,akrnam
m,akaroo
m,akarak
f,oksana
m,eksir
m,ekliya
f,aklil
m,eko
m,akvan
m,akbar
m,akeed ali
m,akir
m,akiram
f,akieh
m,ogtay
m,agrin
m,oghleh
m,aghoman
f,eybike
f,ei bi bi
f,ei tagher khanom
f,ey tak
f,ejarn
f,aydin
f,ehsan
f,ehsan
f,aysouneh
f,ey lar
f,elaan
f,ei mahammad
f,ei mohammad
f,eyhan
m,aya z
m,aya solt
m,ayat
m,iyad
m,ayaz
m,ayar
m,ayaz
m,ayazi
m,ayaz ali
m,ayam
m,aybak
m,ayat
m,ayatollah
m,ayatollah
m,eta
m,ita
m,itaj
m,ayatollah
f,eytok
f,eytak
f,eytek taz
m,eitkin
m,esaar
m,isar
f,ejaz
f,ejaz ali
f,eijan
m,eid
m,eyd morad
f,aida
m,iyda
m,eydalh
m,aidan
f,aydana
m,aidin
m,aidar
m,idris
m,eydghadi
f,ideh
m,eydun
m,aydin
m,aiding
m,eir
m,iras
m,iraj
m,eraman
f,iran
f,iran banu
f,iran taj
f,iran khanom
f,iran dokht
f,iran zaman
f,irān nāz
m,iran panah
f,irana
m,irana
f,irānbānū
f,irantaaj
f,irandocht
f,irandookht
m,iranshah
f,iranshid
f,irānmehr
f,irane
f,iraneh
f,irano
m,iranyar
f,irānik
m,ebrahim
m,irach
m,irta
m,iraj
f,iraj taj
f,iraj dokht
m,irajali
f,irsa
f,irma
m,irman
f,irman
m,iren
f,iren
f,irena
m,irenia
m,ervan
m,eiraj
f,iryana
f,iris
f,irin
m,eirik
m,iz
m,iza
f,izabel
f,isabella
m,izad
m,izad panah
m,izadollah
m,izad bakhsh
m,izadbod
m,izad dad
m,izaddad
m,izad rad
m,izad mehr
m,izadvand
f,izad chehr
m,izad goshasb
m,izadgushasp
m,izad yar
m,izdiyar
m,izangol
m,izeh
m,izi
f,eysa
f,isatis
m,isaagh
f,eysaal
f,eysam
f,eysana
m,isadvastar
f,aysieh
f,esh bay
m,isha
m,eshaghollah
m,asha
m,eshaghollah
m,eshalleh
m,eshaallah
m,eshaan
m,eshan dordi
m,eshan gholi
m,eshan mohammad
m,eshanghali
f,eshangel
f,ishtar
m,ishtovigo
f,ayshe
f,eiz gol
f,eiza gol
f,ezaan gol
f,eizagol
f,eizan gol
m,efad
m,ighan
f,il atara
m,il ana
m,eil aman
m,il iman
m,eil biglar
m,eil beigi
m,il tai
m,ilkhan
m,ilram
m,ilshan
m,eil mohammad
m,eil morad
f,eilnaz
m,il nur
m,il ay
m,eyla
m,ila
m,ilaar
m,ilaf
m,ilaman
f,ilana
f,ilayda
m,ilbra
m,iltay
m,ilhan
m,ilkhan
m,ilkhani
f,ilda
m,ilda
m,ildar
m,ildorom
m,ildniz
f,ildir
m,ildirim
m,ilray
f,eilrond
m,ilsa
m,ilsana
f,ilshad
m,il shad
m,ilshan
m,il shan
m,il ghar
m,ilgar
m,illar
f,ilma
m,il maz
m,ilmaz
m,il man
f,ilman
m,il mah
m,il nar
f,il naz
f,elnaz
m,ilhan
m,iloosh
m,ilpiya
m,ilchin
f,ilka
m,ilkan
f,ilkay
m,ilkin
m,ilgar
f,eli
m,iliya
m,il yad
f,iliad
m,il yar
f,ilyar
m,il yaz
m,ilyas
m,iliyan
f,ilyana
f,ilim
f,ilika
m,iligan
f,eima
f,emaa
m,emaan
m,imaz
m,imamali
m,iman
m,imanoddin
m,iman allah
m,iman taj
m,iman ali
m,iman gholi
m,iman vardi
m,imana
m,imanali
m,imanfar
m,emanqoli
m,imaneh
m,emanvardi
m,imad reza
m,ayman
m,imen
m,aymanali
f,imaneh
f,ima
m,eymoor
m,ein ali
f,inaz
f,inas
m,inas
m,inana
m,inja
f,aynas
m,einman
f,eihab
m,ihab
m,eve
m,eiva
f,eva
f,ivaz
m,eyvalhasan
m,eivalfazl
m,eyvāleh
f,eyvan
m,ayoub
m,ayyub
m,ayub ribvar
m,ayoub ali
m,ayoub mohammad
m,ayoubali
m,ayvaz
m,eyvaz
m,ayumeh
m,ayvona
m,evi
m,ayoub
f,ipak
f,ipek naz
f,ipeknaaz
f,eypak
m,aikan
f,ayegna gol
m,eib
m,iyta
m,baba
m,babak
m,baqr
m,ba yaramali
m,ba yazid
m,bab
m,babollah
m,babolh
m,bab ali
m,baba
m,baba ahmad
m,baba allah
m,babaaleh
m,baba jan
m,baba hasan
m,baba khan
m,baba ali
m,baba gholam
m,baba gholi
m,baba qoli
m,baba morad
m,baba karam
m,babajan
m,babajani
m,babakhan
m,babakhani
m,babakhon
m,babasarg
m,babaali
m,babamohammad
m,babamorad
f,baban
m,babanzar
m,babak
m,babakaram
m,babagol
m,babaya
m,babayar
m,baber
m,babali
m,babol
m,babelollah
m,baboli
m,babe
m,babe ghani
m,babe molla
m,babeh kalan
f,babos
m,babuy
m,babak
m,babak fayazi
m,babakr
m,babakn
m,babaki
m,babi heidar
m,babi mohammad
f,babilan
m,babik
m,batman
f,batouf
m,batis
f,batinok
f,batink
m,bajelan
f,baji
f,baji khanom
f,baji qaz
f,baji gol
f,bakhtar
m,bad mohammad
f,badam
f,badamak
m,badan
f,bader
m,badram
m,bad saba
m,badelali
m,badlis
m,badinan
m,bazan
m,barat
m,barad
f,baran
f,barana
f,baraneh
f,baranak
f,barani
m,barak
m,barbod
m,barz
m,barz ali
m,barezan
m,barsin
f,baresh
m,barshin
f,bareghe
f,barli
m,barman
f,barank
f,barang
f,barusheh
f,baran
m,bari
m,barya
f,baryam
f,barita
f,bariz
f,barizan
m,barisan
m,barish
f,barin
m,barin
f,baringle
m,barikan
m,barikkeh
m,baz ali
m,baz mohammad
f,bazaan
m,bazban
m,bazargan
m,bazmohammad
f,bazneh
f,bāzū
f,bazur
m,baziyar
m,bazyar
m,bazyan
m,bazid
m,bazideh
m,bas
m,basam
m,basak
m,bastan
f,bastiyan
m,bastin
f,basting
m,baset
m,basel
m,basem
f,basemeh
f,baskar
m,baskān
f,basin
m,bashar
f,bashan
m,bashu
m,bashvan
m,bashur
m,bashook
m,bashi
f,bashila
m,ba aziz
f,bagh dehgal
f,baghan
m,baghban
f,baghdagol
f,baghdeh gol
f,baghde goli
m,baghsh ali
f,baghcheh gol
f,baghi
f,bafarin
m,bagher
m,bagher beyg
m,baghala goli
m,baghi
m,baghi mohammad
m,baghiye
f,baghiyeh
f,bal-e bibi
f,bal qaz
m,bal mohammad
m,bala
m,bala aghlan
m,bala oghlan
f,bala begam
f,bala begom
f,bala khanom
f,bala khanoom
f,bala nesaa
m,bala keshi
f,bala gol
m,balaoghlan
f,balabaji
f,balabegim
f,balaje
m,balakhan
f,balakhanom
m,balamohammad
f,balan
f,balanaaz
f,balansa
f,balansa
m,balavardi
m,balakash
f,balagol
f,balagaldi
m,balayis
m,balban
m,balesi
m,bal'ali
f,balqaz
f,balande
f,baloota
m,baluy
m,balviz
m,balk
f,bali
f,balideh
m,balimorim
f,balin
m,bamdad
m,bamsolemeh
m,bamshad
f,bamak
m,bamgāh
f,bami
m,bamin
f,bamin
m,bamik
f,bamik
f,bamika
m,bantea
f,banari
f,banel
f,banu
f,banu baji
f,banu khanom
f,banu khajasteh
f,banoo dokht
f,banu zeinat
f,banu shams
f,banoo sadriye
f,banoo mahvash
f,banu narjes
f,banu nosrat
f,banu noveyri
f,banu parvin
f,banu gashb
f,banavaz
f,banuram
f,banufarokh
f,banonsad
f,banuka
f,banugoshasb
f,banknaz
m,bangh
m,bani
f,baniyeh
m,banipal
m,baher
m,bahram
f,bahereh
f,bahleh
m,bahonar
m,bahoz
m,bahak
m,bāhif
m,bava
f,bavan
m,bavar
f,bavar jan
f,bavoshin
m,bavand
m,bavaneli
m,bavil
f,bavin
m,bapook
m,bapir
f,bapiv
m,bāžār
m,bazheh
f,bajuran
f,bajir
m,bak
m,bakzar
f,bakut
m,bakur
m,bagro
m,bageh
m,bayjan
m,bayhasan
m,bayqolis
m,bay mohammad
m,baya
m,bayar
m,bayam
m,baytgin
f,bayekh
m,bayramali
m,bayramali
m,bayram
f,bayram bikleh
f,bayram bi bi
f,bayram taj
f,bayram dardi
m,bayram dordi
m,bayram soltan
m,bayram ali
m,bayram qoli
m,bayram qolich
m,bayram mohammad
m,bayram morad
m,bayram gol
m,bayram goldi
m,bayramali
m,bayramgholi
m,bayramgol
m,bayran
f,bayram bi bi
f,bayram dardi
f,bayram mohammad
m,bayramali
m,bayri
m,bayri sufi
m,bayz
m,bayzid
m,bayzi
m,ba yazid
m,bayeste
m,bayesteh
m,bayz
m,bayef
f,baynam
m,bayandar
m,bayandur
m,bayk
m,baygān
m,babr ali
m,babraz
m,beboud
m,babak
m,bebir
m,bebish
m,batolhoda
m,bet nāghun
m,betam
m,betav
f,batsabeh
f,batman
f,beto l
f,batul
f,batool begum
f,batool hasani
f,batool mitra
m,batiya
m,betis
f,betisa
f,betil
f,betin
f,betina
f,batiyeh
m,bosainah
f,bejan
m,bejrog
m,bahani
m,bahjat
m,bahr
m,bahri
m,bahriyeh
m,bahzad
m,bohayra
f,bakhtafarid
m,bakht afarin
f,bakht avr
f,bakht bi bi
f,bakht gol
m,bakhtavar
f,bakhtovan
f,bakhtvar
f,bakhti
f,bakhti niaz
f,bakhti gol
m,bakhtyar
m,bakhtiar
m,bakhtiari
m,bakhsh allah
m,bakhshollah
m,bakhsh alab
m,bakhsh ali
m,bakhsh morad
m,bakhsha
m,bakhshan
m,bakhshayesh
m,bakhshaayesh
m,bakhsdar
m,bakhshali
m,bakhshali allah
f,bakhshande
m,bakhshi
m,bakhshi jafarudi
f,bakhshin
m,bakhshiner
m,bakhit
m,bodaram
m,badaqali
m,badalāhad
m,badalrezza
m,badollah
m,badalah
f,badakhshan
m,badr
f,badr jahan
f,badr monir
m,badraq
f,badrojjamal
m,badr al-din
f,badrozzaman
f,badrolmoluk
m,bedram
m,badran
m,badreh
f,badri
m,badriyeh
f,badan gol
m,badir
m,badireh
m,badie
m,badi' allah
m,badi'ollah
m,badieozzaman
m,badi'e
m,badiee
m,badi' al-zaman
m,badil
m,badil siyas
m,bedin
m,bar jam
m,barālin
m,barā khās
m,barā
m,barat
m,baratollah
m,baratollah
m,barat ali
m,barat mohammad
m,barataleh
m,baratali
m,baratgholi
m,barat mohammad
m,barakhas
m,bara khas
m,barakhaste
m,barakhan
m,baradar
m,bara dost
m,barar
m,barar khas
m,bararjan
m,barar aziz
m,bararali
m,barari
m,baraz
f,baraza
m,barazan
m,baraz man
m,barazande
f,barazak
m,barat ali
m,baraziz
m,barali
m,barafas
m,beram
m,baranazar
m,baranush
m,baraham
m,barahim
m,barav
m,barajjar
m,berayka
m,bertav
m,bartan
m,barteh
m,barj ali
m,borj ali
m,borjasپ
m,barjali
m,barkhordar
m,bardash
m,bardan
m,bordbar
m,bardel
m,bardi
m,bardi qoli
m,bardi qolich
m,bardi mohammad
m,bardi niaz
m,bardiya
m,bardia
m,bardis
m,bardin
m,barz
m,barzazar
f,barzafarid
m,barzāfarin
m,barzam
m,borzan
m,barzav
m,barzfar
m,borzfari
m,barzma
m,barzmand
m,borz mehr
m,barzan
m,barzaham
m,borzu
m,borzuyeh
m,barzuyeh
m,barzegar
f,barzi
m,barzin
m,barzin dad
m,barzinmehr
m,barzin mehr
m,barziyeh
m,borsa
m,barsaba
m,barsam
m,barsan
m,barsavash
m,barستو
m,barasam
f,barsomeh
m,barsian
f,barsil
f,barsin
m,barsham
m,barshan
f,boroshna
m,bareshnom
f,borshid
m,barshid
f,barshio
m,barsisa
f,barf ab
f,barfa
m,barfab
f,barfeh
f,barfi
m,barfin
f,barfin
f,bargheh
m,bereliyan
f,baryan
m,barmal
m,barmayun
m,barmak
m,borna
f,bernadet
m,bernadet lazr
f,borna dokht
m,bernard
m,barnoosh
m,barang
m,barniyan
m,barhad
m,borhan
m,borhan ahmad
m,borhān al-haq
m,borhanoddin
m,borhān al-dīn
m,barham
m,barhaman
m,barhamand
f,barhon
m,boro niaz
m,barva
m,borvar
m,borvān
f,boravaneh
m,boruj ali
m,boroujali
m,boruz
m,boruzieh
m,boruskān
f,boruske
f,borufe
m,borumand
m,borviz
m,borvin
m,barpars
m,barchav
f,berzhan
f,berzhang
f,barzhang
f,berjool
m,borkan
m,barkav
f,berkay
m,barekat
m,barakatollah
m,barekatollah
m,barkali
f,berke
m,borku
m,barekiarogh
f,barg
f,bargam
m,bargash
m,bargali
f,bargin
f,bari
f,barya
m,beryar
m,baryan
f,beritan
m,barihe
m,barid
m,borayd
f,bari dokht
m,borair
m,beriz
f,brisa
m,briske
f,barin
m,barindar
f,birindareh
f,barivan
f,biryush
m,berikar
m,bezat
m,bezad
f,bezan
m,bozorg
m,bozorg omid
m,bozorg mehr
m,bozorgali
m,bozorgmehr
m,bozorgvar
m,bazman
m,bozotnaveh
m,bazvin
m,bozak
f,bazin
m,bas azarakhzin
f,bas nasa
f,bas gol
f,basarang
m,basat beg
m,basatali
m,bassam
f,bassame
f,bast gol
f,basta
m,bestam
m,bostanali
f,bostaneh
m,bastar
f,baste nesa
f,baste gol
m,bostur
m,bastak
f,basti
m,bastir
m,basrim
f,basrin
m,bastam
m,besa'ad
f,besmeh
m,basnah
f,basandeh
m,basneh
f,basseh
m,basud
m,besooz
f,basi
m,basira
m,basim
m,basimeh
m,basin
m,basieh
m,basyahi
m,bashar
f,besharat
m,bashaar
m,bashtar
m,bashtasb
f,bashdar
m,beshr
m,bashar doost
f,boshra
f,bashreh
f,boshra
f,boshra
m,basham
m,beshe
m,bashutan
f,bashku
m,bashir
m,bashir ahmad
m,bashir mohammad
f,bashireh
m,basam
m,basra
m,basreh
f,basri
m,basrin
f,basriyeh
m,bazzi
m,basir
m,basir tajik
m,basira
m,basir al-din
m,basirollah
m,basiralloh
m,basirat
m,basireh
f,botol
f,beesat
m,bazad
m,baqoob
m,bāyā
m,boghra
f,bafran
f,befranbar
m,bafrav
f,bafrin
m,bagha
m,baqrat
m,baqiyatollah
m,baqiyatollah
f,belar
m,balash
m,balashan
m,balaghali
f,balaqat
m,belal
m,belal al-din
f,belalook
m,belbas
f,bolbol
f,balghith
f,balghis
f,bolqabas
m,balqar
f,belghiya
f,balqis
f,balqis
f,balqis
f,balqis
m,balmaslam
m,balan
f,belanjeh
f,bolandi
m,bolvar
f,balvazh
f,balut
m,balood
f,bolur
f,boluran
m,bolurkhānom
f,boloorin
m,bolurin
f,balut
m,baluch
m,bolook
m,bolvir
f,belka
m,baliyan
m,belizid
f,beliseh
m,baliqs
m,balil
m,belimet
f,belin
m,belinda
m,bamali
m,beman
m,beman jan
m,beman ali
m,bemanali
m,bemanma'li
f,bemané
f,bemani
m,bemanam
m,bamerdad
m,bemooni
m,ben
m,ben il
m,ban ya min
m,ben yamin
f,banat
m,banar
f,banāras
f,benaz
m,banaqali
m,benamin
m,banan
m,banāhat
f,banav
f,benavan
f,bint al-mahdi
f,bint al-huda
f,bint al-huda
f,bint al-huda
f,benta
f,bentolhosna
f,bentolhoda
m,benjamin
m,bondar
f,bandar
m,bandan
m,banduy
f,banrakh
m,bensan
m,bonsad
f,banafsh
f,banafshe
f,banan
m,benhor
m,banu shah
f,benushe
f,bengin
m,boni
m,boni ahmad
m,bani allah
m,bani allah
m,boni bakhsh
f,boni khatoon
m,boni mahd
f,baniya
m,benyam
m,bonyam
m,bonyamen
m,benyamin
m,bonyan
f,benita
f,banin
m,boniyeh
m,bani hashem
m,beh ain
f,beh azin
f,beh afarid
f,beh afarin
f,beh aayin
f,beh afrid
f,be tām
f,beh khaton
f,be dokht
m,be rad
m,beh farin
f,be naz
f,be negar
m,beh pur
f,beh gol
m,be yazdād
m,beh afarid
m,beh afarin
m,behayin
m,baha
m,bahā' al-dīn
f,baha regal
f,baha
f,bahaa
f,bahā' al-dīn
m,bahaoddin
f,bahā' al-dīn
m,bahador
m,bahador
f,bahadreh
m,bahador
m,bahādin
f,bahar
f,bahar al-din
f,bahar khanom
f,bahar ali
f,bahar gol
f,baharafarin
f,bahara
f,beharam
f,baharan
f,bahardaldin
f,bahar dokht
f,bahar rokh
f,baharzahra
f,bahar sa
f,bahareali
f,baharfateme
f,baharlu
f,baharnaz
f,bahar naz
f,bahare
f,baharak
f,bahar gol
f,bahari
f,baharin
f,bahariyeh
f,bahaldin
m,baha' al-din
m,behamad
f,bahamin
m,bahamin
f,behan
f,behan dokht
f,bahaneh
f,bahani
m,bahavar
m,bahavand
f,behbaz
m,beh bod
m,behbaman
m,behbahan
m,behbud
m,behbood ali
m,behboudali
f,behta
f,behtab
f,behtaj
m,behtash
m,behtam
m,behtadr
m,behtar khanom
m,behtari
m,behtarin
m,behtis
m,behtin
f,beh sana
f,behjat
m,bahjatollah
m,behjat khanom
m,behdad
m,behdaavar
f,beh dokht
m,behdar
m,behdokht
m,beh dust
m,behdis
m,bahdin
m,beh din
m,behra
m,bahrab
m,behrad
m,behraz
m,bahram
m,bahrām bardi
m,bahrām bīkā
m,bahrām bībī
m,bahrām hoseyni
m,bahrām dardi
m,bahrām sa'id
m,bahrām soltān
m,bahrām ali
m,bahrām qoli
m,bahrām mohammad
m,bahrām nazari
m,bahrām vardi
m,bahrām gol
m,bahrām goldi
m,bahramsah
m,bahramali
m,bahrāmqolīch
m,bahraman
f,bahrame
m,bahran alin
f,bahraneh
m,behrtag
f,beh rokh
f,beh rokhsar
m,bahredar
m,bahrzu
m,bahrali
m,bahrām
m,bahraman
m,behrang
f,bahre
m,bahre ali
m,bahremand
m,bahrevar
f,beh ru
m,beh ravan
m,behroukh
m,behrud
m,bahravar
m,behruz
m,behruzan
f,behruze
m,behroosh
m,behrouh
m,bahrish
m,bahram
m,beh zad
m,behzad reza
m,behzad ali
m,behzadan
m,behzad hossein
m,behzadreza
f,behsa
f,behsam
f,behsan
f,beh seta
f,behestan
m,behestun
m,behsud
m,behsodan
m,behshad
f,behshar
f,behesht
f,beheshte
f,beheshti
f,behshneh
f,behshid
m,behshid
m,behfam
m,behfar
m,bahlark
m,bahlur
m,bohlul
m,baham
m,behmatn
m,behmard
m,bahman
m,bahman bar
m,bahman hossein
m,bahman dad
f,bahman dokht
m,bahman ali
m,bahman gholich
m,bahman yar
m,bahmanam
m,bahmandad
m,bahmanzad
m,behmanesh
m,bahmanali
m,bahmanyar
m,bahmaniyar
m,bahman shir
m,bahamkan
m,bahmyar
m,behnad
f,beh naz
m,beh nam
m,bahnām hossein
m,bohneh
m,bahno
f,behnavaz
m,behnud
f,behnora
f,behnush
m,bahnia
m,behniya
m,behvaran
f,behush
m,behvand
m,behpor
m,behchat
m,behak
m,behkam
f,behkameh
m,behgam
f,behgol
f,bahi
m,behi
f,behiy al-din
f,behirukh
m,bahyā
m,beyad
m,behyad
m,bahyār
m,behiyan
f,behi dokht
m,bahirakh
m,bahire
m,bahiz
f,behin
m,behin
f,behin banu
f,behin dokht
f,behina
m,behina
f,behin dokht
m,behin mehr
f,behineh
m,behiyeh
f,bahiyeh
m,bavaj'ali
m,bavar
m,bavlhasan
m,bovalfazl
m,bubar
m,buban
f,bobak
m,butan
f,botman
m,boteh
m,botimar
m,buje
f,boxtar
m,bokhsha
m,boudian
m,boozar
m,boozar jomhoor
m,boozarjamahr
m,burab
m,borabak
m,booran
f,booran dokht
m,burak
m,burbash
m,borzoor
f,borla
m,burmand
m,boring
m,burhan
f,borčin
m,borzhak
m,borzhin
m,booriya
m,boorir
m,bozorgmehr
m,boozli
m,boozo
f,bustan
m,bustan afroz
m,bustan ali
f,bustane
f,buseh
m,bousian
m,buali
m,buali sina
m,bolfazl
m,bolud
m,boman
m,bomanali
m,bumani
f,bonkhosh
f,bondar
m,bunam
m,boopar
m,boochan
m,bozhan
f,buzhane
f,bozhneh
f,bukan
f,bokboyani
m,boge
m,bouya
m,boyar
m,buyan
f,boeen
f,boyeh
f,bachkul
m,bejar
f,bezhdar
f,bazhen
f,bazhna
m,bazhvar
f,bejool
f,bezhvin
f,bezhin
f,bezhyo
m,bak baba
m,bak dardi
m,bak dordi
m,bak mohammad
m,bak mirza
m,bak niyaz
m,beka'
m,bekah
m,baktash
m,bakreh
m,bokshad
m,bak'ali
f,bakam soltan
m,bakyash
f,bokim jan
m,bag hosein
f,bag doosti
m,beg reza
m,begzadeh
m,bag mohammad
m,bag morad
m,bag mirza
m,baghdad
m,bagash
f,baghāh
m,baghzadeh
m,baghshir
m,baghali
m,baglar
m,begam
m,begam jan
m,bagmorad
m,beganj
f,begom jan
m,biyun
m,biya za'li
m,bia na
m,bayat
m,bayatollah
m,biarash
m,biyaz
m,biyaz ali
m,biyazid
m,biyaz
m,biyaz ali
m,biyazali
m,biyam
m,biyamen
m,bayan
m,bayanollah
m,bayanollah
f,bayan dokht
m,bayanali
f,biyāneh
m,bibollah
m,bibak
m,biboon
f,bibi
f,bibi khanom
f,bibi khavar
f,bibi raf'at
f,bibi zahra
f,bibi sara
f,bibi soltan
f,bibi salimeh
f,bibi sakineh
f,bibi soghra
f,bibi tahereh
f,bibi aisheh
f,bibi mah
f,bibi maryam
f,bibi naz
m,bit
m,bite alah
m,beytollah
m,beytollah
m,beyt ali
f,bita
f,bitadokht
m,bitavan
m,bitekhsh
f,bitoq
m,bitek
m,beytollah
m,bid heydar
m,bida
m,beyda
f,bidād
f,bidar
m,bidar
m,bidollah
m,bidaleh
f,bidokht
m,bi del
m,meshk bid
f,bideh mona
f,bid gol
f,bidgol
m,birā m goldi
m,bayram
m,biram bardi
f,birām bī bī
f,birām tāj
f,birām taqān
m,birām ali
m,birām qoli
m,birām qolich
m,birām mohammad
f,birām gol
f,birām goldi
m,biramali
m,birbakhsh
m,bir san
m,birshad
m,birma'ali
m,biror
m,biruz
f,birun
m,birga
m,biri
f,biryā
f,birifan
m,birivan
m,bizar
m,bizan
m,bisarān
f,bisan
f,bistan
m,biston
f,biso
m,bisi
f,bisho
f,beidā khānom
m,bilas
m,bilt
f,bilu
m,biman
m,bimāneh
m,bimet
m,bimen
f,bina
f,binadokht
m,binar
m,binesh
m,bi nazir
f,binur
f,binyar
m,biham
f,biyur
m,bivard
m,biorzad
m,biyok
f,biyok khanom
m,biyok ali
f,biyok naneh
f,biyok nah nah
f,biyokhanom
f,biyokhanom
f,biyokali
f,biog
f,biog khanom
f,bivi
f,bicham
m,bijan
m,bijan ali
m,bijang
f,bizheh
m,bik
m,bik dardi
m,bik zad
m,bik ali
m,bik mohammad
m,bik morad
m,bik mirza
m,bik nazar
m,biks
m,bikam jan
f,biken
m,biké
f,bikaj
m,biglar
m,big mohammad
m,big morad
m,bigdad
f,bigard
m,bigzadeh
f,bigel
m,biglar
f,beygom
f,bigom bi bi
f,bigom jan
f,bigom soltan
f,bigom naz
m,bigomjan
m,bigi
f,bi bak
f,bi barg
f,bi bi
f,bi bi atina
f,bi bi asiyeh
f,bi bi a'zam
f,bi bi afieh
f,bi bi anjan
f,bi bi akram
f,bi bi batool
f,bi bi bas
f,bi bi bahar
f,bi bi taj
f,bi bi taz
f,bi bi takhtam
f,bi bi thamieh
f,bi bi jan
f,bi bi jamal
f,bi bi jamileh
f,bi bi jahan
f,bi bi hajar
f,bi bi hamieh
f,bi bi hatimeh
f,bi bi hormat
f,bi bi hasl
f,bi bi halim
f,bi bi halimeh
f,bi bi hamideh
f,bi bi hanifeh
f,bi bi hava
f,bi bi haybat
f,bi bi khatoon
f,bi bi khanom
f,bi bi khadijeh
f,bi bi khatibe
f,bi bi khandan
f,bi bi zobideh
f,bi bi zini
f,bi bi ra ba'eh
f,bi bi rab'e
f,bi bi rabigheh
f,bi bi rahele
f,bi bi raziyeh
f,bi bi rahimeh
f,bi bi roghieh
f,bi bi rouqayyah
f,bi bi reyhaneh
f,bi bi zobideh
f,bi bi zabireh
f,bi bi zolykha
f,bi bi zahra
f,bi bi zohreh
f,bi bi zeynab
f,bi bi sara
f,bi bi sokhideh
f,bi bi sa'ideh
f,bi bi safiyeh
f,bi bi soltan
f,bi bi salimeh
f,bi bi sept
f,bi bi sakineh
f,bi bi shah
f,bi bi shababeh
f,bi bi sharifeh
f,bi bi shahrebanou
f,bi bi shirin
f,bi bi sāfieh
f,bi bi sad yaqeh
f,bi bi sadiqe
f,bi bi soghra
f,bi bi safoura
f,bi bi safiya
f,bi bi safiyeh
f,bi bi tahereh
f,bi bi tayebe
f,bi bi aasieh
f,bi bi ashiyeh
f,bi bi atefeh
f,bi bi aafieh
f,bi bi ayesha
f,bi bi azra
f,bi bi aroos
f,bi bi arizeh
f,bi bi izzat
f,bi bi aziz
f,bi bi azizeh
f,bi bi efat
f,bi bi ghazizeh
f,bi bi fatemeh
f,bi bi fafieh
f,bi bi farideh
f,bi bi latifeh
f,bi bi masha'allah
f,bi bi mah
f,bi bi mohtaram
f,bi bi maryam
f,bi bi marzieh
f,bi bi maryam
f,bi bi ma'sumeh
f,bi bi malihé
f,bi bi mansureh
f,bi bi mehri
f,bi bi n
f,bi bi naz
f,bi bi najmeh
f,bi bi narges
f,bi bi nesa
f,bi bi nasā'
f,bi bi nasai
f,bi bi na'imeh
f,bi bi naghimeh
f,bi bi nafas
f,bi bi nafiseh
f,bi bi noor
f,bi bi niaz
f,bi bi nira
f,bi bi hajar
f,bi bi hadieh
f,bi bi horieh
f,bi bi kobra
f,bi bi gol
f,bi bi gozal
f,bi bi gowhar
f,bi ta
f,bi montahā
f,bi nazir
f,ta ban
m,ta shajan
m,tab
f,taba
m,tabal
f,taban
f,taban dokht
f,taban rokh
f,taban chehr
f,tabangol
f,tabandokht
f,tabanruy
m,tabanmehr
f,tabanchehr
m,tabdoq
f,tabas
f,tabest
m,tabesh
f,tab'e tala
f,tabnak
f,tabande
f,tabita
f,tabiyeh
f,tat goldi
f,tatyana
f,tatina
f,taj
f,taj afarin
f,taj al-dolat
f,taj al-dowleh
f,taj al-rijal
f,tajozzaman
f,taj al-muluk
f,taj al-molk
f,taj amir
f,taj banu
f,taj bardi
f,taj bibibi
f,taj bibi
f,taj bi bi
f,taj jan
f,taj khatun
f,taj khan
f,taj khanom
f,taj dokht
f,taj dardi
f,taj dowlat
f,taj sar
f,taj soltan
f,taj tala
m,taj qoli
f,taj mar
f,taj mah
m,taj mohammad
m,taj morad
f,taj malook
f,taj mehr
f,taj mir
f,taj vardi
f,taj vali
f,taj gol
f,taj goldi
m,tajoddin
f,tajāh
m,tajbakhsh
f,tajdardi
f,tajdolat
m,tajer
m,tajgholi
f,tajma
f,tajmah
f,tajmalook
f,tajmeh
m,taje
f,tajur
f,tajoli
f,tajgol
f,taji
f,taji gol
f,tajibehlouli
f,tajiyeh
m,tajik
f,taj al-din
f,taj bakhsh
m,taj mahal
m,tadr
m,tar gholi
m,tar mohammad
m,taarvardi
f,tara
f,taradokht
f,taradis
m,taraz
f,tatra mehr
f,taran
m,tarah
m,tarokh
f,tarla
m,tarmela
f,tarmita
f,tareh gol
f,taroudi
f,tarvardi
f,tarvulgi
f,tarvirdi
m,tarak
f,targali
f,tari
f,tari bas
f,tari vardi
f,taryavardi
f,tarivirdi
f,tazeh
f,taze ghorban
f,tazeh gol
f,tazgol
m,taas ali
f,tash taghan
f,tasha
f,tashan
f,tajjan
m,tashli
m,tashkin
m,tashin
m,taghan mohammad
f,taghan gol
f,tafte
f,tafeh
m,tafgeh
m,talai
m,taleh
m,talvardi
m,talia
m,taliya
m,talin
f,talīn
f,taliyeh
f,tamara
m,taman
m,tamanj
f,tamay
m,tamer
m,tami
m,tamyar
f,tamila
f,tamima
f,tamin
f,tamineh
f,tanay
f,tanriya
f,tanrila
f,tansu
m,tangeravardi
m,taniya
f,tania
m,tanish
m,tanil
f,tahameh
f,tahamineh
f,tahid
m,tavyar
f,tapedouh
f,tāpdūgh
m,tapedogh
f,tapik
m,tach bardi
f,tachara
f,taj
f,tak afarin
f,tak dokht
m,tay nur
m,tay vardi
f,tayar
f,tayan
f,tayeb
f,tayjan
m,tay sez
m,taylan
f,taylan
m,taimad
m,taymaz
m,taimaz
f,taymah
m,taymz
m,tayo yardi
m,tabarak
m,tabarak ali
m,tabarakeh
m,tabag mohammad
m,tabak
m,tabattol
f,tabarrok
m,tabriz
f,tabassom
m,tabiollah
m,tataj al-din
f,tatsgol
m,tatman
m,tejarat
m,tajaddod
m,tajrobeh
m,tajalli
f,tajibe
m,tahollah
m,tahsan
f,tahsin
m,tahsin
f,tohfe
f,tohfe gol
m,tahmad
m,tahmad reza
m,tahid
m,tokhar
f,takhté
f,takhté gol
m,takhti
m,takhrasin
m,tokhsha
f,takhshak
m,takhvareh
f,tadaei
m,tadbir
m,tadayyon
f,tazrav
m,torab
m,taraab ali
m,tarabali
m,torabi
f,taraj
f,taraz
f,tarane
f,taravat
f,tarab
m,tarjomān
f,tarahom
f,tarhim
m,tarkhan
m,tarziya
m,tarsa
m,torshid vahdat
f,tarlan
f,terme
f,toranj
f,tarannom
f,torneh
f,torang
f,tarniyan
f,toru sekkeh
f,truskeh
f,tarvand
f,tarkan
f,tarkal
f,torki
f,torkiye
f,targis
f,targol
f,tarya
f,taryak
m,terita
f,teriti
m,tarifeh
m,tiriman
f,tirikeh
m,tazeh
f,tasbih
f,tastran
f,tasrin
f,tasalla
f,tasnim
m,tasnim
m,tasoo
f,taskin
f,tashtar
f,tashahn
f,tashvigh
f,tashkil
f,ta'arof
m,ta'arofali
f,ta'arofe
f,ta'zim
m,ta'qi
m,ta'matollah
f,ta'mineh
m,ta'id
m,ta'im
m,tafangolich
m,tafangel
m,tafi
m,taqarn dorudi
m,taghan
m,taghan bardi
f,taghan bi bi
f,taqan taj
f,taqan dardi
m,taghan gholich
m,taghan mohammad
m,taghan morad
m,taghan vardi
f,taghan goldi
m,taqandardi
m,taqandari
m,taghaneqli
m,taghaneqlich
m,taghaye morad
f,taghdir
m,taqdirali
f,taghva
m,taqvi
m,taghi
m,taqi allah
m,taqiollah
m,taqiyeh
m,tal māh
m,tal naz
f,talatom
m,talaleh
f,telavang
m,talem
f,telma
m,talman
f,telnaz
f,teleka
m,tali
m,telli
m,tali bigam
m,taliman
f,tellin
m,talina
f,tamāteh
f,tamaj
f,tamāreh
f,tamasha
f,tamāl
f,tamām
f,tamam taj
f,tamam zar
f,tamam zeynab
f,tamameh
f,tamšāl
m,tamhammad
f,tamaddon
f,tamashk
f,tamanna
m,tamoufiq
f,tamochin
m,tamak
m,tamir allah
f,tamīs
m,tamim
f,tamim
f,tamimeh
f,tanaz
f,tanbour
f,tan dor
f,tandis
m,tansar
m,tanotas
m,tanouja
f,teni
f,tani nar
f,tahameh
f,tahani
m,tehrab
m,tehran
f,tehran gol
f,tehrane
f,tehrat
f,tehlār
m,tahm
m,tahmasb
m,tahman
m,tahm tan
m,tahmures
m,tahmures
m,tahmin
f,tahmindokht
f,tahmineh
f,tahnia
m,tahi mohammad
m,tavab vardi
f,tavar
f,tavaq bi bi
f,tavaq dardi
m,tavaq qoli
m,tavaq qolich
m,tavaq mohammad
m,tavaq goldi
m,tavaghlich
m,tavan
m,tavana
m,tavānāyi
f,tavan dokht
f,tuba
m,tuba niaz
f,tutak
f,tutiya
m,tavhidi
m,towhid
m,tavhid
m,tavhid ismail
m,tavhid reza
m,tavhid ghali
m,towhida
m,tavhidgholi
m,tavhideh
m,tavahidi
m,tukhid
m,tor
m,tor ali
m,tourab
m,torat
m,tural
m,torollah
f,turan
f,touran dokht
f,turanbanu
f,turandokht
f,torakina
m,turaj
m,touraj reza
m,torsan
f,turang
m,toreh
m,turak
f,torkai
f,touri
f,torya
m,torieh
m,tus
f,tosa
m,tavasol
m,tosan
f,tuska
m,tushar
f,toshnameyti
m,tosheh
m,tushyar
m,tozih
m,tufan
m,tavfiq
m,towfigh
m,tavallod
m,tavala
m,tuma
m,tumaj
m,tomač
m,tomazh
m,toni
f,tonia
m,tohan
m,tavhafe
m,tavhid
m,tuvshyar
f,tuka
m,tukan
f,tavakotam
f,tavakotmeh
m,tavakol
m,tavakol
m,togol
f,tuy
f,tuy bi bi
m,tuy qalich
m,tuy li
m,tuy-e mohammad
m,tavid
m,tavaghali
m,tavighli
m,tazhav
m,tak āfarin
f,tak banu
m,tak naz
f,takav
m,takavar
m,takapu
f,takta
f,taktam
m,taktak
m,taktakem
f,tokazeban
m,takaz
m,takash
m,taknaz
m,tekke dardi
m,takin
m,taghin
m,ti
f,ti ti
f,ti ti sa
f,ti ti nar
f,ti ti gol
f,ti gol
f,tiya
f,tiatr
f,tiyada
f,tayar
f,tayara
m,tiyara
f,tiaram
m,tiyam
f,tyam
f,tiama
f,tiyamehr
m,tiamo
f,tiamis
m,tiyamin
f,tiyana
f,tiya naz
f,tiba
m,tiba
f,tibe
f,tita
f,teitak
f,tida
m,tida
f,tida
f,tidehaa
f,tir
m,tira
m,tiran
f,tirazheh
f,tirajeh
m,tirbod
f,tiraj
m,tirdad
m,tirash
m,tirshah
m,tirmah
m,tireh
f,tirozh
m,tirgan
m,tirizh
m,tis
f,tisa
f,tisan
f,tisanaz
f,tisa gol
f,tisagal
f,tishtar
m,tishkeh
m,tishko
m,tigh ali
m,tighli
m,tifani
f,tila
m,tilav
m,tilko
m,tima
m,timas
m,timan
m,timo r
m,timur
m,teymur
m,timur tahneh
m,timur ali
m,timur qoli
m,timur pasha
m,timurtash
f,tina
f,tinab
m,tino
f,tinush
f,tihou
m,teyhu
m,tiva
m,tivan
m,tivana
m,tiyopilo
f,tika
f,tikal
m,tikl
m,tigran
m,sabet
f,sabete
m,saber
m,sadegh
m,tharollah
m,sarallah
m,salarollah
m,sārlé
m,thareh
m,sagheb
m,sāleḥ
m,tham
m,thamet
m,samer
f,thamreh
m,samen
m,sani
f,saniyeh
f,servat
f,soraya
f,soraya al-sadat
f,soryad
f,soryeh
f,sorayya
f,thalaleh
f,samaneh
m,samad
f,samar
f,samarkh
f,samarqand
f,samareh
f,saman
f,saman bar
f,saman tala
f,saman naz
f,saman gol
f,samireh
m,samila
m,samileh
f,samin
f,samina
f,samineh
f,somayeh
f,sana
f,sena allah
f,sena
m,sanaollah
f,sanas
f,sanaollah
f,sanagu
f,sena
m,sanaya
f,sanaye
f,sanam
m,savaab
f,thoba
m,savban
f,thobiyah
f,soreh
f,souri
m,sovaybah
f,sovideh
f,thuyeeba
f,sakineh
m,ja morad
m,janason
m,jaban
m,jaber
m,jaber ali
m,jabarch
m,jabir
m,jaatali
m,jasiyeh
m,jad
m,jader
m,jadi
m,jar allah
m,jār olah
m,jaralel
m,jaarollah
f,jariyeh
f,jazieh
m,jasb
m,justin
m,jasem
m,jasem mohammad
f,jasmin
f,jasemieh
m,jafar
m,jafar ali
m,jafarbag
m,jali
m,jalinus
f,jām
m,jamas
m,jamasb
m,jamasp
m,jamshid
m,jame'e
m,jamoon
m,jami
m,jan
f,janaram
f,jan afraz
f,jan afrouz
m,jan afza
m,jan allah
m,jan allah
m,jan oghlan
f,jan baji
m,jan bakhshan
f,jan begam
f,jan bibi
f,jan bigam
f,jan bi bi
f,jan jan
m,jan zadeh
f,jan zib
f,jan soltan
f,jan sanam
m,jan ali
m,jan fada
m,jan mohammad
m,jan morad
m,jan malek
m,jan mir'
f,jan naneh
f,jan navaz
f,jan gol
f,jan ara
f,jana
f,jan afruz
m,jan afza
f,janam
f,janan
f,janane
m,janebollah
m,janbe allah
m,janbaz
f,janbanu
m,jan bakhsh
f,jan tab
f,jan dokht
m,jandel
f,jansu
m,janati
m,janali
m,jan'i
f,jan foruz
m,janli
f,janam tala
m,jan mohammad
m,janmorad
m,jan mehr
m,janmirza
m,janusyar
m,janoshyar
m,jan parvar
f,janak
m,jani
f,jani bigam
m,janyar
m,janiyar
m,jan parvar
f,jah neshan
m,jahed
f,jahede
m,javad
m,javdan
f,javdaneh
m,javid
m,javid ali
m,javid mehr
m,javidan
m,javid hossein
m,jayer
m,jayeq
m,jabbar
m,jabbar ali
m,jabbar qoli
m,jabbar qolich
m,jabbarbardi
m,jabbar ali
m,jabrail
m,jabra'il
m,jebrail
m,jabra'il
m,jabra'il
m,jabra'il
m,jebril
m,jabriel
f,jabriyeh
m,jabriil
m,jabali
m,jabib
m,jabibollah
m,jabin
m,jat
m,jatollah
m,jatollah
m,jotabi
m,jahate allah
m,jahfar
m,jadari
m,jadal
m,jadna
f,jaddeh
f,jadijeh
m,jorj
m,jerjis
f,jor'eh
m,jarl
m,jarn
f,jereh
m,jarir
f,jarireh
f,jariyeh
f,jazā
f,jazā'
m,jastan
m,joste
m,jostim
m,jismeh
m,jasn
m,jasim
m,jasīn
f,jessica
m,jashid
m,ja'far
m,jaefar
m,ja'far beg
m,ja'far sadeq
m,ja'far ali
m,ja'far faramarz
m,ja'far qoli
m,ja'far morad
m,ja'far mo'id
m,ja'far kazem
m,ja'farbāy
m,ja'far khan
m,jaefarsadegh
m,ja'far ali
m,ja'farqoli
m,jafari
m,ja'far
m,ja'far
m,jogh'afar
m,joghfar
m,jafa
m,jafan
m,jafar
m,jalal al-din
m,jalal al-din
m,jalal
m,jalal al-din
m,jalal
m,jalal mohammad
m,jalaloddin
m,jalal al-din
m,jalalat
m,jalal al-din
m,jalalodin
m,jalal al-din
f,jalale
m,jalali
m,jalal al-din
m,jala'ir
m,jalayer
m,jalbal
m,jalbal
m,jalbeleh
f,jelveh
m,jalil
m,jalil ahmad
m,jalil allah
m,jalil mohammad
m,jaliloddin
f,jalileh
f,jalile
f,jalileh begum
m,jalili
m,jalil
m,jam
m,jama
m,jamal al-din
m,jamā
m,jamat
m,jama'at
m,jama'il
m,jamal
m,jamal adin
f,jamal bi bi
f,jamal khatun
m,jamal ali
m,jamāla
m,jamāl al-dīn
m,jamaloddin
m,jamāldin
m,jamaldin
m,jamalar
m,jamālali
f,jamaleh
f,jamaliyeh
m,jamāl al-dīn
f,jomaneh
m,jamavar
m,jama'il
m,jamdalé
f,jamdokht
m,jamzad
m,jamshad
m,jamshid
m,jamshi
m,jamshid
m,jamshid beg
m,jamshid ali
f,jamshideh
m,jamshidi
m,jam
m,jamāl al-lāh
m,jamali
m,jom'e
m,jom'e khan
f,jom'e dardi
f,jom'e doroudi
m,jom'e qoli
m,jom'e gholich
m,jom'e mohammad
f,jom'e kol
f,jom'e gol
f,jom'e goldi
m,jamqali
m,jamal
m,jomali
f,jomlieh
m,jomhur
f,jomhureh
m,jamiad
m,jamyar
m,jamiyeh
m,jamid
m,jamid reza
f,jameyran
m,jamīs
m,jamishad
m,jamil
m,jamil ahmad
m,jamila
m,jamileh
m,jamile
f,jamileh begum
f,jamileh bi bi
f,jamileh khanom
f,jamileh sh
f,jamilehچ
f,jamileh
m,jamin
f,jamineh
m,janab
f,jannat
m,jannade
f,jenan
f,jannat
m,jannat ali
f,jannat gol
m,jandal
m,jandil
m,jangali
m,jangi
m,jangiyan
f,jangieh
m,jonaid
m,junaid
m,janif
m,jahanbakhsh
m,jahanegard
m,jahanagir
m,jahad
m,jahadollah
m,jahad ali
f,jahan
f,jahan azar
f,jahan asa
f,jahan ava
m,jahan ara
f,jahan banu
m,jahan bas
f,jahan bigom
f,jahan bi bi
m,jahan tab
f,jahan taj
m,jahanju
f,jahan khatoon
f,jahan khanom
m,jahan dad
m,jahan dar
m,jahan zadeh
m,jahan zir
m,jahan satan
m,jahan soltan
m,jahan shah
m,jahan shir
m,jahan tala
m,jahan far
f,jahanmah
f,jahan mehr
f,jahannaz
m,jahan nik
m,jahanpur
f,jahan gol
m,jahan gir
m,jahanban
m,jahanbakht
m,jahanbakhsh
m,jahanbin
f,jahantab
f,jahan tab
f,jahantaj
f,jahandad
m,jahandar
f,jahandokht
f,jahan rokh
m,jahanriz
m,jahanzir
m,jahansooz
m,jahanshad
m,jahanshah
m,jahanshid
m,jahanshir
m,jahānali
m,jahanfar
m,jahanmir
m,jahanvar
m,jahankir
m,jahangir
m,jahan gard
m,jahangoshay
m,jahangir
m,jahanyar
m,jahānikhsh
m,jahanara
f,jahan afarin
m,jahanafarin
f,jahan afroz
m,jahanbakhsh
m,jahanbin
m,jahan pahlavan
m,jahra
m,jahfar qoli
m,jahlangir
m,jahn
m,jahānbakhs
m,jahangir
m,jo koli
f,joana
m,javā
m,javad
m,javad hassan
m,javad khosravi
m,javad shohrat
m,javad ali
m,javad mohammad
m,javadreza
m,javad ali
f,javadeh
m,javadi
m,javar
m,javan
m,javan bakht
m,javan bakhsh
m,javan shir
m,javan mir
m,javan yar
m,javānbakht
m,javānbakhshe
m,javānro
m,javanshir
m,javanmard
m,javānmardi
m,javānmir
f,javane
m,javanuy
f,javaher
f,javaherbigham
f,javaheri
m,jotad
m,joutyar
m,jood
f,jodat
f,judi
m,jura
m,jorj
m,joori
m,joorit
m,juriyeh
m,jozali
m,jowshan
f,jofil
m,jolay
m,joldash
m,joomi
m,joonali
m,joonmorad
m,junaid
f,johar
f,javhar tala
m,javhar ali
m,javad
m,javkar
m,juy
m,juya
m,joya
m,juyan
m,jegar khan
m,ji michael
m,jiyaku
m,jib alá
m,jibollah
m,jibe
f,jihun
m,jeyhun
f,jayda
f,jeyran
f,jiran
m,jiran taj
m,jira'il
m,jirlan
f,jila
m,jilan
f,jilan
f,jilani
m,jili
m,jalil
m,jiman
f,jina
m,jing
m,jingu
m,jayhan
f,jigar
m,h tam
m,hafez
m,hafezali
m,hamid
m,haber
m,hatef
m,hatam
m,hatam ali
m,hatmaali
f,hatame
m,haj ebrahim
m,haj abolfazl
m,haj ahmad
m,haj asad
m,haj eslam
m,haj ismail
m,haj alif
m,haj aman
m,haj amir
f,haj ansieh
m,haj baba
f,haj banu
m,haj barat
f,haj bi bi
m,haj jafar
m,haj hassan
m,haj hossein
m,haj khanali
f,haj khanom
f,haj khanom
m,haj khalil
m,haj dardi
m,haj dordi
m,haj rahim
m,haj reza
m,haj ramazan
f,haj sara
m,haj saeed
m,haj soltan
m,haj tareq
m,haj abbas
m,haj abdollah
m,haj aziz
m,haj ali
m,haj gholam
m,haj ghorban
m,haj qoli
m,haj mashallah
m,haj mohammad
m,haj mahmoud
m,haj morad
m,haj mostafa
m,haj mahdi
m,haj nasratollah
m,haj noorollah
f,haj noshik
m,haj vahid
m,haj karim
f,haj gol
m,haj goldi
m,haj ya'qub
m,haj yusef
m,hajat
f,hajet
m,hajjat ali
m,hajjat morad
f,hajer
m,haj ali
m,haji
m,haji agh mohammad
m,haji ebrahim
m,haji ahmad
m,haji arazaqli
m,haji ismail
m,haji aman
m,haji amangoldi
m,haji amin
f,haji anah
m,haji baba
f,haji banu
m,haji bardi
m,haji beg
f,haji bibi
f,haji bika
f,haji bi bi
m,haji taqan
m,haji tavaq
m,haji jaldi
m,haji halat
m,haji hassan
m,haji hossein
f,haji khatun
m,haji khan
f,haji khanom
m,haji khani
m,haji dayemi
m,haji dardi
m,haji doordi
m,haji rabii
m,haji rahman
m,haji rahman
m,haji rahim
m,haji reza
m,haji abbas
m,haji ata
m,haji ali
m,haji qoli
m,haji ghachli
f,haji majan
m,haji mojtaba
m,haji majid
m,haji mohammad
m,haji mohammad hassan
m,haji mahmoud
m,haji morad
m,haji nazar
m,haji nemat
m,haji nafas
m,haji noor
f,haji niaz
m,haji vali
m,haji karim
f,haji gol
f,haji goldi
m,haji yusef
m,hajihosseyn
m,haji ali
m,hajigholi
m,hajimorad
f,hajieh
f,hajieh bibi
f,hajieh bi bi
f,hajieh khanom
f,hajieh ghadir
f,hajieh mar
f,hajihmousi
f,hajieh gol
m,hajigol
f,hajieh
m,hadi
m,hadid
m,hazegh
m,hares
f,harese
m,hares
m,hazem
m,hasel
m,hafezali
m,hafez
m,hafez al-din
m,hafez reza
m,hafez ali
m,hafezeh
m,haqezeali
f,hal bi bi
m,hal mohammad
f,halat
f,halat bardi
m,halat ghorban
m,halat gholi
m,halat mohammad
m,halat nazar
m,halatgholi
m,hāled
m,haleh
m,halub
m,hāli
f,hāli bībī
m,hali gholich
m,hali mohammad
m,hali morad
f,hāli gol
m,ham
m,ham al-din
m,hamed
m,hamed hossein
m,hamed reza
m,hamed ali
m,hamed mohammad
m,hamed ch
m,hamidollah
m,hamed jafar
m,hamedhossein
m,hamedreza
m,hamidali
f,hamedeh
m,hamedi
f,hameh
m,hami
m,hamid
m,hamil
m,hamim
m,hamin
f,hamieh
f,hana
f,hanan
m,hand
m,haneqli
m,hanon
f,hani
f,hanieh
m,havod
m,hakem
m,hakemeh
m,hayri
m,haymeh
m,hobab
m,hababeh
m,habbar
m,hoban
m,habbollah
m,habib
m,habibollah
f,habibeh
f,hobbatollah
m,habdalsettar
m,habdel
m,habashé
f,habbeh
m,habhab atteh
m,habib
m,habib morad
m,habib
m,habib ableh
m,habib ateh
m,habib ahmad
m,habib allah
m,habib al-rahman
m,habib ar-rahman
m,habib allah
m,habibollahi
m,habibollah
m,habib taleh
m,habib rahman
m,habib reza
m,habibollah
m,habib mohammad
m,habib helleh
m,habibollah
m,habibollah
m,habibollah
m,habibollah
f,habibeh
m,habibe
f,habibe arshad
f,habibe khatun
f,habibe shahin
m,habibeh
m,habibi allah
f,habibieh
m,habibollah
f,habibin
m,habib
m,habibollah
m,habibeh
m,hasniyeh
f,hijabollah
m,hajjar
m,hajaz
m,hojjat al-din
m,hojabr
m,hojjat
m,hojjat آ
m,hojjatollah
m,hojjat alah
m,hojjat ol-din
m,hojjat al-lah
m,hojjatollah
m,hojjatollah
m,hojjat olah
m,hojjat ali
m,hojjatollah
m,hojjatollah
m,hojjatollah
m,hojjatali
m,hojjatollah
m,hojjati
f,hojr
m,hosseyn
m,hojjafr
m,hojjatollah
m,hojjatollah
m,hojjatollah
m,hajji
m,hajji hossein
m,hajji khanom
m,hajji mohammad
m,hajji goldi
m,hajir
f,hojieh
f,hajieh khanom
f,hajieh fatemeh
m,hhamid
m,khakhabib
m,hakht allah
m,hosseyn
f,hadithé
m,hada
m,haddad
m,hadalvahed
m,hodavardi
f,hadbith
f,hadseh
f,hadithieh
m,hadr
f,hadeqe
m,hadahen
m,hodooli
f,hadeebe
f,hadiyete
f,hadis
f,hadith
f,hadisa
f,hadiseh
f,hadise
f,hadiseh khatoon
f,hadijeh
m,hadid
f,hadideh
m,hadir
m,hadigheh
f,hadiqe
f,hadiyeh
f,hadiip
m,hor
f,harbiyeh
m,hardan
m,harali
m,haram
f,haram banu
f,haram jan
f,hormat
m,hormatollah
m,hormatollah
m,hormat ali
m,harman
f,horre
m,harut
m,haribe
f,harir
m,harireh
f,harir gol
m,harif
m,harim
m,horriyeh
m,hezbollah
m,hazin
f,has
m,hosseini ali
m,hossain al-din
m,hesam
m,hossam al-din
m,hasa'
m,hesam
m,hesam adin
m,hossam al-din
m,hesam alin
m,hesamreza
m,hesamoddin
m,hesamollah
m,hosamaldin
m,hossam al-din
m,hesan
m,hassan allah
f,hesaneh
m,hasan
m,hasbiyeh
m,hast
m,hastā
m,hastan
m,hasrat
m,hosseyn
m,hasal
m,hasam
m,hasmeh
m,hasan
m,hasan
m,hasan beg
m,hasan jan
m,hasan jalal
m,hasan jahan
m,hasan haqgu
m,hasan khalil
m,hasan daris ovi
m,hasanreza
m,hasan sadr al-din
m,hasan talebi
m,hasan osmani
m,hasan ali
m,hasan alich
m,hasan gholam
m,hasan farbad
m,hasan qoli
m,hasan mohammad
m,hasan morad
m,hasan pahlavan
m,hasan goli
m,hasan yusef
f,hasna
f,hosnazahra
f,hasna
f,hosna
f,hasnaalsadat
m,hasanjan
m,hasanaz
m,hasanali
m,hasanqoli
m,hasanmorad
f,hasaneh
f,hasani
m,hosniye
f,hasnieh
f,hasnieh jahan
m,hasun
m,hosseini
m,hossei na'li
m,hasib
f,haseyba
m,hasibe
m,hasibeh
m,hosseinali
m,hasim
m,hossemin
m,hossein
m,hossein asghar
m,hossein akbar
m,hossein bakhsh
m,hossein bardi
m,hossein behrouz
m,hossein big
m,hossein jan
m,hossein khan
m,hossein dad
m,hossein dar
m,hossein r
m,hossein rahim
m,hosseinreza
m,hosseinsalar
m,hosseintaha
m,hossein abbas
m,hossein ati
m,hosseinfarbod
m,hossein qoli
m,hossein gholich
m,hossein mohammad
m,hossein morad
m,hossein nasir
m,hossein nazari
m,hossein hadi
m,hossein pasha
m,hoseyna
m,hosseinat
m,hosseinjan
m,hossein abbas
m,hossein ali
m,hosseinali
m,hosseingholi
m,hosseinqoli
m,hosseinam
m,hossein morad
m,hosseinmahdi
f,hosseine
m,hosseingol
m,hosseini
f,hoseiniyeh
m,hossein ali
m,hossein
m,hasham
f,heshmat
m,hashmat alah
m,hashmat allah
f,hashmat al-muluk
m,hashmatollah
f,hashmat khanom
m,hashmat ali
m,hashmat le
m,hashmata allah
m,heshmatollah
m,hashmatollah
f,hashmateh
m,hashmatollah
m,hashnatollah
f,hosan
f,hasafeh
f,hasl
f,hasl bi bi
f,hesmat
f,hasna
f,hosseh
f,hasibe
m,hasir
m,hasil
m,hasin
m,hazratollah
m,hazrat
m,hazrat allah
m,hazrat bardi
m,hazrat qol
m,hazrat gholi
m,hazrat qoli
f,hazrat kooey
f,hazrat gol
m,hazrat ali
m,hazratgholi
f,hazrati
f,hazim
m,ja'far
f,hafseh
m,hafezollah
m,hafezollah
m,hafiz
m,hafizollah
m,hafizollah
m,hafizi allah
m,hafiz
m,hafizullah
m,hafizollah
m,hafiz rahman
m,hafizollah
m,hafize
m,hafizeh
m,haq bardi
m,haq ali
m,haq qoli
m,haq morad
m,haq nazar
m,haqvardi
m,haqdar
m,haqali
m,haqmorad
m,haqvardi
m,haghvirdi
f,haghi
m,haqir
f,haqiqat
f,haqiqa
m,haqparast
m,hala
m,hallaj
m,halad
m,halal
f,halaleh
f,halavat
f,halaveh
m,halfez
m,holm nasr
f,holma
m,halmed
f,halmiyeh
f,halle
f,halva
f,hali bi bi
f,halya
f,halismeh
f,halifeh
m,halife
m,halil
m,halim
f,halim bardi
m,halim mohammad
f,halima
f,halimeh
f,halime
f,halimeh bigam
f,halimeh bi bi
f,halimeh khatoon
f,halimeh khavatoon
f,haliyeh
m,helyeh
m,hammad
m,hamadi
m,hamas
f,hamase
m,hammal al-din
m,hamam
f,hamameh
m,haman
f,hemayat
m,himayatollah
m,hamayel
m,hamed
m,hamedreza
m,hamat
m,hematollah
m,hematollah
m,hamd
m,hamd al-rahman
m,hamdollah
m,hamedollah
m,hamad baqir
m,hamad taqi
m,hamad javad
m,hamad hossein
m,hamad safar
m,hamad ali
m,hamed mahdi
m,hamdallah
m,hamdoddin
m,hamdollah
m,hamdollah
m,hamdān
m,hamidjavad
m,hamidreza
m,hamdollah
m,hamdele
f,hamde
m,hamdi
f,hamdieh
f,hamra
f,hamra
f,homrah
m,hamzeh
m,hamzaali
m,hamze
m,hamzeh reza
m,hamzeh ali
m,hamzeh li
m,hamzeh
m,hamshat
m,hamshatollah
m,haml
m,mohammad ali
m,hamid
m,haminid
m,hamud
m,hekmatollah
m,hami
m,hamid
m,hamid allah
m,hamidollah
m,hamid bardi
m,hamid barzegari
m,hamid javad
m,hamid zada
m,hamid reza
m,hamid rezai
m,hamid sadeqi
m,hamid ali
m,hamid mohammad
m,hamid morad
m,hamid mahdi
m,hamid kashi
m,hamid kaveh
m,hamid gol
m,hamid yaser
m,hamida
m,hamid al-din
m,hamidoddin
m,hamidolah
m,hamidollah
m,hamidhossein
m,hamid
m,hamid reza
m,hamidzeh
m,hamidreza
m,hamidrez
m,hamidzeza
m,hamidreza
m,hamidsaleh
m,hamidali
m,hamid mohammad
m,hamidmorad
f,hamide
f,hamideh
f,hamideh banu
f,hamideh khatoon
f,hamideh khanom
m,hamidgol
f,homeyira
f,hamira
f,hamira
m,hamirat
m,homayri
m,hamizeh
m,hamid
m,hamidjan
m,hamim
f,hamineh
m,hamid
m,hamid reza
m,hamidreza
m,han
f,hana
f,hanna
f,hanareh
m,hannan
f,hannane
m,hanteh
m,hanzaleh
f,hanun
f,hanise
m,hanif
m,hanifreza
m,hanifa
f,hanifeh
f,hanife
m,hanin
m,honayn
f,havrieh
f,hava
f,havva khatoon
f,havva gol
f,havva
f,havabigam
f,havakhatun
m,havad
m,havar
m,havas
m,havvaseali
m,havas
m,havaij
f,hur
f,hoorasa
f,hoorafarin
f,howra
f,howrasa
f,hurojjamal
m,hurolein
f,horamah
m,hooran
f,howra vash
f,hurjahan
f,hurdis
f,hurrokh
f,horzad
f,hursa
f,horsan
m,hoorshid
f,hur naz
f,howrvash
f,houri
f,houri banoo
f,houri bigam
f,houri taj
f,houri jan
f,houri dokht
f,houri rokh
f,houri zad
f,houri tala
f,houri laghā
f,houri naz
f,houri nasa
f,houri nesa
f,horiya
f,hurisa
f,huriye
f,hooriyeh
f,huriyeh nasa
f,huriyeh nesa
f,hozieh
f,havsat
f,havlir
f,humeh
m,havi
m,hajjatollah
m,hajir
m,hekayat
m,hokm
m,hokmollah
m,hokmollah
m,hokm ali
m,hekmat
m,hekmat alah
m,hekmat allah
m,hekmatollah
m,hekmatollah
m,hekmatali
f,hokmi
f,hokmiyeh
f,hokoomat
m,hakim
m,hakimollah
m,hakimollah
m,hakim bardi
m,hakim khatoon
m,hakim dad
m,hakim dourdi
m,hakim ali
m,hakimdād
m,hakimali
f,hakimeh
f,hakime
f,hakimeh bigom
f,hakimeh khatun
f,hakimeh soghra
f,hakimi
f,hakimieh
m,hay
m,hayyullah
m,hayat
m,hayat
m,hayatollah
m,hayatollah
f,hayat banu
f,hayat khanom
m,hayat ali
m,hayat qoli
m,hayatali
m,hayatgholi
m,hayateh
m,hayat
m,hayam
m,hayyan
m,haybollah
m,hayba
m,hayban
m,haybeh
m,haybi allah
m,hayd
m,haydar
m,haydar ali
m,heydar
m,haydar
m,haydar beg
m,haydar beik
m,haydar bigi
m,haydar hossein
m,haydar khvajaki
m,haydar reza
m,haydar sadiq
m,haydar taher
m,haydar ali
m,haydar qoli
m,haydar panah
m,haydar akbar
m,haydarsha
m,heydarreza
m,heydarali
m,haydar ali
m,haydargholi
m,heydargholi
m,heydarpoor
m,heidari
m,haydaz
f,hayran
m,hais
m,hisam
m,hesnaali
f,hayfa
m,hileh
m,him
m,hamed
m,hamed reza
m,haimra
m,heyn
m,hekam
m,hayir
f,khātere
m,khalid
m,kha mohammad
m,khaban
m,khatlid
m,khatam
f,khatemeh
f,khatouzin
f,khatun
f,khatun jan
f,khatun khanom
f,khatunjan
f,khatuneh
f,khatonak
m,khaj mohammad
m,khader
m,khadem
m,khadem hassan
m,khadem hossein
m,khadem hosseini
m,khadem ali
m,khademā
m,khadi
f,khara
f,khare
m,kharvardi
m,kharus
f,khark
f,khasheee
f,khas banu
f,khas talā
m,khas ali
m,khas morad
f,khas pari
m,khasali
f,khaseh
f,khaterasa
f,khaterafruz
m,khaterdepanah
f,khaternavaz
f,khatere
m,khafieh
f,khal bi bi
f,khal rar
m,khal mohammad
m,khal momen
m,khal yar
m,khaled
m,khaldar
m,khaled mohammad
f,khaledeh
m,khaledin
f,khalediyeh
f,khalis
m,khalegh
f,khaleq vardi
m,khalqdad
f,khalqeh
m,khaleghvirdi
m,khalmorad
m,khaland
f,khaleh
f,khaleh shirin
f,khaleh ghousi
f,khalvash
m,khali mohammad
f,khali gol
m,khalid
m,khalideh
m,khameali
m,khamel
m,khan
m,khan ahmad
m,khan aghlan
m,khan aghlan
m,khan oghlan
m,khan oqlan
m,khan baba
m,khan banu
f,khan bibi
f,khan jan
m,khan hossein
m,khan dadash
m,khan dardi
f,khan shirin
m,khan ali
m,khan amu
m,khan morad
m,khan mirza
m,khan nazar
m,khan kishi
m,khānbāz
m,khānjān
m,khanhosein
m,khandini
m,khanzad
m,khanzadeh
m,khāneš
m,khaneali
m,khanealiث
m,khanqala
m,khaneqli
m,khaneqoleh
m,khanlar
m,khanlar
m,khanloo
m,khāneli
f,khanom
f,khānom āghā
f,khanom iman
f,khanom bala
f,khānom bānū
f,khanom bozorg
f,khanom bas
f,khanom behnam
f,khanom biog
f,khanoom bi bi
f,khanom taj
f,khānom jān
f,khānom kheyr
f,khānom raqiyeh
f,khanom rangineh
f,khanoom zadeh
f,khanom zar
f,khānom soltān
f,khanoom shamsi
f,khanoom tala
f,khanoom talal
f,khanom fatemeh
f,khanom fari
f,khānom qā
f,khanom ghaz
f,khanom qiz
f,khanoom laya
f,khānom mushtī qān
f,khanom mokarram
f,khanom naz
f,khanom nasa
f,khanom nesa
f,khanom nasaa
f,khānom naneh
f,khanom na na
f,khanom noshin
f,khanom kol
f,khanom kolsoum
f,khanumgol
f,khanoom goli
f,khanomtaj
f,khanoomjan
f,khān mohammad
f,khānmorād
f,khānmazādeh
f,khānmotlā
f,khanoomnaz
f,khanoomgol
f,khānomi
f,khanmir
f,khaneh
f,khanom
m,khankashi
m,khangehldi
m,khani
f,khavar
m,khavar reza
m,khavar soltan
m,khavin
m,khajak
m,khaki zavi
m,khāgam
m,khabat
m,khabad
m,khabaz
m,khabas
m,khabat
m,khabib
m,khabir
f,khta
f,khatmi
f,khotan
f,khatimeh
f,khatyeh
m,khojat
f,khojasteh
f,khojasteh leqa
f,khojastelegha
m,khajam qoli
m,khaje
m,khojordi
f,khajij
m,khatte allah
f,khodayejah
m,khoda bakhsh
m,khoda bardi
m,khoda bas
m,khoda hossein
m,khodā khāst
m,khoda dad
m,khoda doost
m,khoda rahm
m,khoda rahim
m,khoda reza
m,khoda shokr
f,khoda shirin
m,khoda qoli
m,khoda moradi
m,khoda nazar
m,khoda vardi
m,khoda virdi
m,khoda virand
m,khoda parast
m,khoda karam
m,khoda karim
m,khodayar
f,khodaafarid
m,khodaabat
m,khoda bakhsh
m,khodabardi
m,khodabas
m,khoda band
m,khoda bandeh
m,khoda hossein
m,khodakhaast
m,khoda-khah
m,khoda
m,khodada
m,khodadad
m,khoddadoust
m,khoda rahm
m,khodarahmi
m,khoda rahim
m,khodarasān
m,khoda rezā
m,khodasalim
m,khoda shokr
m,khodatlab
m,khodafrast
m,khodaqoli
m,khodaqolish
m,khodaamadd
m,khoda morad
m,khodaali
m,khodamordi
m,khodanazar
m,khodanour
m,khodaavard
m,khodaavardi
m,khodaavirdi
m,khodaavirou
m,khodaavis
m,khoda parast
m,khodakaram
m,khoda karim
m,khoday bardi
m,khoday-e rahm
m,khoday nazar
m,khoday vardi
m,khodayad
m,khoda yar
m,khodayberdi
m,khodayardi
m,khodaei
m,khodaei vardi
m,khodbat
f,khodbajeh
m,khadr
m,khadr qoli
m,khadr mohammad
m,khadr goldi
m,khadr ali
m,khadr mohammad
m,khidmat
m,khedmatollah
m,khedmatollah
m,khadmat ali
m,khadamatali
f,khadijeh
f,khadijeh banu
f,khadijeh bigam
f,khadijeh bi bi
f,khadijeh khanom
f,khadijehzahra
f,khadijeh soltan
f,khadijeh kobra
f,khadijeh yabigam
f,khadijeh
f,khadikhe
m,khadir
m,khadiv
m,khadiyo
f,khadivi
f,khadijeh
m,khazr
f,khadeejeh
m,khar mohammad
m,kharad
m,kharas
m,khorasan
m,khorasani
m,kharali
f,kharam
f,kharaman
m,kherad
m,khordad
m,khordadbarzin
m,khordad beh
m,kharadmand
m,khorde
f,khorde khanom
m,kharad yar
m,kharsad
m,kharzaneh
m,khorsand
f,khorsha
f,khorshad
f,khorshid
m,khargalleh
m,khorram
f,khoram banu
f,khorram bahar
m,khorram ali
f,khorram chehr
f,khorram gol
m,khormalī
m,khorman
f,khorramdokht
f,khorramdel
m,khorramshad
m,khoramali
f,kharman
f,khorramnaz
f,khorrameh
f,khorramchehr
m,kharand
m,kharu
m,khorus
m,khorosh
m,khorushan
m,khozail
f,khazal
f,khazaleh
f,khazan
m,khazaei
f,khazar
m,khazarollah
m,khazran
m,khazrali
f,khazarnaz
m,khazaal
m,khaze
m,khaziyan
m,khastu
m,khosrow
m,khosrow al-din
m,khosrow khan
m,khosrow parviz
m,khosrovan
m,khosro dad
m,khosro zad
m,khosroshad
m,khosrowparviz
m,khosryo
m,khossein
m,khasharia
m,khashash
m,khashasheh
m,khashayar
m,khashayar sha
m,khosrowzeh
m,khashin
m,khoshnavaz
m,khoshnud
f,khoshk naz
m,khoshyar
m,khosrow
m,khezr
m,khazr allah
m,khazrollah
f,khazra
m,khazrallah
m,khazralah
m,khazran
m,khazrollah
m,khazir
m,khatayi
m,khatib
m,khatibe
m,khatimeh
m,kha'far
m,khalat ali
m,khalatali
m,khalaal
m,khalamreza
m,khald
m,khal'at hossein
m,khal'at ali
m,khalaf
m,khalaq
f,kholud
m,khalifeh
m,khalil
m,khalil ahmad
m,khalil allah
m,khalil al-rahman
m,khalil allah
m,khalil abbas
m,khalil mohammad
m,khalil morad
m,khalil halla
m,khalil pasha
m,khalilolrahman
m,khalilollah
m,khalilollahmohammad
f,khalileh
m,khalile
m,khalil ar-rahman
m,khalil allah
m,khamat
m,khamar
m,khamat
m,khmar
m,khomsali
m,khamid
m,khamid reza
f,khamideh
f,khamira
m,khamis
f,khamiseh
f,khna
f,khananeh
f,khanav
f,khanaveh
m,khanjast
m,khandan
f,khandan chehr
f,khandan gol
m,khanali
m,khanqali
f,khanom naneh
m,khebat
m,kho
f,khaatoon
m,khajeh abasalat
m,khajeh araaz
m,khajeh azim
m,khajeh ali
m,khaje gholich
m,khajeh mohammad
m,khajeh na'man
m,khaje nafas
m,khajehnafis
m,khar
m,kharazm
m,khan
f,khuban
m,khobaneh
f,khub rokh
f,khub ru
f,khobruyi
m,khobali
m,khube
f,khub chehr
f,khobyar
f,khob chehr
m,khob chehre
f,khutka
m,khojam
m,khojam bardi
m,khojeh
m,khojeh ahmad
m,khojeh bardi
f,khojeh bi bi
m,khojeh dardi
m,khojeh doordi
m,khojeh qoli
m,khojeh gholich
m,khoje mohammad
m,khoje morad
m,khojeh nazar
m,khojeh niaz
m,khoje goldi
m,khuhe bazdi
m,khor dad
f,khordakht
f,khorde khanom
f,khordis
m,khorzad
f,khorsan
m,khorsand
m,khorshad
f,khorshid
f,khorshid chehr
f,khorshidbanu
f,khorshiddokht
f,khorshidrokh
f,khorshidfar
f,khorshidmehr
f,khorshidkolah
f,khornia
f,khorvash
m,khorgoldi
f,khoriyeh
m,khozan
f,khosh halidin
f,khosh ravan
m,khosh rooz
m,khosh sa'at
m,khosh sa'at
f,khosh leqa
f,khosh mqadam
f,khosh naz
f,khosh neshan
f,khosh nazar
m,khoshnavaz
f,khosh goldi
f,khoshab
f,khoshabe
f,khoshbakht
f,khoshbooy
f,khoshkhou
m,khoshkhān
f,khosh del
f,khoshdam
f,khosh ru
f,khoshrovan
m,khosh ruz
f,khoshruz khanom
f,khoshruyi
m,khosh zad
f,khoshghadam
f,khoshnaz
f,khosh nam
m,khoshnav
m,khosh nava
m,khosh navaz
f,khoshnood
f,khushe
m,khosh chehr
f,khosh chehre
f,khoshgam
f,khoshgu
m,khosh yar
f,khoshid
f,khoshin
f,khosh bakht
f,khosh roo
f,khosh ghadam
m,khosh manesh
m,khunas
m,khunireth
f,khvaybar
m,khayyat
f,khayyateh
f,khiyāl
m,khayyam
m,khaybar
m,khaybar ali
m,khaybar ali
f,khayjeh
m,kheydan
m,kheyr alá
m,khayr al-din
m,kheyrollah
f,kheyr al-nasā
f,kheyr al-nisā
f,khayr al-nisā'
f,khayr al-nasa
m,kheyrollah
f,kheyr ansa'
f,kheyr bi bi
m,kheyr ali
m,kheir mohammad
f,kheir nasa
f,kheyr nesa
f,kheyr nasar
m,kheyr gard
m,kheiralollah
f,khayra lensa
m,khayradad
m,kheyral
m,kheyrollah
m,kheyr al-din
m,kheirallah
m,kheyrollah
f,kheyronnesa
f,kheyrolnasa
f,kheyralnisa
f,khayr al-nisā
f,kheyralnisa
m,kheyrollah
m,kheirallah
f,kheyran
m,kheyrandish
f,kheyransa
f,kheyransa
f,kheyransay
f,kheyrbāy
f,khayrebah
f,khayrabi bi
m,khayrat
m,khayratsā
m,kheyrali
m,kheirmohammad
m,khayr morad
f,kheyrnasa
f,kheyrnasā
m,khireh
f,kheiri
f,kheiri bigom
f,kheiriyeh
f,kheyriyeh begam
f,khizran
m,kheyzaran
f,kheydaran
m,khaylil
m,da pala
f,dame
m,datam
m,datamis
m,datan
m,dāteh
m,datis
m,dad
m,dad khoda
m,dad rahman
m,dad abbas
m,dad ali
m,dad mohammad
f,dadafarid
m,dad afarid
f,dadāfarin
m,dad afarin
m,dad avar
m,dadakhoda
m,dadar
m,dadash
m,dadash ali
m,dadash ali
m,dadashgholi
m,dadashi
m,dadollah
m,dadallah
m,dadban
m,dad bakhsh
m,dadbarzin
m,dad beh
m,dad bin
m,dad ju
m,dadkhoda
m,dadkhah
m,dād
m,dadran
m,dadras
m,dadsetan
m,dadshah
m,dadabbas
m,dadali
m,dad far
m,dadfarokh
m,dadforoz
m,dadfarin
f,dadli
m,dad mohammad
m,dadmorad
m,dad mehr
m,dadmola
m,dadnam
m,dadeh
m,dad hormoz
m,dado
m,dadud
m,dadvar
m,dadoud
m,dadviyeh
m,dadpuyeh
m,dadkar
m,dadkarim
m,dadgar
m,dadi
m,dadyar
m,dar baloot
m,dār yush
m,dara
m,darab
m,daran
f,darana
m,dars
m,darman
m,darnush
f,darniya
m,darood
m,darush
m,darwin
m,darviyush
f,dar gol
f,darya
m,dariya
f,dariya dokht
m,dariyan
m,daryav
m,daris
m,dareyn
f,darina
f,darineh
m,darinush
m,daryo
m,daryu
m,darush
m,dariush
m,daryun
m,dashab
m,dashad
m,dashgholi
m,dashi
m,daei
f,dalgha
m,dalia
m,damad
f,damaspiya
m,daman
f,damla
m,damur
m,damun
f,damuna
m,damyar
m,damin
f,damineh
m,damine
m,dan
f,dan anar
f,dan il
m,dana
f,danadokht
m,danadel
m,dana mehr
f,danak
m,danbal
m,danesh
m,daneshmand
m,daneshvar
m,danqatar
m,danande
f,dāneh
m,dano
m,danush
f,danzheh
m,dang atar
f,danya
m,daniya
m,danya l
m,danyar
m,daniyar
m,daniyal
m,danyal
m,danis
m,daniel
m,dahiye
m,dav
m,davood
m,davar
m,davood
m,davood reza
m,davood shah
m,davood ali
m,davood morad
m,davoodbakhsh
m,davoodreza
m,davud ali
m,davood morad
m,davar
m,davar khah
m,davar ali
m,davara
m,dāveh
m,davud
m,davood ali
m,davood morad
m,davudreza
m,davood morad
m,david
m,davin
m,dazho
m,dazhyar
m,daya
f,dayar
m,dayan
f,dayana
f,dayana
m,dayanj
m,dayanch
f,dayrak
m,dabhezad
f,dajleh
m,dahim
f,dokht
f,dokht-e mehr
f,dokhtar
f,dokhtar bas
f,dokhtarbass
f,dokhshid
f,dokhmal
m,dakhil
m,dakhil allah
m,dakhil abbas
m,dakhilaleh
f,dadeh naz
f,dar bi bi
f,dar soltan
m,dar mohammad
f,dor asa
f,dora
f,daraj
m,doras
f,dor afshan
m,daran
m,darayush
m,darbān
f,dor bano
f,dor baha
f,darbibi
f,dorta
f,dartaj
f,dorsamin
f,dorjan
f,darakhatoon
f,derakhsha
f,derakhshan
f,derakhshande
f,derakhshi
f,dor dane
f,dardi
m,dardi qoli
m,dardi qolich
m,dardi mohammad
m,dardi morad
f,dardi gol
f,dorriz
f,dorzad
f,dorsa
f,dorsan
f,dorosti
f,dorsin
m,darashte
f,dor fam
m,derafsh
f,darafshan
f,darman
m,darmaneh
m,dar mohammad
m,darmalak
f,darmaneh
f,dorna
f,dor naz
f,darnal
f,darne
f,dorniyan
f,dor nika
f,dorreh
f,dorvar
m,dorud
m,darush
m,darvish
m,darvish beg
m,darvish abbas
m,darvish ali
m,darvish mohammad
m,darvishali
m,darchal
m,darchak
f,dorchida
m,dargah
f,dor gol
f,dari
f,dorri
f,darya
f,darya
m,darya qoli
f,darya dokht
m,daryadel
m,daryadis
m,deryas
f,daryafarin
m,daryaqoli
f,daryamehr
f,doryana
f,daryanaz
m,doryaneh
f,dorita
m,dariz
f,doris
f,darim
m,darin
m,dorin
f,dorina
f,dorri nush
f,doriye
f,dezireh
m,dast ali
m,dast gol
m,dastan
f,dastanbu
f,daste gol
m,dastegir
m,dastgir
m,dastgīr ali
m,dasam
m,dasool
f,despina
m,dasim
m,doshad
m,dashti
m,dashmeh
m,doza
f,doea
m,deebal
f,da'na
m,da'vat
m,dahir
f,doghdo
m,dafil
f,del azin
f,del araa
f,del aram
f,del asa
f,del aviz
f,del aram
f,del bahar
m,del morad
f,del nia
f,del ara
m,del aray
f,del asa
m,del aviz
f,dela
f,delara
f,delaram
f,dolaram
f,delaris
f,del afruz
m,dalal
f,delan
f,delana
m,del angiz
f,delava
m,del avar
m,delavar sharif
f,delaviz
f,delavin
m,del avizh
m,delayat
f,delban
f,delbanu
f,del bar
m,delbar ahmad
f,delbarnaz
f,del band
f,del bahar
m,del bidar
m,delbin
m,deljan
f,del ju
m,delkhah
f,del khosh
f,del dar
f,del ram
f,delroba
f,delrobay
f,delrokh
f,delrefin
m,delriyush
f,delzar
f,delsa
f,delsan
f,delsetan
f,delso
f,delsouz
f,del shad
m,delshad khatoon
m,del shid
m,delfa
m,delfan ali
f,del foruz
m,dalqan ali
f,delmah
m,delmorad
m,delmaraz
m,delmiya
f,del naz
m,del neshin
f,del navaz
f,delnush
f,delniya
m,delnyal
f,delnika
f,delha
f,delhan
f,delvar
f,delvan
f,deluseh
f,delush
f,delofan
f,delavan
f,delvin
f,del pak
f,delpazir
m,del pazir
f,delparvar
f,delpasand
f,delzhin
m,delaks
f,delkesh
m,delko
f,delgarm
f,del gosha
f,delgon
f,delia
f,delyad
f,delyar
m,del yar
m,dalib
m,dalir
m,deliqan
m,dalil
f,dalila
m,dalileh
f,dalileh
f,delin
f,delina
f,del ara
f,del ashub
m,del agah
f,delafruz
f,delangiz
m,damavand
f,damsaz
f,daman
m,damor
m,demir
f,dena
f,danbareh
m,dandan
m,dandan آی
f,donya
f,donya
f,donyā nush
f,donyā gazal
m,donyamali
f,deniz
f,denis
f,da da kashi
m,daha
m,dehbashi
m,dehkhoda
m,dahdar
m,dahs
m,dehghan
m,dehlol
f,dehma
m,dehnad
m,dahanz
m,dahyār
m,dahin
m,dahiyeh
m,dava khan
m,davood
f,dor soltan khanom
m,dour mohammad
m,dordi
f,dordi bika
f,dorsoltan khanom
f,doresan taghan
f,doresin
f,doresin bi bi
f,dorna
m,doroudi mohammad
f,doris
f,doziyeh
m,doost ali
m,doost morad
m,dustar
m,dust dar
m,doostali
m,doost mohammad
m,doostmorad
m,dostak
m,doosti
m,doost mohammad
f,doshizeh
m,dovolu
f,dolat
f,dolat bika
f,dolat bi bi
f,dolat taj
f,dolat jamal
m,dolat hossein
m,dolat sehat
m,dolat mohammad
m,dolat morad
f,dolat nesa
m,dolat goldi
m,dolatshahi
m,dolatyar
m,dole
m,dooli
m,domarina
m,duman
f,duna
m,davandi
m,doni
m,donyā
m,dood
m,dovvi qalich
f,doka
f,davigho
m,dazhar
m,dezhan
m,doktor
m,doktor akbar
m,degarnoohi
f,dinaz
f,diya
m,diyako
m,diab
m,diyar
m,diyar ali
m,diyara
f,diyar dokht
f,diyari
m,diyalo
m,diyan
m,dayyan
f,diana
f,diyana
f,diyanat
m,diyanat allah
m,diyanush
m,dianush
m,diako
m,diyako
f,diba
m,dibaj
f,dibadokht
f,dibarakh
f,dibarokh
f,dibachehr
m,dibarg
m,didar
f,didar
m,didar ali
m,didar ali
m,dide
m,dideh ban
m,dir mohammad
m,diravan
f,dila
m,dilan
f,dilan
m,dilak
m,dima
f,dimah
m,diman
m,dimeh
f,din ara
m,din mohammad
f,dina
m,dina
f,dinar gis
f,dinaz
m,dinamali
m,din beh
m,din dar
f,din dokht
m,dīnshāh
m,dinaali
m,din mohammad
f,dineh
f,dino
m,dinvar
m,dinvand
m,din yad
m,diniyar
m,din yar
m,dihim
m,deyhim
f,divā
f,divan
m,divanali
m,david
m,dikran
m,zatollah
m,zatollah
m,dariush
m,zal beg
m,zalfaghar
m,zolfaghar
m,zavod
m,zavd
m,zaker
f,zakereh
m,zakeri
m,zakerin
m,zabih
m,zabihollah
f,zabihah
m,zabihollah
m,zabihullah
f,zabideh
m,zabir
m,zabih
f,zara
m,zargham
f,zari
m,zarineh
m,zorriye
f,zalfa
m,zolfali
m,zolfaghar
f,zolfnaz
f,zolfi
f,zalgi
f,zalija
f,zalikhah
m,zamadan
m,zamdanali
m,zahab
m,zahab
f,zohreh
m,zohayb
f,zahibe
m,zahid
m,zahin
m,zolfaqar
f,zolikha
m,zavāfqār
m,zolfaazl
m,zolfa'ali
m,zolfaqar
m,zolfeghar
m,zolghadr
m,zolnur
m,zolnun
m,zoghali
m,zogh ali
m,zoghali
m,zolfa'ali
m,zolfaghar
f,zolikhā
f,zolikhah
m,zaka
m,zekr allah
m,zekr-e elah
m,zekr ali
m,zekr ya
m,zekr-alah
m,zekrollah
m,zekrollah
m,zekrali
m,zekra
m,zekeriya
m,zekriagholi
m,zaki
m,zaki allah
f,zakiyeh
m,zakiyeh
m,zhi al-din
m,ziyab
m,zibahollah
m,zeydollah
m,zinat
m,ziyavq ali
f,rbabeh
m,rahman
m,rahim
f,rakhsaareh
f,rakhshandeh
m,rafi'
f,roghieh
m,r ramazan
f,rafat
m,rafatollah
f,royā
m,reo
m,rauf
f,raufeh
f,raziyeh
m,ra miar
m,ra min
m,raef
m,rain
m,raeek
f,rayka
f,raika
m,rabih
f,rabeheh
m,rabar
m,robert
f,rabeee
f,rabeghe
f,rabo
m,rabon
m,rabona
f,rabiya
f,rabiee
m,rabin
f,rabieh
f,rata
f,rata naz
m,ratin
f,ratina
m,rasin
m,rajebe
f,raji
m,rahaa
m,rahab
f,rahel
m,rahalkhe
f,rahele
f,raheleh khatun
m,rahem
f,raheme
f,rahil
f,rahileh
f,rahin
m,rakhoda
m,rad
m,rad ali
f,rada
m,radan
m,radbod
m,radbarzin
m,radbeh
f,raddokht
m,radaris
m,radsam
m,rada'ali
m,radef
m,radfar
m,radfarokh
m,radman
m,radmard
m,radman
m,radmanesh
m,radmehr
m,radmin
f,raden
m,radnosh
m,radnik
m,radvin
m,radian
m,radin
f,raz
f,raz bi bi
m,raz mohammad
f,razan
f,razaneh
f,razave
m,raz bin
m,raz dar
m,razq
f,razeghi
f,razaghieh
m,razmohammad
m,raz mehr
m,razmik
f,razak
m,razi
f,raziyaneh
f,raziel
f,razima
m,razin
f,razieh
m,rasan
m,rastin
m,rasjad
m,rasekh
m,rashtu
m,rasem
f,rasen
f,raspina
m,rasin
f,rasha
m,rashed
f,rashedeh
f,rasher
f,rashel
m,rashen
f,rashnu
m,rashvand
m,rashid
m,rashin
f,rasieh
m,raza
f,raze
m,razi
f,razi beg
f,raziye
f,razieh
f,razieh bigam
f,raziyeh
f,razieh
f,razieh begom
m,ra'ali
m,ragheb
f,raghebe
f,raghede
m,rafael
m,rafa'il
f,raft
m,rafed
f,rafede
m,rafe
f,rafee
f,rafa'i
f,rafeq
f,rafeh
f,rafune
m,rafiq
m,rafik
m,raqil
m,ram
f,ram afza
f,ram afzoon
f,ram banu
m,ram barzin
f,rambehesht
m,ram tin
f,rama
m,raman
m,ramana
m,rambod
m,rambod
m,ramtan
m,ramtin
f,ramtina
m,ramathan
m,rameh
m,ram mohammad
f,ram dokht
m,ramz
m,rams
m,ramsin
f,ramsina
f,ramesh
m,ramshad
f,rameshdokht
f,ramshin
m,ramfar
m,ramen
m,ramand
m,ramaneh
f,rame
m,ramon
f,ramona
m,ramak
m,rami
m,ramiya
m,ramyad
m,ramiyad
m,ramyar
m,ramita
m,ramitin
m,ramitin
m,ramiz
f,ramisa
f,ramila
m,ramin
m,ramina
f,ramindokht
f,ramineh
f,ramiyeh
f,rana
m,rani
f,raniya
f,raniye
f,rah bi bi
f,rah khoda
m,rah ali
f,rahib
m,rahbar
f,rahebeh
f,rahleh
m,rahnama
m,rahom
m,rahi
m,rahid
f,raheel
f,rahiila
f,rahileh
f,rahin
m,rahiyeh
m,ravash
f,ravak
m,ravi
m,raviz
f,raviz
f,ravis
m,ravis
m,ravin
m,raviyeh
m,ravieh
m,ravizh
f,rapunzel
m,razhan
f,razhaneh
m,razhvar
f,razhis
m,rakan
m,rake
f,rakeeh
m,raqvil
f,raya
m,rayan
m,rayb
m,raybod
f,rayehe
m,rayed
m,rayd razi
f,raysa
m,rayshan
m,rayman
m,raymand
m,raymon
m,rymond
m,rayan
f,rayna
m,raynik
m,rayhan
m,rayoub
f,rayomand
m,rayka
m,rain
f,rayika
m,rab ali
f,robab
f,rabab khanom
f,rababah
f,robabe
f,rababeh begom
f,rababeh bigom
f,rababeh khatun
f,rababeh khanom
f,rababeh soltan
m,rabanali
m,rabani
m,rabāyeh
m,rabda
m,roba'ali
m,raban
f,rebeka
m,rabi
f,rabideh
m,rabi
m,rabii
m,rabie allah
m,rabie allah
m,rabie sa
m,rabie ali
m,rabiazd
m,rabiali
f,rabiee
f,rabiyeh
m,rabii
m,rebin
f,rabieh
m,rabivar
f,retaj
f,ratḥaleh
m,raza
m,ratmin
m,ratiya
f,raja
m,raja'
m,raja'
m,rajai
m,rajab
m,rajabollah
m,rajab amin
m,rajab bardi
m,rajab taqan
m,rajab dardi
m,rajab doordi
m,rajab qoli
m,rajab qolich
m,rajab mohammad
m,rajab morad
m,rajab nazar
m,rajab goldi
m,rajabali
m,rajabqoli
m,rajabi ali
m,rajab ali
m,rajabali
m,rajabali
m,rajaali
m,rajman
m,rajib
m,raji'ali
m,rojighli
m,rajim
f,rohab
m,raham
m,rahd
m,rahleh
m,rahm
m,rahm allah
m,rahm khoda
m,rahm del
m,rahman
m,rahman bardi
m,rahman ali
m,rahman qoli
m,rahman mousavi
m,rahman narenj
m,rahman vardi
m,rahmanali
m,rahmanqoli
m,rahmat
m,rahmatollah
m,rahmatollah
m,rahmat allah
m,rahmat din
m,rahmat ali
m,rahmatollah
m,rahmatollah
m,rahmatollah
m,rahmatali
m,rahmatgholi
m,rahmatollah
m,rahmati
m,rahmatollah
m,rahm del
m,rahmandin
m,rahma'ali
m,rahman
m,rahman bakhsh
m,rahman bardi
m,rahman khoda
m,rahman ali
m,rahman qoli
m,rahmanqoli
f,rahmeh
f,rahimi
f,rahimieh
f,rahil
f,rahileh
m,rahim
m,rahim al-din
m,rahim allah
m,rahimollah
m,rahim bakhsh
m,rahim bardi
m,rahim hossein
m,rahim ali
m,rahim qoli
m,rahim hadi
m,rahim vardi
m,rahim peyman
m,rahimali
f,rahime
f,rahimeh
f,rahimeh bigam
f,rahimeh khanom
f,rahimeh nesa
m,rahimi
m,rahinam
f,rahik
f,rokh afruz
m,rokham
f,rokhamin
f,rakhtaneh
f,rokhsar
f,rokhsare
f,rokhsan
f,rokhsana
f,rokhsaneh
f,rokhsalreh
f,rakhsha
f,rokh shad
f,rakhshan
f,rakhshaneh
f,rakhshande
f,rokhshid
f,rokhshide
f,rakhshideh
f,rokh foruz
m,rakhman
f,rakhna
f,rokhnar
f,rokh naz
f,rokhand
f,rokhak
f,rokhgol
f,rakhimeh
f,rada
m,radniya
m,radouf
f,rodgoun
f,radimeh
f,radina
m,razeshid
f,rarazieh
f,roz
m,roz mohammad
f,rozana
f,roza
f,rozara
f,rezafshan
m,razzagh
m,razaghollah
f,rozalin
f,razan
f,razana
f,roz rokh
f,rozsa
m,rizq allah
f,razaqieh
m,razmgar
m,razm ara
m,razman
f,rozmaya
m,razm ju
m,raz mehr
m,razmi
m,razmyar
f,razamin
m,razmin
m,razmina
f,roz naz
f,roz nila
m,razvan
m,rezgar
m,razgar
f,roz gol
f,rozi
f,razyaneh
f,rozita
m,razij
m,razigheh
f,razin
f,razin dokht
f,razina
f,raziyeh
m,resa
f,rasabanu
f,resa dokht
f,resaleh
m,rassam
f,rasta
f,rosta
m,rastar
m,rastan
f,rastak
m,rostam
m,rostam beg
m,rostam big
m,rostam khan
m,rostam ali
m,rostamali
m,rostam
m,rostak big
m,rostkar
m,rastgar
m,rastin
m,rasa'id
m,rasul
f,rasmi jan
f,rasmiyeh
m,rosva
m,rasul
m,rasulollah
m,rasul bakhsh
m,rasul dad
m,rasul sharifian
m,rasul ali
m,rasul kazemi
m,rasoulbakhsh
m,rasouli
m,rasul allah
m,resoon
f,raspina
m,raspina
f,rasha
m,rashad
m,rashadat
m,rashtak
f,rasteh
m,roshdiye
m,rashma
m,rashnan
m,rashnavad
m,rashnavaz
m,rashvan
m,rashpasool
m,rashid
m,rashid al-din
m,rashid ali
m,rashid mohammad
m,rashida
m,rashidoddin
m,rashid al-din
m,rashid ali
f,rashideh
m,rashidi
m,rashina
f,rasvan
f,rasieh
m,reza
m,reza ahmad
m,reza bakhsh
m,reza hossein
m,reza khun
m,reza dad
m,reza reza
m,reza torahani
m,reza abdollah
m,reza ali
m,reza ali mard
m,reza qoli
m,reza mohammad
m,reza morad
m,reza karam
m,zeda karam
m,reza kamal
m,reza kiaksar
m,reza arash
m,razahosseyn
m,rezaali
m,r zagh
m,razaghli
m,rezaghli
m,rezamorad
m,rezamalali
m,rezamirza
m,razapur
m,razagoli
m,razayat
m,rezayi
f,razva
f,rezvat
f,rezvan
f,rezvān allāh
m,rezvān ali
f,rezvandokht
m,rezvānali
f,rezvane
m,raziy
m,razi al-din
m,razi allah
m,raziollah
m,raziyoddin
m,razi'
f,razieh
f,razieh khatoon
m,ratabeh
m,razh
m,reza
m,raed
m,ra'd alvan
m,ra'adeh
m,ra'fat
f,ra'fat al-muluk
f,raena
f,ra'na
m,ra'uf
m,ra'ufe
f,raya
m,raghaybali
f,raghbiyeh
m,raghad
m,reghman
f,raghna
m,raghibollah
f,raghibeh
m,raghieh
f,rofaeil
m,rafan
m,rafaan
f,rafeat
f,ref'atollah
f,raf'atollah
f,raf'atollah
m,rafahi
m,raf'in
m,rafiya
m,rafijeh
f,rafida
m,rafideh
m,rafie
m,rafi'
m,rafi' al-din
m,rafi' allah
m,rafi'ollah
m,rafie ali
m,rafieoddin
m,rafiali
f,rafiee
m,rafiee
m,rafiei
f,rafigha
f,rafif
m,rafiq
f,rafighé
f,rafimeh
f,rafieh
m,raqabat
f,raqabeh
f,raqseh
f,raqsi
m,raghib
f,raghibeh
f,raghiyeh
f,raghi'e
f,roghieh
f,roghayeh
f,roghieh banoo
f,roghieh begum
f,roghieh bigom
f,roghayyesana
f,roghieh khatun
f,roghayyekhatun
f,roghieh khavatun
f,roghayyezahra
f,roghayehzeinab
f,roghieh soltan
f,roghayehesra
f,roghayehmaysa
f,raghiyeh
f,roman
f,rommane
m,ramroodi
m,ramzollah
m,ramzali
m,ramzi
m,ramza
m,ramza na'li
m,ramazan
m,ramazan sirous
m,ramazan ali
m,ramazanali
m,ramazanil
m,ramazanqoli
m,ramazanli
m,ramazani
m,ramzalanali
f,ramziyeh
m,ramand
m,rameh
m,ramya
m,ramyar
m,ramiaz
m,ramiz
f,ramisa
m,romaysa
m,ramiz
m,ramileh
f,remiliya
m,ramina
m,ramineh
f,rana
f,rannan
f,rannaneh
m,ranjbar
f,renmat
f,ranoosh
m,renouf
f,rangis
f,rangin
f,rangin tala
f,rangineh
f,ranin
m,rahbin
m,rah vaz
f,raha
f,rohab
m,rahad
f,rahadokht
m,rahadak
m,rohham
m,rehamoddin
m,rohamir
m,rahan
m,rahagashté
m,rahban
m,rahbar
m,rahbar ali
m,rahbar ali
f,rahra
f,rahna
m,rahnama
m,rahva
m,rahvar
m,rahvar
m,rahi
m,rah yab
m,rahyar
f,rahineh
m,ro allah
m,ruhollah
m,ruhollah
f,ro'fiya
f,rava
m,ravan
m,ravan mehr
m,ravanbakhsh
m,ravanshad
m,ravan shid
m,ravānali
f,ravaneh
m,ravān bakhsh
m,ravayat
f,rubab
f,rubabeh
m,robakhsh
m,roubakheir
m,ruben
m,robita
f,robina
m,routak
f,roja
m,rojal
m,roojaali
m,rooji
m,rojyar
m,rujyar
f,rojieh
m,ruh alah
m,ruh atteh
m,ruh al-amin
m,ruhollah
m,ruh al-tah
m,ruh al-din
m,ruhollah
m,rouhollah
m,ruhollah
f,ruh anqiz
f,ruh angir
m,ruh taleh
m,ruh ruhollah
m,ruhollah
m,ruh leh
f,ruh naz
m,ruh valeh
f,ruha
m,rohad
f,ruh afza
m,ruholamin
m,ruhoddin
m,ruhollah
m,ruhollah
m,rohan
m,ruhani ali
m,ruh angiz
m,rohab al-bin
f,ruh bakhsh
m,ruhali
f,ruhangiz
f,roohi
f,rohina
f,ruhiyyeh
f,ruh afza
m,ruh al-amin
m,ruhollah
f,ruhangiz
f,ruhangiz khanom
f,ruh bakhsh
f,ruh parvar
m,rukhollah
m,rokhollah
f,rokhush
f,rokhi
f,rood
m,rood ali
f,ruda
f,rudabe
m,rudak
m,rudin
m,rooz
m,rooz ali
m,rooz gol
m,rooz yi ali
f,ruza
f,roozafzoon
m,roozamalek
f,ruzan
f,ruzana
m,ruzban
m,ruzbeh
m,ruzbehan
m,roozali
m,rooz mohammad
m,ruz mehr
m,ruzmak
m,roze ali
m,roosevelt
f,ruz chehr
m,ruzak
m,rozegar
f,rozi
m,rozi ali
f,rozi gol
f,ruzita
f,razin
f,ruzieh
f,rusa
f,rusana
f,rusha
m,rosham
f,rowshan
f,roshana
m,roshak
f,rowshan
f,roshan taj
f,roshan rokh
m,roshan ali
f,roshan mehr
f,roshan chehr
f,rowshana
f,rowshanan
m,roshanaei
f,rowshandokht
f,rowshanrokh
m,roshanali
m,rowshanmehr
f,roshané
f,rowshanchehr
f,rowshanak
m,roshan fikr
f,roshina
f,roozan
f,roze gol
f,roghal soltan
f,roghieh
m,rooft
f,ruf'at
f,rofla
f,rufia
f,rufiya
f,rufideh
f,roghieh
m,roul
m,room
m,room ali
f,roma
f,romang
m,romak
m,romel
f,romisa
f,romina
f,romiyeh
f,rona
f,ronaz
f,runas
m,ronald
f,ronahi
f,runak
f,ronaki
m,ronek
m,runiya
f,ronia
f,roniyas
f,rouniz
f,ronisa
f,runika
f,rohangiz
f,rohat
f,roohaleh
m,roham
m,rohan
f,rohangiz
m,ruhina
f,rohina
f,revomang
f,ropak
f,rupiya
m,ruchyar
f,rozh
f,ruzhava
f,ruzha
f,ruzhan
f,ruzhanu
f,rozhbin
f,ruzhda
m,ruzhman
f,roojan
f,rozhena
f,rozhnak
f,ruzhe
m,ruzhhat
m,ruzhiya
f,rojia
m,ruzhyar
f,roozhiyar
f,rozhita
f,ruzhin
f,rojin
f,ruzhina
f,rojina
f,rozhiyar
f,rokal
f,roya
f,roya
f,royakhanom
f,royal
m,ruyan
m,rovaida
f,roidā
f,rooz
f,roysa
m,roin
m,ruyeh
m,ruyuf
m,royya
f,ruyideh
f,ruyil
m,ruiyn
m,ruyin
m,ruiyntan
f,rozha
f,rozhan
f,razia
f,razin
m,rokab
m,rokabali
m,roksar
f,roksan
f,roksana
f,roksane
f,roksaneh
f,roksana
f,rakshana
m,roknoddin
m,rokn al-din
m,riya
f,riyah
f,riyāhe
m,riyaz
m,rayan
m,riyan
f,riyana
m,riba
m,ribar
m,ribaz
m,ribar
m,ribarar
m,ribvad
m,ribvar
m,riboyar
m,ribin
f,rita
f,ritaj
f,rijina
f,reyhan
m,reyhan
m,rayhan allah
f,reyhan banu
f,reyhana
m,reyhaneh ali
f,reyhane
f,reyhaneh
f,reyhanezahra
f,reyhanezeynab
m,rir
f,rira
f,rira
m,rizan
f,rizeh banu
f,rizeh gol
f,rizehgol
m,rīs
m,ris bay
m,risan
f,risla
m,raisi
m,rishad
f,rishna
f,rita khatoon
f,riqeh
m,rim
f,rima
f,rimas
m,rein
m,reyn al-abidin
f,reina
f,rinas
f,rinam
f,riyeh
f,riham
m,rihaneh
m,riyu
f,riva
f,rivās
m,riyof
m,rioufollah
f,riyuniz
m,rivniz
f,rizhneh
m,rizhvan
f,rizhin
f,rika
f,rikan
m,rigo
m,rigvar
m,riis beg
m,rayis morad
f,riiseh
m,zeus
m,zaan
m,zayer
f,zaere
m,zab
m,zad
m,zad ali
m,zadan
m,zadan far
m,zadan farokh
m,zadbeh
m,zadsarv
m,zadashm
m,zad farrokh
m,zadman
m,zad mehr
m,zadeh
m,zadeh gol bahar
f,zadak
f,zara
m,zareh
m,zare' koliini
m,zarmik
m,zashd
f,zazieh
m,zaed
m,zafar
m,zal
m,zal mohammad
m,zal'abedin
m,zalfa'li
m,zolfaghar
f,zali
m,zamel
m,zami
m,zamyad
m,zamiyad
f,zamir
m,zana
f,zanus
m,zanko
m,zanyar
m,zanis
m,zahed
m,zaheddin
f,zahedeh
m,zaher
f,zahereh
f,zāhel
f,zahid
m,zava
m,zaver
m,zavosh
m,zaven
m,zavish
m,zakavi
m,zaker
m,zakers
f,zākere
f,zakiye
m,zagros
m,zagros
f,zaya
m,zayed
m,zayer
m,zaynar
f,zayehle
m,zabdashuri
m,zabr jad
m,zabar ali
m,zabarjad
f,zabnab
f,zabur
m,zabi
m,zabiyollah
m,zabih allah
m,zobeyd
f,zabiddeh
f,zabideh
m,zobeyda
f,zabideh bigom
f,zabideh khatoon
m,zobair
m,zobayr
m,zobair ahmad
m,zabireh
m,zabi'
f,zabinde
f,zohal
m,zahman
m,zahmat
m,zakhsaareh
m,zar
m,zar afshan
f,zar banu
f,zar bi bi
f,zar khatun
f,zar alam
m,zar ali
f,zar neshan
f,zar pari
f,zar gol
f,zar asa
f,zarali
f,zara
m,zarathosht
f,zar akhtar
m,zorar
m,zorareh
m,zarasp
f,zar afshan
f,zarandam
f,zarangiiz
f,zarangiis
m,zaraveh
f,zarba
f,zar bar
f,zarbalā
m,zar ban
f,zarbano
f,zarbi bi
f,zarbin
f,zarta
f,zartaj
m,zartosht
f,zarjan
f,zarjin
m,zarhiyā
f,zarkhatun
f,zar khanam
f,zard negel
m,zardadeh
m,zardasht
m,zardasht
f,zar dokht
m,zardosht
m,zardehosht
m,zar dis
f,zardis
m,zardin
f,zarsa
f,zarestan
f,zarsham
m,zarali
m,zargham
f,zarghoon
f,zar fam
f,zarafaneh
f,zarafshan
f,zargha
f,zarqam
m,zarqan
f,zarqalam
f,zarqoneh
f,zarm
f,zarman
f,zarmah
f,zarmalak
m,zar mehr
f,zarmi
f,zarmineh
m,zarmik
f,zarn taj
f,zarnaz
m,zarneshan
m,zar nush
m,zar negar
f,zarangis
f,zareham
m,zarvan
m,zarvandad
f,zarvan dokht
m,zarvanmehr
m,zarvand
f,zar pari
m,zarpanjeh
f,zarka
f,zar kam
f,zargār
f,zargan
f,zar gol
f,zargis
f,zargiso
f,zar gisu
f,zari
f,zari bas
f,zari bigalam
f,zari mah
f,zari gol
f,zarya
m,zar yab
f,zaryan
m,zeryan
f,zariba
f,zaridokht
m,zarir
f,zarir
f,zarif khatam
f,zarifeh
f,zarrin
m,zarrin
f,zarin bahh
f,zarrin banu
f,zarrin taj
f,zarrin taj
f,zarrin hal
f,zarrin khah
f,zarrin dokht
f,zarin doost
f,zarrin tala
f,zarrin mehr
f,zarrin nargeseh
f,zarin negar
f,zarin homay
f,zarrin hoore
f,zarrin chehr
m,zarrin kolah
f,zarrin gol
f,zarin gis
m,zarinar
f,zarintaj
f,zarrindokht
f,zarindokht
m,zarrinmehr
f,zarineh
f,zarrine
f,zarieh
m,zaryon
m,zastam
m,zestamali
m,zesul
m,za'fer
f,zaferan
f,za'lan
m,zaeliye
m,zaeed
m,za'ir
m,za'im
m,zaeim
m,za'im al-din
f,zafshan
f,zaghieh
f,zolal
f,zolaleh
m,zolf ali
f,zolfa
m,zolfali
m,zolfaghar
f,zolfi naz
f,zolfieh
f,zalmeh
f,zalmi
f,zalijā
f,zalikh
f,zolikhā
f,zoleykha
f,zolikhah
f,zolikhah
m,zalima
m,zamad
m,zaman
m,zaman al-din
m,zamanollah
m,zamanollah
m,zaman mohammad
m,zamanali
f,zamane
m,zamaran
f,zomorrod
f,zomreh
f,zamari
f,zamzam
f,zemzemeh
m,zaman
f,zamira
f,zamin taj
f,zamīneh
m,zanb
m,zanbar
m,zanbaq
m,zand
m,zende ali
m,zanab
m,zenon
m,zangal
m,zanganeh
m,zangah
m,zango
m,zangoozar
m,zangineh
m,zani
m,zanyan
m,zanik
m,zoha
m,zahab
m,zahtab
m,zohdi
f,zahdieh
m,zahr
f,zahra
f,zahra ashraf
f,zahra al-sadat
f,zahrabanu
f,zahra begom
f,zahra bigom
f,zahra bi bi
f,zahra khatoon
f,zahra khanom
f,zahra khanom
f,zahra zarrin
f,zahra soltan
f,zahra m
f,zahra minoo
f,zahra nasa
f,zahra nira
f,zahrayas
f,zahra yabgam
f,zahra
f,zahrab
f,zahrabi zi
f,zahrabigam
f,zahraat
f,zahra khatoon
f,zahra khanom
f,zahradokht
f,zahra soltan
f,zahrafarideh
f,zahraal
f,zahra al-sadat
f,zahramaryam
f,zahranaz
f,zahranasa
f,zahraچ
m,zahrkhan
f,zohre
f,zohreh aghdas
f,zohreh banoo
f,zohreh bigam
f,zohreh haji
f,zohreh hossein
f,zohreh khan
f,zahmara
f,zahnat
f,zaheh
f,zohur
f,zohuri
f,zahi
m,zahid
m,zohayr
m,zahir
f,zahira
m,zohayra
f,zahireh
f,zahimeh
m,zavar
m,zavare ali
m,zavareh
f,zavalikha
f,zobideh
m,zobin
m,zubin
f,zorar
m,zoran
m,zoritsa
f,zusha
f,zufa
m,zolad
m,zolf ali
m,zolfali
f,zulia
f,zolikhā
m,zomil
f,zohar
m,zoopir
m,zopin
f,zoya
f,zavid
f,zavideh
f,zoish
m,zuein
m,zaka'
m,zakayeh
m,zakar allah
m,zekrullah
m,zekrali
m,zakariya
m,zakhariya
m,zakerisano
m,zaki
m,zaki al-din
m,zaki allah
m,zaki allah
m,zakiya
m,zakiye
f,zakiyeh
f,zegma
f,zagieh
m,ziya
m,zia al-din
m,ziyab
m,ziad
m,ziyad ali
m,ziyadali
f,ziadeh
m,ziadin
m,ziyar
m,ziyarat
m,ziyarat ali
m,ziyaratali
m,ziyāq
m,ziyan
m,ziyā
m,zib
f,zib al-nisā'
m,zibollah
m,ziba
f,ziba bigom
f,ziba khanom
f,ziba dokht
f,ziba gol
f,zibadokht
f,zibarokh
m,zibaru
f,zibaroo
m,zibamohammad
f,ziban
m,ziban
f,ziba chehr
f,zibeh
f,zibdeh
m,zibar
f,zibaneh
f,zibande
f,zibandeh
f,zeytab
m,zeytali
f,zeytun
m,zaytun
f,zeytun khatoon
f,zeytuneh
m,zaytune
f,zihan
m,zayd
m,zeyd
m,zayd allah
m,zayd ali
m,zayd al-'aal
m,zaydollah
m,zeydollah
m,zidan
m,zeydali
m,ziraldin
m,zirallah
m,ziran
f,zirjad
m,zirm
m,zirak
m,ziz
m,zigham
f,zifab
f,zila
m,zeylan
f,zilan
f,zima
m,zeyn a'abedin
m,zin al-abidin
m,zein al-abedini
m,zeinollah
f,zin taj
m,zein ali
f,zina
m,zinal
m,zeynolabedin
m,zeynolbedin
m,zaynoddin
m,zaynoleabedin
m,zina al-abidin
m,zain al-abidin
m,zeinollah
m,zinavand
f,zeynab
f,zeynab al-sadat
f,zeynab banu
f,zeynab begum
f,zeynab bi bi
f,zeynab khatun
f,zeynab khatoon
f,zeynab khanom
f,zeynab khavatoon
f,zeynabgol
f,zeynabch
f,zinat
f,zinat al-zaman
f,zinat al-sadat
f,zinat khatoon
f,zinat khatoon
f,zinat tala
f,zinatoshshariee
f,zeyneti
m,zeinali
f,zeynol
f,zeynol abedin
f,zinous
m,zeynol abedin
f,zini
m,zeyn al-din
m,zeyn al-abidin
m,zain al-abidin
f,ziva
m,zivar
f,zivar
f,zivar taj
f,zivardokht
f,ziyouz
f,zivin
m,zig
m,ziyir
f,ziyande
f,seoda
f,seogi
f,sāhaleh
m,samarand
f,samareh
f,sanaz
m,saeb
m,saasaan
m,saber
f,sabrina
m,sabeq
m,sābeq al-dīn
f,sabod
f,sabin
f,sabineh
f,satrap
m,satlaq qalich
m,satliq qalich
m,satkin
f,satgin
f,sati
f,satiya
m,satiyar
f,satiyam
f,satira
f,satin
m,saj al-din
m,sajed
f,sajede
f,sajedehzahra
m,sajidin
f,sajer
f,sajereh
m,sajaldin
f,saher
f,sahereh
f,sahel
f,sahele
f,sahiyeh
f,sad na
f,sadana
m,saden
f,sadna
f,sadeneh
m,sadeh
m,sadeh mir
f,sadun
m,sadyar
f,sadina
f,sadiyeh
m,saar
m,sār allāh
m,sar mohammad
f,saar naz
f,sara
f,sara banu
f,sara begim
f,sara bi bi
f,sara khatoon
f,sara
f,sarab
f,sarabi bi
f,sarabigam
f,saradokht
f,saral
m,saralah
f,saralmaz
m,sāralah
f,saran
m,saray
m,saraay
m,sarbani
m,sarjeh
f,sārih
f,sardīn
m,sarf
m,sarman
m,sarmān
f,sarme
m,sarmin
f,sarena
m,sarang
f,sarniya
f,sare
f,sareh bikam
f,sareh bigom
f,sareh khatoon
m,saro
f,sarooz
f,sarona
f,saruneh
m,sarvin
m,saruye
m,sarp
m,sark
m,sarko
f,sar gol
m,sargon
m,sari
m,sari khan
m,sari khani
m,sari gholi
f,sari gol
m,sariya
f,sarya
f,sariyan
f,sarisa
f,sarin
f,sarina
f,sarina
f,sarinaz
f,sarineh
f,sariye
f,sariyeh
f,sarizh
f,sarigal
f,sazak
f,sazgar
f,sazin
m,sasan
m,sasin
m,sasha
m,satan
f,satan bi bi
f,satee
m,satyar
m,saadeh
m,saat
m,sāteh
m,saed
m,sa'adbeg
m,sa'ad ali
f,saedeh
f,sā'ereh
f,sā'e
m,sa'i
m,saei
f,saghar
m,saghman
m,saghon
f,sāghi
m,safi
f,saqr
f,saghe
f,saghi
m,salar
m,salar amir
m,salar khan
m,salaarbik
m,salarmahdi
m,salalar
m,salam
m,salkh
m,salkh bardi
m,saldash
m,salar
f,salsa
m,salem
m,salman
f,salemeh
m,saloor
f,salume
f,salviya
m,salek
f,sali
f,saliya
f,salian
f,saliz
f,salin
m,salina
m,sam
m,sam al-din
f,sama
m,sama n
f,samal
m,samalan
m,saman
f,samanta
m,samaneh
m,sambreh
f,samtin
m,samad
m,samer
f,samra
m,samrad
m,samran
m,samerand
m,samrand
f,samere
m,same
m,sama'ali
f,sameeh
m,sāman
f,sameh
m,samool
m,samvil
m,samak
m,sami
m,samya
m,samiya
m,samyar
m,samiar
m,samiān
f,samita
f,samidokht
m,samir
f,samira
m,samiz
f,samila
m,samin
f,samina
f,samineh
f,samiyeh
m,samiye
m,samiyeh jamal
f,sān āy
m,saan ahmad
f,san ay
f,sana
f,sanaz
m,sanal
m,sanan
f,sanay
f,santa
f,sandra
m,sandi
m,sanelz
f,sanli
m,sāneh
f,sanva
m,sanus
m,sanak
m,sani
m,saniya
m,sania
m,sanyar
m,saniyar
f,sanyaz
f,sanita
f,sanil
f,sanila
f,sanieh
m,saha
m,saher
f,sahere
m,sahi
f,sava
m,savash
m,savalan
m,savan
m,savra
m,savereh
m,savari
m,savrin
f,savrina
m,savash
f,savand
m,savang
m,saveh
m,savis
m,saviz
m,savis
f,savin
m,savin
f,savina
f,saviyeh
f,sachli
f,sakar
m,saket
m,sako
f,sayta
m,saya
f,saya
m,sayar
m,sayan
m,saib
m,saytal
m,sayed
m,sayda
m,sayer
f,sayra
m,sayrad
f,sayrav
f,sayreh
m,sayrus
m,sayegh
m,sayem
m,sayman
f,saymah
m,saymeh
f,saina
m,sayna
f,saynaz
f,sayneh
m,saye
f,saye
m,sayhan
m,sayi
m,saeil
f,sayin
m,sayina
f,saba
f,saba fatemeh
m,sabab
f,sabaro
m,sabak
m,sabteh
m,sobhan vardi
m,sobohat
m,sobhan
m,sobhan al-din
m,sobhān allāh
m,sobhān bardi
m,sobhān ali
m,sobhān qoli
m,sobhan mohammad
m,sobhān vardi
m,sobhān veyrdi
m,sobhanali
m,sobhanqoli
m,subhane
f,subhaneh khatoon
m,subhan allah
f,sobhah
m,sabd akbar
m,sabd abdolreza
m,sabrayel
f,sabriyeh
f,sabz banu
m,sabz ali
m,sabz morad
f,sabz pari
f,sabzarang
m,sabzaldin
f,sabzbanou
f,sabzbahar
m,sabzeali
m,sabzmorad
f,sabzeh
f,sabzeh bahar
f,sabze gol
f,sabzeh qaba
m,sabzevar
f,sabzpari
f,sabzak
f,sabzineh
m,sabbaf allah
m,sabqatollah
m,sabalan
f,sabmiyeh
m,sabna
f,sabnam
m,sabahan
m,sabahr
m,sabbuh
f,sobbuha
m,saboktakin
m,sabaktin
m,sabkiyeh
m,sabiti
f,sabideh
m,sabil
f,sabileh
m,sabiman
f,sabiyeh
f,sabike
f,seta
m,setar
m,setatira
f,setatira
m,sattar
m,sattar bardi
m,setar khan
m,setareh bardi
f,setare
f,setaah
f,setak
f,setaya
m,setayan
f,setayesh
f,setayesh zahra
m,setra
m,setorg
m,setvān
f,sotude
f,setareh
f,satoosh
m,seti
f,satyā
f,setila
f,setin
f,setin da
f,saja
m,sajjad
m,sajjad ali
m,sajjad mohammad
m,sajjad ali
m,sajjadeh
m,sajaz
m,sajan
m,sajangoli
m,sajaya
m,sajayed
m,sajjad
m,sajd
f,sajde
m,sajvad
m,sahab
m,sahabali
f,sahabeh
m,sahad
m,sahban
m,sahzar
f,sahar
f,sahar naz
m,sahraab
f,sahral
m,sahran tajkhanom
f,sahraneh
f,saharbanu
m,saharkhan
f,sahrna
f,saharnaz
f,sahar nosh
f,sahreh
f,sahargol
f,sahora
f,sahureh
f,sohail
f,sahin
m,sakha
m,sakhavat
m,sakhavatali
f,sakhaveh
m,sokhar
f,sokhan
m,sokhanvar
m,sakhi
m,sakhi allah
m,sakhi dad
m,sakhi qoli
m,sakhi mohammad
m,sakhi morad
m,sakhid
m,sokhidad
m,sakhideh
m,saddollah
m,sad hassan
m,sad shams al-din
m,sad abad
f,sad marjan
f,seda
f,sadab
f,sadabeh
m,sedar
m,saddollah
m,sadaollah
m,sadanat
m,sadeh hossein
m,sadhkhan
m,sadra
m,sadrām
f,sadrieh
m,sade mohammad reza
m,sade mohammad tagh
m,sadeh mahdi
f,saden
f,sadena
f,sadeh sakineh
f,sadeh fatemeh
m,sadehoun
m,sadid
m,sadidaldin
m,sedis
m,sadeef
m,sadif
f,sadeeqa
m,sadiyeh
m,sar aslan
m,sarollah
f,sar taj
m,sar tip
m,sar khosh
m,sar faraz
m,sar mad
m,sar gard
f,sar gol
f,saraviz
m,sara
m,seraj
m,seraaj ahmad
m,seraajollah
m,seraaj olah
m,sarajaldin
m,serajoddin
m,seraaj al-din
m,sarāslān
f,sarasalane
m,sarraf
m,sarafraz
f,sarafshan
m,sarafil
m,sarallah
m,seraaleh
f,sarandaz
m,sarahi
m,saravani
m,sarāy
m,sorayesh
m,soraye
m,sarāyeh
m,sarbaz
m,sarbazali
m,sarbas
f,sarboland
f,sarbanaz
m,sartap
m,sartib qoli
m,sartip
f,sartipeh
f,sarjan
m,sarham al-din
m,serhan
m,sarhad
m,sarheh dar
f,sorkh o sefid
f,sorkhab
m,sorkhabi
m,sorkhayi
m,sorkheh
m,sorkhush
m,sorkhir
m,sardad
m,sardar
m,sardar hossein
m,sardar ali
m,sardar
m,sardaar ali
f,sardareh
m,sardagher
m,sardasht
m,sardin
m,sardār
m,sarzeh
m,sarzig
m,sarsan bay
m,sarshar
m,sarshin
m,sarfaraz
f,sarafna
f,sarafnaz
m,sarlān
m,sarmad
m,sarmad
m,sarmast
m,sarmali
f,sorme
m,sarmiyan
m,sarmitak
f,sarmin
f,sarminaaz
f,sorna
f,serenad
f,sarnaz
f,serenay
m,sareh
m,sarhad
m,sarhang
f,sarv
m,sarv sh
f,sarv naz
f,sarv gol
f,sarv azad
f,sarva
m,sarvad
m,sarvān ali
f,saruben
m,sarvat
f,sarv tan
f,sarv jahan
m,sorud
f,sarvdokht
m,sarvar
f,sorur
f,sarvar khanom
f,sarvaraezam
f,sarvaral
f,sarvaralmuluk
f,sarvorkhanom
f,sarvareh
f,sarvaz
m,sorush
f,sorusha
m,sorushan
f,sorushe
f,sarvnaz
f,sarve
m,serozh
m,sarok
f,sarvgol
f,sarvi
m,sarvis
m,sarvin
f,sarvin
f,sarvina
f,sarvin dokht
f,sarvine
m,sarzhiak
m,sarkab
m,sarkesh
m,sarku
m,sarkut
f,sarkiz
f,sarkis
f,sargol
f,sargolan
m,sargoon
f,sargiz
f,sargis
m,sarya
m,saryar
m,serita
m,sariheh
m,sareed
m,sarida
m,sarir
f,sareer
f,sarira
m,seyral
m,sariran
m,soriz
m,sarizeh
m,sariq
m,sarin
f,sarin gol
f,serina
m,saringel
m,sariyeh
m,sezavar
m,sasavash
f,sasima
f,seshoulmaz
m,satrā
m,sa
f,sa'adat
f,soead
f,saadat
m,saadatollah
m,sa'adatollah
f,saadat banoo
f,saadat begam
m,sa'adat ali
m,saadatali
m,saadatgholi
f,saeade
m,saaah
m,sa'bud
m,sa'bid
m,saed
m,sa'ad al-din
m,sa'd allah
m,saadollah
m,sa'd yār
m,sa'ada
m,sa'da le
m,sa'dal
m,sa'd al-din
m,saedoddin
m,sa'dollah
m,sa'dollah
m,sa'dollah
m,sa'dan
m,saad mohammad
m,sa'adeh
m,sadun
m,saedi
m,saadyar
m,saadiyeh
m,saediye
m,sa'ad y
m,soeud
m,sa'i
m,saeya
m,saeed
m,saeid
m,saeed ahmad
m,saeed azad
m,saeed al-din
m,saeed allah
m,saeed allah
m,saeed ami
m,saeed bi bi
m,saeed delireh
m,saeed rasa
m,saeed reza
m,saeed reza
m,saeed ramazan
m,saeed ali
m,saeed feyz
m,saeed ghali
m,saeed majid
m,saeed mohsen
m,saeed mohammad
m,saeed morad
m,saeed nemat
m,saeed noroozi
m,saeed goli
m,saida
m,saeed ahmad
m,saeeddodin
m,sa'idollah
m,saeedollah
m,saeidbakhshali
f,saeedbi bi
m,saeedkhan
m,saeedreza
m,saeidreza
m,saeed saleh
m,saeed ali
m,saeed ghafour
m,saeed mohammad
m,sa'id mahdi
f,saeed
f,saeide
f,saideh
f,saideh banu
f,saideh bi bi
f,saideh raziyeh
m,saeed kazem
f,saidi
f,saidiyeh
f,saeidieh bigi
m,sa'id
m,sa'idollah
m,sa'ideh
m,sa'yed
m,sa'yi
m,sa'id
m,soghd
m,soghdiyan
f,soghra
f,soghri
m,safollah
m,safar
m,safar ali
m,safandarmiz
m,sefandiyar
f,safoura
m,safi
m,safiollah
f,sefideh
m,safir
f,safih
m,saqā
m,saqah
m,soghra
m,soghrat
f,saqiyeh
f,sal
f,salāh
m,salāh al-dīn
m,salāh al-dīn
m,salar
m,salaseh
m,salatin
m,salagh
f,solale
f,solalezahra
m,salam
m,salam aleh
m,salam ebrahim
m,salam allah
f,salam gol
m,salaman
f,salamat
m,salamat allah
f,salameh
m,salamollah
f,salāh
f,salb naz
m,salbeman
f,salbi
f,salbi naz
m,saljuq
f,solda
m,saldar
m,saldouz
m,salar
m,selseleh
m,selseleh
m,solta na'li
m,sultan morad
m,soltani
m,soltan
m,soltān ebrāhīm
m,soltān ahmad
m,soltān bakht
m,sultan bardi
f,soltān bibi
m,sultan hasan
m,sultan hossein
f,soltān khānom
m,sultan reza
m,soltān qoli
m,soltān mohammad
m,sultan mahmoud
m,sultan morad
m,sultan karim
m,soltān kalāteh
f,sultan gol
f,saltanbanu
m,soltān hosein
m,soltanreza
m,saltanali
m,soltān mohammad
m,sultanmorad
m,soltānmard
f,soltaneh
m,sultan ali
f,saltanat
m,saltaneh
m,salad
m,salm
f,selma
f,salma
f,solmaz
f,salmas
m,salman
m,salman ali
m,salmanali
f,salmanaz
m,salmaniyeh
f,salmeh
f,salmi
f,salmi naz
m,salmyan
f,salmiyeh
f,selen
f,selena
f,selnaz
f,selva
f,selvan
f,selvana
f,salvor
f,salveh
f,salook
f,salvi
f,salvinaz
f,seliya
f,salida
m,salifollah
m,salile
m,salim
m,salim ebrahim
m,salim ahmad
m,salim allah
m,salim alah
m,salim bardi
m,salim big
m,salim reza
m,soleiman
m,soleyman
m,soleiman khan
m,soleimani
m,soleimanian
f,salimlan
m,salimeh
f,salimeh
f,salimeh bi bi
f,salimeh khatun
m,salin
f,salina
f,soliyeh
f,soliyeh
f,sama
f,sama
f,sama
m,sama' al-din
f,samat
f,samah
f,samahe
f,samarsis
m,samali
m,sama'il
m,smal
m,saman
f,samane
f,samani
f,samāheh
f,samavat
m,samak
f,samay
f,samayeh
f,samāyeh
f,sombeh
f,samtaneh
m,samad
f,samar
f,samra
m,samrrad
m,somran
f,samarkand
m,samzar
m,samsam
m,sam'
f,saman
f,saman andam
f,saman bar
f,saman dis
f,saman rokh
f,saman roo
f,saman sima
f,saman naz
f,saman peykar
f,saman chehr
f,saman chehre
f,saman gol
f,samanbar
f,samanta
f,samandokht
m,samandar
f,samanrokh
f,samanru
f,samanzar
f,samansa
f,samaneezar
f,samannaz
f,samanoy
f,samanchehr
f,sameh
m,samehi
m,samoeil
m,sampat
m,samak
m,samkanan
m,semko
m,somayeh
m,samiāze
m,samih
m,samihea
m,samid
m,samir
f,samir
m,samir mahmoud
f,samira
f,samira bigam
f,semiramis
f,samira
f,samirat
f,samiraal
f,samiral
m,samiralāh
m,samiran
f,samirah
f,samireh
f,samireh bigam
m,sami
m,samie
m,sami allah
m,sami'ollah
m,sami'a
f,samie
f,samileh
f,samimeh
m,samin
f,samin dokht
f,samin zar
f,samin azar
f,samina
f,samineh
f,somayye
f,somayeh
f,somayeh al-sadat
f,samiul
f,samira
f,samiyeh
f,san
f,san naz
f,sana
f,sana
m,sana'aldin
f,sonar
f,sanaz
f,sanas
m,senan
m,sanan al-din
f,sanavar
f,senay
m,sanbad
f,sonbol
f,sonbole
m,sannatollah
m,sanjabi
m,sanjan
m,sanjar
m,sanjé
m,sanjideh
m,sand bad
f,sondos
m,sandal
f,sandus
m,sandin
m,sana'an
f,sanam
f,sanambar
f,sanmir
f,san naz
f,sonobar
f,sennor
f,sanavara
f,sanush
f,sangareh
m,sangin
f,sangin tala
f,soniya
m,saniye
f,seniyeh
m,se yavān
f,soha
m,sahab
m,sahab ali
f,sohad
m,sahadeh
m,sahadi
m,saham
m,saham al-din
m,sahamoddin
f,sahameh
m,sahba
f,sahbla
m,sahd
m,sohdollah
m,sohdollah
f,sohar
m,sohrab
m,sohraab ali
m,sohrabali
m,sohraabi
m,sahram
m,sahran
m,sahrab
f,sahrbanu
m,sohreh
m,sahzab
m,saeid
m,sahl
m,sahl al-din
m,sahl ali
m,sahl mahdi
f,sahla
m,sahlali
f,sahleh
f,sahm
m,sahm al-din
m,sahand
m,sahand ali
m,sahandali
f,sahureh
f,sohi
f,sahi dokht
f,sohya
m,sohyal
f,sohayba
f,sohaybeh
m,saeid
m,seyyed mohammad
f,sahideh
m,sahirad
f,sahizad
m,soheil
m,sohail
f,sohaila
f,soheyla
f,sohayla
f,sohaylieh
f,sahieh
f,savabe
f,savad
m,savad ali
m,sevada
f,savadbeh
f,savāre
f,savali
f,savamaz
f,savan
m,savak
m,savaybeh
m,subar
m,sobel
f,sobia
m,soubita
f,sevta
f,sotamak
m,sutiyam
f,sotiyam
f,souja
m,sokhan bardi
f,sukhteh zaar
f,sukhteh zari
m,sood mo'alli
f,sowda
m,soudā ḥosn
f,sudabe
f,soodalbeh
f,soodaye
m,soodma'ali
m,soodmali
m,sudmand
f,sude
m,soodkar
f,sevdi
m,soodif
f,sur
f,sura
m,suran
f,sorbon
f,suraj
m,suren
m,surena
f,sournaz
f,sureh
f,soroore
f,sorooh
f,suri
f,sorya
m,suriya
m,soryash
f,surita
f,suriddokht
m,surin
m,sorin
m,surina
f,suriye
f,suriye khanom
f,sourik
f,suzan
f,suzana
f,soozande
f,souzi
f,sozyar
f,susa
f,sosereh
f,susan
f,sosan banu
f,sousan sar
f,sosan gol
f,sousanbar
f,sosanak
f,suseh
f,sousoun
f,sush
m,susha
m,soshia
m,sushiyan
m,soshiyan
m,sushiyant
m,sushiant
m,sushiyans
m,soshyans
m,sofra
f,sufi
f,sufiya
f,sofia
f,sogat
f,souqieh
f,sol
f,sular
f,solaz
f,solaf
f,solaleh
m,soldoz
f,soldoust
f,solruz
m,solm ali
f,solmaz
f,solmas
f,solmaz
f,solmelz
f,solnaz
f,solegon
f,solgin
f,sulin
f,sulina
f,suma
m,soman
f,somiya
f,somita
f,somina
f,somayeh
m,son
f,sona
f,sona
m,sonajamal
m,sonar
f,sonaz
f,sonalika
f,sonagal
f,sonay
f,sonbat
f,sonta
f,suneh
m,suniya
f,sonia
f,sonia
f,sonita
f,sonil
f,sohaybeh
f,soodabeh
f,sovon
f,suzha
f,suzhin
f,sowgol
f,sogoli
f,sowgand
f,sevgi
f,suybeh
m,sovit lana
m,suita
m,savid
f,soveyda
f,sevira
f,savil
m,sevil
f,savil ay
f,sevilay
m,sevim
f,sovin
m,sevin
f,sevina
m,sevinj
m,sovinj
f,sevinch
m,suyin
f,saparuk
m,sepas
f,sepase
m,sepano
f,sepako
f,septā
f,septeh
f,sepideh
m,sapar
m,saprang
m,sepanta
m,sepantam
m,sepantaman
m,sepand
m,sepandar
m,sepandan
m,sepansar
m,sepahdar
m,sepehr
m,sepahrad
m,sepehrar
m,sepahram
m,sepahran
m,sepehr dad
m,sepehrrad
m,sepahram
m,sepehrin
m,sepahyar
m,sepourah
f,sepita
m,sepitam
m,sepitman
f,sepideh
f,sepid
f,sepid dokht
f,sepidar
f,sepid dokht
f,sepid ru
f,sepide
f,sepideh
f,sepideh khanom
f,sepideh samira
f,sepideh samieh
f,sepideh soghri
f,sepideh mahtab
f,sepideh gol
f,sepinaz
f,sepinood
f,sepinud
f,sakbaneh
f,sakr
m,sekandar
f,sakaneh
f,sakniyeh
f,sakiaveh
f,sakiteh
f,sakidād
f,sakira
f,sakimeh
f,sakineh
f,sakine
f,sakineh begom
f,sakineh begum
f,sakineh khanom
f,sakineh khatoon
f,sakine khvatun
f,sakineh soltan
f,sakineh taheri
f,sakieh
f,sagineh
m,si
f,si bel
m,si hossein
f,si sam
m,si simak
m,si asgar
m,si mostafa
f,si gol
m,sia
m,siyabakhsh
m,siyab
m,siyabakhsh
m,siyabali
m,siyad
m,seyyadollah
m,seyadat
f,siyāre
m,sayyareh
m,siyasat
m,sayyaf
m,seyāqat
m,siam
m,siamak
m,siamalak
m,siaman
m,siyamand
m,siamaneh
m,siyamak
m,siamamak
m,siamak
m,siamakol
m,siamir
m,siyanush
m,siyah
m,siyah bakhsh
m,siyah tal
m,siyah mohammad
f,siyah goli
m,siyavakhsh
m,siyavash
m,siyavosh
m,siyavash zafar
m,siyavashs
m,siyavush
f,sib
f,sib gol
m,Sibel
m,sibuyeh
f,sibgol
f,sita
m,sitak
m,sitra
f,sitka
m,seyhan
m,seyhun
f,sida
f,sira
m,seyrallah
m,siramir
m,siran
m,seyran
m,sirané
m,siranush
f,sirat
m,sirokh
m,siris
m,seyresh
m,seyrami
m,sirang
m,siroo s
m,sirvan
m,siruz
m,sirus
m,sirous
m,sirous kambiz
m,siroosi
m,siroosh
f,sirin
m,siz ali
m,sizallah
m,saeed
m,seyyedollah
m,seyf
m,seif
m,seif allah
m,seif al-rahman
m,seifollah
m,seifollah
m,seif ali
m,seif farzam
m,seif pur
m,seyfoddin
m,seyfaldin
m,seyfollah
m,seifollah
m,seyfaleh
m,seyfati
m,seyfali
f,sayfor
m,seyfi
m,seyfi khun
m,seyfi dad
m,saif al-din
m,seifollah
f,sila
f,silan
m,silav
f,seylda
f,saylam
f,silmaz
m,silman
f,silva
f,silvana
f,sim tan
f,sim zar
f,sim zarkhanam
f,sim azar
f,sima
f,sima
f,simā
f,simadokht
f,simal
m,siman
f,simak
f,simbar
f,simban
m,simtan
m,simhasan
f,simra
f,simrad
f,sim rokh
f,simravi
f,simzar
f,simzar
f,simin
f,simeh
f,simoozar
m,simon
m,simak
f,simgoon
f,simiya
m,simira
m,simisan
f,simin
f,simin al-azi
f,simin banu
f,simin taj
f,simin tan
f,simin dokht
f,simin dokht
f,simin rokh
f,simin azar
f,simin azra
f,simin alaviyeh
f,simin ghaddar
f,simin chehr
f,siminbar
f,simindokht
f,siminrokh
f,siminru
f,siminzar
f,simineezar
f,siminfar
f,simine
f,simineh
f,siminchehr
f,sin
m,sina
f,sinadokht
m,sinadr
m,sinaz
m,sinar
f,sinaz
m,sinamehr
m,sinan
m,sinak
m,sindad
f,sindokht
f,cinderella
f,sinereh
m,sinaali
m,sineh
m,sinor
f,sinush
m,siah
f,siyah sudabeh
f,siyah narges
f,sihila
f,siva
m,siva
m,siwan
f,siyuda
f,siavashan
m,siyavash
m,sipan
f,sipid h
f,sika
m,seykul
f,seykineh
f,sigeh
m,siyi behnam
m,siyi hasan
m,siyi mohsen
m,sayyid abbas
m,sayyid meysam
m,sayyid ali
f,sayyedeh maryam
f,si si
f,si si kam
f,sha bibi
f,shadi
m,sha zadeh
m,sha soltan
f,sha sanam
m,sha abbas
m,sha mohammad
m,shahrukh
m,shahrokh
m,shapur
m,sha yeste
m,shaegh
m,sha'an
f,shabaji
m,shabarzin
m,shabandar
m,sha bahar
m,shapur
f,shabakam
f,shabi bi
f,shabigam
f,shataj
f,shataah
m,shajan
m,shahjahan
m,shahrokh
m,shahhossein
f,shakh shamsad
f,shakh nabat
f,shakhsar
m,shakhvan
f,shad
m,shad allah
m,shad bakhsh
m,shad ali
m,shad mehr
m,shad kam
f,shad afarid
f,shada
f,shadab
m,shadadeh
m,shadollah
m,shadaleh
f,shadan
f,shadan banu
m,shadan barzin
m,shadan hormoz
f,shadaneh
f,shad banu
f,shadbakht
m,shadbakhsh
m,shadbeh
f,shad bahr
m,shad tegin
f,shad khaton
f,shadokht
f,shad dokht
f,shaddel
m,shadray
f,shadrokh
f,shadru
m,shadruz
f,shadroui
m,shadsima
m,shadali
m,shadfar
m,shadel
f,shadli
f,shadlin
m,shadlin
m,shadman
f,shadmane
m,shadmehr
f,shaden
f,shadnaz
f,shadnush
f,shade
m,shadvan
f,shador
f,shadvin
f,shad pari
m,shadpur
f,shadak
m,shadkam
f,shadkameh
m,shadkan
f,shadgol
f,shadgon
f,shadi
f,shadi
f,shadi afza
f,shadi banu
m,shadsa
f,shadforuz
m,shadiya
f,shadiya
m,shadyar
m,shadiyan
f,shadian
m,shadiyane
f,shadyane
m,shadforugh
m,shadnaz
f,shadiyeh
m,shadiyeh
m,shadivar
f,shadi avar
m,shazeb
f,shar sanam
f,sharan
m,sharayl
m,sharak
m,shahrza
m,sharla
f,sharlut
m,sharmin
f,sharmina
f,sharen
m,sharo
m,sharosin
f,sharon
m,sharuna
m,sharuyeh
f,shark
m,shariya
f,sharis
m,sharis
f,sharin
m,sharin
f,sharina
m,sharina
m,shazdeh
m,shazman
m,shaznan
m,shazool
f,shazieh
f,shasparam
m,shashan
f,shasnam
m,shater ali
f,shatla
m,sha'bedal
m,sha'er
m,sha'ef
f,sha'afe
m,sha'ali
m,sha'i
m,sha'in
m,shafi
m,shafieh
m,shaghli
m,shaghi
m,shalool
m,shalyar
m,shaliz
f,shalizar
m,shalize
m,shamar
f,shaman
m,sham mohammad
m,shamrad
m,shamraz
m,shamil
m,shamid
f,shamiram
m,sha mirza
m,shamirza
m,shamil
m,shan
m,shan ay
f,shan ay
f,shana
f,shanar
f,shanaz
m,shanal
f,shanay
f,shandiz
m,shandiz
m,shanazar
f,shanli
f,shanu
f,shani
m,shaniya
m,shanian
f,shaniz
m,shanisa
f,shanieh
f,shah azar
f,shah afrid
f,shah asperm
m,shah afrouz
m,shah al-am
m,shah andaz
m,shah baji
m,shah baz
f,shah bang
m,shah bakhsh
m,shah barzin
m,shah bandar
m,shah bahram
m,shah begom
f,shah bigam
f,shah bi bi
f,shah tarm
f,shah jan
f,shah jahan
m,shah hossein
f,shah khatun
f,shah khanom
m,shah dourdi
m,shah doost
m,shahrukh
m,shah reza
m,shahzadeh
m,shah zaban
f,shah zanan
f,shah zeynab
m,shah sab
m,shah sarvar
m,shah soltan
m,shah saf
f,shah sanam
m,shah alam
m,shah ali
m,shah gholam
f,shah farid
m,shah qoli
m,shah mali
m,shah mohammad
m,shah mahmoud
m,shah morad
m,shah maravat
m,shah masoum
m,shah mobad
m,shah mola
f,shah naz
f,shah nesa
f,shah nasā'
m,shah nasb
m,shah noor
m,shah hezbar
m,shah vali
f,shah parand
m,shahparvar
f,shah park
f,shah pari
m,shahpur
f,shah pooneh
m,shah gol
m,shah goldi
m,shaha
m,shahara
m,shahan
m,shahbaji
m,shahbaz
f,shahbanu
m,shahbakhti
m,shahbud
m,shahboor
f,shahbigan
f,shahjan
m,shahed
m,shahid abbas
f,shahdaneh
f,shahdokht
f,shahdadokht
m,shahdel
f,shahedeh
f,shahdokht
m,shahdoost
m,shahdis
m,shahdin
m,shaher
m,shahrad
m,shahram
m,shah rokh
m,shahrz
m,shahras
m,shahrza
m,shahraman
m,shaharnan
m,shahreh
m,shahro
m,shahrokh
m,shahrud
m,shahroz
m,shahzad
m,shahzadeh
m,shahzadeh khalnam
m,shahzanan
m,shahsa
m,shahsar
m,shahsam
m,shahsan
m,shahsavar
m,shahsoun
m,shahsanam
m,shahali
m,shahfar
f,shahfarand
m,shahfour
m,shahgholi
m,shahlar
m,shahmar
m,shahmani
m,shahmarad
m,shahmardan
m,shahmroot
m,shahmehr
m,shahmir
m,shahnam
f,shahnay
m,shahandel
m,shahande
m,shahnor
m,shahnush
f,shahang
m,shahu
m,shahvarn
m,shahvash
m,shahvand
m,shahvi
m,shahvir
m,shahvin
m,shahoyeh
m,shahparek
f,shah pari
m,shahpur
m,shahpour reza
m,shahak
m,shahkar
m,shahkam
m,shahgol
m,shahi
m,shahi khan
m,shahi tala
m,shahyad
m,shahyar
m,shahideh
m,shahin
f,shahindokht
f,shahika
m,shahiin
f,shah dokht
m,shah abbas
m,shah par
f,shah pasand
f,shavazan
m,shawan
m,shavor
m,shavaran
f,shavarak
m,shavoli
f,shaveh
m,shavag
m,shavis
f,shaper
f,shapravar
f,shaparak
f,shapari
m,shapu r
m,shapur
m,shapur reza
f,shapikar
m,shaker
m,shaker ali
m,shakaram
f,shakere
m,shakl
m,shako
m,shager
f,shaghel
m,shaghaldi
m,shaya
m,shayar
m,shayan
f,shayan dokht
f,shayandokht
m,shayad
f,shaydeh
m,shayrad
f,shayesteh
m,shayesteh
m,shaye'
f,shayeq
f,shayla
f,shaylan
f,shaylen
f,shayli
f,shaylin
f,shayma
m,shaimin
m,shayen
f,shayin
m,shayna
f,shayna
m,shayvar
m,shayvard
m,shayegan
m,shaygan
f,shabara
f,shabafroz
m,shab bar
f,shab dokht
f,shab naz
f,shab gol
m,shabab
f,shabar
f,shaban
m,shabaanali
f,shabahang
m,shabaviz
f,shabbu
m,diz shab
f,shabdiz
f,shabdis
m,shabar
f,shabranak
f,shabreh
f,shabrin
m,shabaanali
m,shibli
m,shabna
f,shabnaz
f,shabnam
m,shabe khan
m,shabhan
m,shabu
f,shabgon
m,shabib
m,shobayr
m,shabir
m,shabir ahmad
m,shabir hossein
f,shab bou
f,shab bu
f,shabpareh
m,shetaband
m,shetav
m,shojaollah
m,shajad
m,shojae
m,shoja' al-din
m,shoja' al-molk
m,shoja'ollah
m,shoja ali
m,shojaeoddin
m,shoja'at
m,shojaali
m,shojaei
m,shakh
m,shakhs
m,shakhseh
m,shedad
m,shodi
m,shadideh
m,shaza
m,shazab
m,shazreh
f,shaza
m,sharafat
m,sharab al-din
f,shararah
m,shararzeh
f,sharareh
f,sharareh
m,sharaslan
f,sharaf al-din
f,sherafat
m,sharafat al-din
m,sharafatollah
f,sharafatet
m,sharafdin
m,sharafaziz
m,sherakiym
m,sharagim
m,sheragiym
f,sharbat
m,sharbat ali
m,sharbatali
f,sharbatī
m,sharzin
f,sharaf
m,sharaf al-zaman
f,sharaf al-nisa
f,sharaf banu
f,sharaf taj
f,sharaf khan
m,sharaf reza
m,sharaf ali
f,sharaf nasa
f,sharaf nisa
m,sharafoddin
m,sharafali
f,sharafnesa
m,sharfeh
m,sharafieh
m,sharaf al-din
m,sharmetollah
m,sharmine
m,sharmin
f,sharmine dokht
f,sharmindokht
f,sharmineh
m,sharmine
m,sharn
f,sharnaz
m,sharnam
m,sharang
m,sharvan
f,sharvaneh
f,soruq
m,shervin
m,sharvin
f,sharvindokht
m,sharvine
m,sherkat
f,shari
m,shari'at
m,sharieat
m,shariyanli
f,sharieh
m,shariee
m,sharif
m,sharifoddin
m,sharifollah
m,sharif ali
m,sharifali
m,sharife
f,sharifeh
m,sharifi
f,shirin
m,sharindel
m,shirinali
m,sharivan
f,shazifeh
f,shesla
f,shamsi
m,sheshmas al-din
f,sheshiva
f,shatiteh
m,sha'aban
m,shoeae
m,shoaa' al-din
m,shoeaeoddin
m,sha'b
m,shabaan
m,shaba na'li
m,shahbad
m,shahbalan
m,shaban
m,shaban ali
m,shabaanali
m,shabani
m,shabani
f,sheera
f,shera
f,shaeaf
f,shahla
f,shoele
f,shole afroz
m,sha'ami
m,shaeiya
m,shoaib
m,shoeayb
m,sho'ayb al-din
m,shahid
m,sha'in
m,shaghad
m,shaghban
f,shogleh
f,shafa
f,shafā'
m,shafabakhsh
f,shefaat
m,shafa'at allah
m,shafāy al-dīn
m,shafrooh
f,shafagh
f,shafeghat
m,shafi mohammad
m,shafih
m,shafie
m,shafie allah
m,shafie mohammad
m,shafiea
m,shafiemohammad
m,shafiee
m,shafieeh
m,shafifeh
m,shafigh
m,shafiq
m,shafiq allah
f,shafigheh
m,shafigheh
f,shafie
f,shaqaq
f,shaghaql
f,shaghayegh
f,shaghayegh
m,shaghigh
f,shalale
f,sheler
m,shalesh
f,shalehin
m,shalikhā
f,shlir
m,shomaab
m,shomakh
m,shomas
m,shamasas
m,shomal
m,shomali
f,shamameh
m,shamayel
m,shamayil
m,shamzizan
m,shamzin
m,shams
m,shams alah
m,shams al-jahan
m,shams al-haq
m,shams al-dawlah
m,shams al-din
m,shams al-rahman
m,shamsollah
f,shams al-muluk
m,shams olah
m,shams al-huda
f,shams iran
f,shams bigam
f,shams taj
f,shams jahan
f,shams khatoon
m,shams al-din
m,shams ali
m,shams qatoon
f,shams qamar
f,shamsa
m,shamsollah
m,shamsareh
m,shamsoddin
m,shams al-din
m,shamsoshsharieeh
m,shamsozzoha
m,shamsollah
m,shamsolmaeali
m,shamsaleh
f,shamsolhoda
f,shamsjahan
m,shamsodin
m,shamsali
f,shamse
f,shamsi
f,shamsi al-zaman
f,shamsi begum
f,shamsi jan
f,shamsi jahan
f,shamsi khanom
f,shamsieh
m,shams al-din
f,shemshad
m,shamshir
f,shamع
m,shamali
m,shamoon
f,shamieh
f,shamandar
f,shemme
m,shamo
m,shamuyil
m,shamī allāh
f,shamiya
m,shamid
m,shamideh
f,shamira
m,shomira
m,shamiran
f,shamis
m,shamis
f,shamisa
m,shamisa
f,shamiseh
m,shamil
f,shomila
f,shamim
f,shamim fateme
f,shamimeh
f,shamime
f,shamimieh
f,shamin
f,shamina
f,shamineh
f,shenay
f,shanaz
f,shenasa
f,shenaya
f,shanbalid
f,shanbam
m,shanbe
m,shantiya
f,shentyā
m,shantus
f,shantya
f,shanfaruz
f,shanah
m,sheno
m,shenavon
m,shangan
f,shangel
f,shenya
f,shenyaz
f,shaniyan
f,shenideh
m,shah bazi
m,shah bakhsh
f,shah jan
f,shah dokht
m,shah doost
m,shahzad
m,shah morad
m,shah mobad
m,shah nush
f,shah par
f,shahparvar
m,shekarm
m,shah yar
m,shahab al-din
m,shahab
m,shahab al-dini
m,shahabollah
f,shahab dokht
m,shahab ali
m,shahaboddin
m,shahabaldin
m,shahab al-din
f,shahaz
m,sheham
m,shahamat
m,shahan
m,shahbaz
m,shahbaz ali
m,shahbal
m,shahban
m,shahbanali
f,shah banu
m,shahbod
f,shahbar
m,shahkhoram
f,shahd
f,shahada
m,shahdad
f,shah dokht
f,shahd dokht
m,shahdel
f,shahdeh
m,shahdoust
m,shahdi
f,shahdis
f,shahzebanoo
m,shahr
m,shahr azad
m,shahrban
f,shahr banu
m,shahrzad
m,shahrzad
f,shahr naz
f,shahr noosh
f,shahr-e h
m,shahr yār
f,shahr ara
m,shahrāzād
f,shahrashub
m,shahrāgim
m,shahra m
m,shah rad
f,shahrāre
f,shah raz
f,shahrzad
m,shahram
m,shahram hassan
m,shahran
m,shahrbaz
m,shahrban
m,shahrbanar
m,shahrbanali
f,shahr banu
f,shahrbanu bigam
f,shahrbanu
m,shahrbani
f,shahrbatno
f,shohrat
m,shohratash
m,shah rokh
m,shahrkhasht
m,shahr dad
m,shahrdar
f,shahrdokht
m,shahrza
f,shahr zad
f,shahrzadzahra
m,shahrzad
m,shahrasb
m,shahresap
m,shahrza
m,shahrfar
m,shahram
f,shahrnaz
f,shahrnavaz
f,shahr nush
f,shohre
f,shahre banu
f,shahre no
f,shahru
m,shahrovan
f,shahroud
m,shahrvar
m,shah ruz
m,shahruz ali
m,shahruz ali
f,shahruzeh
m,shahrovin
f,shahroyeh
m,shahrak
m,shahregan
f,shahregol
m,shahrgir
f,shahri
f,shahri jan
m,shahryar
m,shahrilar
m,shahrin
f,shahriyeh
m,shahrivar
m,shahr am
f,shah zad
f,shahzadeh
m,shahzyar
m,shahsam
m,shahsan
m,shah savar
m,shahfor
f,shahla
f,shahla khanom
f,shahla zamani
f,shahlal
m,shahlab
m,shahmar
m,shahmal
m,shahmarad
m,shahmardan
m,shahmazin
m,shahmir
f,shahan
f,shahen taj
f,shahna
f,shahna
f,shahnar
f,shah naz
f,shahnazal
m,shah nam
m,shahentaj
m,shahnaz
f,shahnoo r
f,shahnavaz
m,shah nur
f,shahnush
f,shahnia
f,shahpar
f,shah gol
m,shahyad
m,shahyar
m,shah yar
m,shahid
m,shahida
m,shahidollah
f,shahideh
m,shahir
m,shahirad
f,shahire
f,shahireh
f,shahila
f,shahimeh
f,shahin
f,shahin
f,shahin al-dokht
f,shahin banu
f,shahin bigam
f,shahin taj
f,shahin dokht
f,shahin dokht
f,shahin naz
f,shahin dokht
f,shahyin
m,shorash
m,shava
f,shavar
m,shovan
m,shavana
f,showane
m,shubert
f,shokh shang
f,shokhan
f,shavad
m,shozab
m,shour
f,shour angiz
f,shour angio
f,shorafarin
f,shora
m,shurangiz
f,shourangiz
m,shuresh
m,shourali
m,shorgar
m,shuride
m,shozab
m,shozbaali
f,shusha
f,shushan
m,shoshinak
m,shogh ali
m,shoghali
m,showghi
f,shogh angiz
m,sholan
f,shuna
m,shohar
f,shohareh
m,shahla
m,shupeh
f,shuka
f,showkat
f,shokate almalook
m,shokate ali
f,shokufeh
m,shogar
m,shavil
m,shapahr
m,shapol
m,shekar
m,shekarali
f,shekal
f,shakameh
f,shakan
f,shokr
m,shakrollah
m,shakre allah
m,shokr aneh
m,shokr khan
m,shokr khoda
m,shokr ali
m,shokrollah
m,shakrollah
f,shokrane
f,shekarbanu
m,shokrkhoda
f,shekardokht
m,shokrali
f,shekar naz
f,shakuri
f,shekarin
f,shakariyeh
f,shekofte
f,shakoohe azam
m,shakur
f,shakura
f,shakureh
f,shokufa
f,shokufan
f,shokufe
f,shokuh
f,shokuh a'zam
f,shokuh al-zaman
m,shokouhollah
f,shokuh dokht
f,shokuh zaman
f,shokuhzahra
f,shokuh naz
m,shokuhmand
f,shekuhande
f,shokuhe
f,shakouyeh
m,shakib
f,shakiba
m,shakiba
f,shakibeh
m,shakil
m,shakil ahmad
m,shakila
f,shakila
f,shakileh
m,shagar
m,shogar ali
m,shegerf
f,shegefti
f,shagon
m,shi
m,shi mohammad
m,shiya
f,shiyāre
m,shial
m,shiyan
m,shiyana
f,shiyāneh
m,shyavash
m,shiba
m,sheyban
m,shaybat
m,shibda
m,shibu
m,shibak
m,sheys
m,shith
m,sheikh
m,sheikh ahmad
m,sheikh hasan
m,sheikh ali
m,sheikh mohammad
m,sheikh morad
m,sheikh mousa
m,sheikh nabi
m,sheikh ali
m,sheykh gholi
m,sheikhmorad
f,sheykhe
m,sheykhi
f,shid
m,sheydaalah
f,sheyda
m,shidab
m,shidollah
m,sheydollah
m,shidaleh
f,sheydan
f,shidan
f,shidaneh
f,sheydbanu
f,shidokht
f,shidor
f,shid rokh
f,sheydarakh
m,sheidrang
f,shidsa
m,shidasb
m,shid far
m,shaydmohammad
f,shideh
m,shidvar
m,shidus
m,shidvash
m,shidoosh
m,shida
m,shizar
m,shir
m,shir ahmad
m,shir afkan
m,shir al-din
m,shir allah
m,shir allah
m,shir be shir
m,shir jil
m,shir hassan
m,shir hossein
m,shir khan
m,shir khoda
m,shir del
m,shir zad
m,shir elm
m,shir ali
m,shir mohammad
m,shir mohammadi
m,shir morad
m,shir valeh
m,shir vali
m,shir ko
m,shir kuh
f,shirin
m,shirazad
f,shira
f,shirat
m,shir ahmad
f,shiraz
m,shirafkan
m,shirallah
m,shirallah
m,shiramin
m,shiran
m,shiravojan
m,shirowzhan
m,shirak
f,shirbanu
m,shirjan
m,shirhosein
m,shir khan
m,shirkhusrau
m,shirkhun
m,shirdel
m,shir del
m,shirrokh
m,shirzad
m,shir zad
f,shirzan
m,shirzil
m,shiralam
m,shirali
m,shirla
m,shirallah
m,shir mohammad
m,shir mohammad vali
m,shir morad
f,shirin
m,shirnaali
m,shirang
m,shiru
m,shiro
m,shir var
m,shirvan
m,shirudeh
m,shiruz
m,shirvali
m,shiruy
m,shiruye
f,shirvieh
m,shirku
m,shirkuh
f,shirgol
m,shiri
f,shirijan
m,shirizdan
f,shirin
m,shirin
f,shirin banu
f,shirin jan
f,shirin jamal
f,shirin jahan
f,shirin khanom
f,shirin dokht
f,shirin del
f,shirin tala
m,shirin ali
f,shirin naneh
f,shirin gol
f,shirinbanoo
f,shirindokht
m,shirinzad
m,shirinali
m,shizad
m,shia'b
m,shia
f,shifteh
m,shifteh
m,shefa
m,shifi mohammad
m,shil
f,shila
m,shila
f,shilam
m,shilan
f,shilan
m,shilane
f,shilaneh
m,shiler
m,shayler
f,shileh
f,shima
f,shima
f,shimaa
f,shimazahra
m,sheyman
f,shime
m,shimi
f,shina
f,shina
f,shinab
f,shinaz
m,shihā
f,shiva
f,shiva
f,shiva
f,shivadokht
f,shivar
f,shival
f,shivan
f,shivāy
f,shivon
f,shiveh
m,shive
m,shir
m,saeb
f,saebeh
m,saem
f,saeme
m,saen
m,saein al-din
f,sabah
f,sabah gol
m,saber
m,saber reza
m,saber ali
m,saber al-din
m,saber ali
f,sabereh
m,saberin
f,sabiyeh
m,sateh
m,satalh
m,sah
m,sahab
m,saheb
f,saheb ekhtiyar
f,saheb jan
f,saheb jahan
f,saheb khatoon
f,saheb khanom
f,saheb dad
f,saheb dowlat
f,saheb soltan
m,saheb ali
f,saheb nasrat
m,saheb gol
f,sahebjan
f,sahabali
f,sahebe
f,sahabi
f,sahareh
m,sahiali
m,sad
m,sada
m,sadragh
m,sadegh
m,sadegh
m,sadegh reza
m,sadeq ali
m,sadegh morad
m,sadeqali
f,sadegheh
m,sadeghi
f,sadna
m,sareq
m,sarem
m,sāremi
f,sāreh
m,sa'eb
m,saeed
m,sadeh
f,safoura
f,safiyeh
m,saqی
m,saleh
m,saleh al-din
m,saleh bardi
m,saleh barari
m,saleh din
m,saleh ali
m,saleh mohammad
m,saleh vardi
m,saleh youssef
f,salehe
f,salehi
m,salehin
m,saleh abad
m,samet
m,samed
f,samedeh
m,samer
m,sam'e
m,sanee
m,sano
m,sayyad
m,sayeb
f,saybeh
m,sayed
m,sayr
m,sayem
f,sayma
f,saymeh
m,sayen
f,sayena
f,saba
f,saba khanom
f,sabah
m,sabaheddin
f,sabahat
m,saba'ali
f,sabar
f,sobh asa
f,sobh jabin
f,sobh khanom
f,sobh naz
f,sobh nasa
f,sobh nasāء
f,sobh nasah
f,sobh chehr
f,sobh chehre
f,sobh gol
m,sabhan
m,sobhān ali
f,sabahdeh
m,sobhali
f,sobhah nasa
f,sobhgol
f,sobhī nāz
f,sabr
m,sabr al-din
m,sabr ali
m,sabr gol
f,sabra
m,sabraldin
m,sabrullah
m,sabrollah
f,sabrané
m,sabreali
f,sabrnaz
f,sabreh
f,sabargol
m,sabri
f,sabri
f,sabrin
m,sabrina
m,sabrine
f,sabrineh
m,sabriyeh
f,sabriyeh
f,sabli naz
f,sabur
f,sabura
f,sabureh
f,sabouri
m,sabih
f,sabihé
m,sabihe
m,sobeyr
f,sabireh
f,sabiyeh
m,sabiyyeh
f,sabihé
f,sajeh
m,sahab
m,sahab al-din
m,sahab ali
m,sahabali
f,sahabe
f,sahah
f,sahareh
f,sohbat
m,sohbatollah
m,sohbatollah
m,sohbat ali
m,sohbatollah
m,sohbatali
f,sehat
m,sehatollah
m,sehatollah
m,sehat morad
m,sehat yar
f,sahra
m,sahraab
m,sahraabg
m,sahnaali
m,sahneh ali
f,sahv
m,sohayb
f,sahibe
f,sahihé
m,sad allah
m,sad qali
m,sad ganj
m,sad yaghe
f,seda
f,sadabeh
m,sadaq
f,sedaghat
m,sadaollah
m,saddam
m,sadbali
m,sadbeqeh
f,sadr
m,sadr al-din
m,sadrollah
m,sadr olah
m,sadr ali
m,sadra
m,sadr al-din
m,sadroddin
m,sadroddinmohammad
m,sadrollah
m,sadr al-ma'ali
m,sadrollah
m,sadran
m,sadr ali
f,sadri
f,sadrī jān
f,sadrijan
f,sadrieh
f,sadrieh bigam
f,sadaf
f,sadafnaz
m,sedeq
m,sedeq ali
m,sedaqat
m,sedeqali
f,sadaqe
m,sadeghieh
m,sadugh
f,sadpar
m,sadi
m,sadideh
m,sadef
m,sadefeh
f,sadiq
m,seddigh
m,sedigha
m,sediqali
f,sediqe
m,seddighe
f,sadeqeh banu
f,sadeeqa begum
f,sadeqeh bigom
f,seddighezahra
f,sadeqeh soheila
f,sadeghi
f,sediqi
f,sadiyeh
f,sadiqe
f,sar fanaz
f,sorahi
m,serat
f,sarrāf
f,sarfe naz
f,sarfe gol
f,sarfnar
f,sarfnaz
m,saryal
f,sariheh
m,sarir
f,sariqe
m,sazeh
m,sotfi
m,sa'ad
m,sa'd
m,sa'dun
f,sa'ra
m,sa'ood
f,saye bi bi
f,soghra
f,soghra khatoon
f,soghrabigam
f,soghra-ye khatoon
f,soghra
f,soghra
f,soghra
f,soghra bigham
f,soghra bigum
f,soghra khatoon
f,soghra mohammad
f,saqrib
f,soghray
f,soghzi
m,soghraali
f,soghoreh
f,soghi
m,saghir ali
f,soghieh
m,saf khoda
m,saf ali
m,saf yār
f,safa
m,safa ali
m,safaa
m,safā' al-dīn
m,sefaat
m,sefaatollah
m,sefat-e elahi
m,safar
m,safaei
m,safamohammad
f,safa naz
m,safāy
m,sefat
m,safatollah
m,sefatollah
m,sefat ali
m,saftar
m,safdar
m,safdar ali
m,safdar ali
m,safdarqoli
m,safar
f,sefr banu
f,sefr bi bi
f,sefr tavaq
f,sefr dardi
f,sefr soltan
m,sefr tavaq
m,sefr ati
m,sefr ali
m,sefr qoli
m,sefr gholich
m,sefr mohammad
m,sefr morad
m,sefr gol
m,sefr goldi
f,safra
f,safra khatoon
f,sefr al-din
f,safarbi bi
f,safrataaj
f,safrdardi
f,safrdoordi
f,sefrreh
m,sefrali
m,safarali
m,safargholi
m,safarghalich
m,sefr mohammad
f,sefrgol
f,seforgoldi
m,safri
m,safghali
f,safeh
f,safhe nesa
m,safvan
f,safvat
f,safour
f,safura
f,safoura
f,safural
f,safuran
f,safureh
f,safouri
f,safveh allah
f,safaviyeh
m,safi
f,safi
m,safī al-lāh
m,safiyollah
m,safī allāh
m,safi dad
m,safi yar
f,safiya
m,safyar
m,safiyyoddin
m,safiyyollah
f,safiheh
f,safiheh khatun
m,safir
f,safir ali
f,safira khanom
f,safireh
m,safiali
f,safieh
m,safiye
f,safiyeh banu
f,safiyeh begum
f,safiyeh khatun
f,safiyeh khanom
f,safieh
f,safiyeh
m,safī al-dīn
f,saqri
f,sala
m,salat
m,salatin
m,salah
m,salāh ad-dīn
m,salāh al-dīn
m,salāh liyin
m,salahoddin
m,salāhdin
m,salāhoddin
m,salāhdin
m,salāh al-dīn
m,salāldin
m,salbar
f,salbi
f,salbi naz
f,salbiyeh
m,solh
m,solh al-din
m,sadeq
m,salamatollah
f,salveh
f,salimeh
f,samaneh
f,samet
m,samad
m,samadollah
m,samad allah
m,samad baqir
m,samad hasan
m,samad halim
m,samad ali
m,samad kouhi
m,samadollah
m,samadollah
m,samad
m,samadali
m,samsam
m,samsam
f,samandar
f,samid
f,samir
f,samira
f,samiyeh
f,samim
m,samim
f,samimeh
f,somayeh
f,sana
f,sana
f,sanbar
m,sanan
f,san'at
m,san'atollah
m,sangali
f,sanam
f,sanam banu
f,sanam bar
f,sanamdokht
f,sanam ro
f,sanam naz
f,sanam gol
f,sanambar
f,sanavbar
f,senowbar
f,sanavara
m,sanie
m,saniea
m,sahaf
f,sahba
m,sahba
m,sahmorath
m,sohayb
m,sohaib
m,sohayd
f,soghat
f,sulat
m,soo na
f,soot
f,soodabeh
f,soura
f,soorat
m,soorat hossein
m,soorat ali
m,sooratali
f,sooreh
f,soori
m,sofa
m,sufi
f,sufiya
f,sofia
m,sufiyeh
f,sufiyeh
m,sowlat
m,sowlatali
f,soma
f,sowna
f,suna bakam
f,suna bigam
f,sona taj
f,suna gol
f,sonabakam
f,suneh
f,sonia
m,sagar
m,si jafar
m,sia d
m,siyah
m,sayad
m,seyyad alah
m,seyyedollah
m,seyyad allah
m,seyyad ali
m,seyyadollah
m,seyyadollah
m,seyyad ali
f,siyadeh
m,siyam
f,siyaneh
f,seybeh
m,seyd
m,seyyed ahmad
m,seyd akbar
m,seyd bozorg
m,seyd jabar
m,seyyed jafar
m,seyd javad
m,seyed hassan
m,seyyed hossein
m,seyed reza
m,seyd salar
m,seyd setar
m,seyed abbas
m,seyed ali
m,seyyed ali
m,seyed mohammad
m,seyd morad
m,seyed mostafa
m,seyed mousa
m,seyed mirza
m,seyd nazaar
m,seyd nazar
m,seyd noor
m,seyed vali
m,seyd karam
f,sayda
m,seyed ahmad
m,sayyidamalek
m,sayyidjamal
m,seyed hassan
m,seyed reza
m,seyed abbas
m,seyed aziz
m,seyed ali
m,seyed mohammad
m,seyed morad
m,saydnazar
m,seyednazar
m,seydnoraldin
m,sayyidkarim
f,seyyedeh
m,seydin
m,seydeq
m,sayf al-din
m,seyfollah
m,seyfollah
m,seyfollah
m,sayf ali
m,seyfali
f,sifeh
f,seyfour
m,sayfi allah
f,seyqeh
m,zabet
f,zabiteh
m,zafar
m,zamen
m,zamen ali
m,zamanali
m,zaher
f,zoha
m,zahad
m,zahak
f,zoha
m,zar gham
m,zarar
m,zarbollah
f,zarban
m,zarbaali
m,zargham
m,zargham ali
f,zarghameh
m,zarqam
m,zargham
m,zaeefollah
f,za'ifeh
m,za'im
f,zoghra
f,zoghri
m,zambr
f,zamireh
m,zahraab
f,zahrabanu
m,zavalfaghar
m,zia
m,ziya
m,zia
m,zia al-haq
m,zia al-din
m,ziaollah
m,zia ali
f,zia gol
m,zia
m,zia' al-din
m,ziaollah
m,zia gol
m,ziyaolhagh
m,ziyaoddin
m,zia'aldin
m,ziaollah
m,ziaollah
m,ziaali
m,ziyad
m,ziyafat
m,zia al-haq
m,ziaoddin
m,ziaollah
m,ziaolhaq
m,ziya
m,ziya-ye elah
m,ziya' al-din
m,ziyāyāleh
m,ziyauddin
m,zigham
m,zeygham
m,taher
f,taher h
f,tahereh
f,tavvūs
m,taer
m,taef
f,taban
f,tajieh
f,tar
m,taref
m,taregh
f,tāreh
m,tarud
m,tatarqoli
f,ta'areh
m,tāghzardī
m,taghan dardi
m,taghan doordi
m,taghan qoli
m,taghan mohammad
m,taghandardi
m,tafieh
m,taaqatiati
m,taleb
m,taleb darvish
m,taleb ali
m,talebi
m,tale
m,talut
m,taliya
m,talīn
m,tamara
m,taha
m,tahareza
m,tahamostafa
m,tahasepanta
m,tahaemad
m,taher
m,taher beg
m,taher qoli
m,tahra
m,taheralddin
f,taherz
m,tahermohammad
f,tahere
f,tahereh bigam
f,tahereh bi bi
f,tahereh khanom
f,taheri
m,taheri far
f,tahariyeh
f,tahze
f,tahereh
f,tavus
f,tavus bigam
f,tavus
m,tayef
f,tayfeh
m,tayel
m,taymz
m,tabataba
f,tabiat
f,tabiyeh
m,tahani
m,tazhar
m,tarāq nazar
f,taravat
m,tarab
f,tarab ara
f,tarab mah
f,tarab angiz
m,tarhan
m,torkhan
m,taraf
m,tarfan
f,tarfeh
m,taraq
f,tarlan
m,tarma
m,tarmāh
m,tornan
f,toreh
f,toreh khatoon
m,torhan
f,taribe
f,tarife
f,tariqat
f,ta'ameh
f,ta'ameh
m,ta'im
f,ta'imeh
f,toghatarkan
m,toghatimur
m,toghan
m,toghrol
m,toghra
m,toghieh
f,tala
f,talabano
m,talār
f,talasan
m,talal
f,talanaz
f,talāneh
f,tala gon
f,talaye
m,talayeh
f,talayi
m,talab
m,talab ali
m,talheh
f,taleat
f,tal'at khanom
f,tal'at foruz
f,tal'eh
f,talir
f,tolue
f,talí
f,talih khatoon
f,talihé
m,talieeh
f,talieh
f,talieyeh
m,tamasb
m,tamras
m,tamghaj
f,tannaz
f,tanazal
f,tannan
m,tangahi
f,tanin
m,tanin
m,tah
m,tahahossein
m,taha
m,tah mohammad
m,tahā
m,tahameh
m,tehran
m,tahmas
m,tahmas
m,tahmasb
m,tahmasebi
m,tahmasp
m,tahman
m,tahmaz
m,tahmures
m,tahmours
m,tahmineh
m,tahur
f,tahura
f,tahurafatemeh
m,tahoorath
m,tahoorp
f,tahieh
f,tavbi
f,tavaq
f,tavagh bardi
f,tavaq taj
m,tavagh qoli
m,tavaq mohammad
m,tavaq morad
m,tavagh gol
f,tuba
f,tuba
f,tuba
f,tuba khanom
f,tuba zar
f,tavrat
m,turan
f,torna
m,tovorg
m,tus
m,tosh
f,toti
f,tuti jan
f,tuti khanom
f,totiya
m,tutiyanush
f,tuee
f,toof
m,tufan
f,tulan
m,toulai
f,tumar
m,tavi jan
m,tavī mohammad
m,tavi morad
m,tavijan
m,tavighli
m,tayyar
m,tayyarbag
m,tayari
m,tayyeb
m,tayeb ahmad
m,tayyebollah
m,tayyeb ali
f,tayebeh
m,tayebali
f,tayebeh
m,tayyebe
f,tayebe bigom
f,tayyebezahra
m,tireh
m,tayfour
f,tila
m,teymur
m,tinosh
m,tayhuj
m,tayub
f,zabethe
m,zaher
m,zabet ali
m,zafer
m,zaher
f,zaher valeh
f,zahereh
m,zargham
f,zarfiyeh
m,zarif
f,zarifat
m,zarife
f,zarifeh
f,zarifeh
m,za'far
m,zafar
f,zafar dokht
m,zafarollah
m,zafardad
f,zafardokht
f,zafareh
m,zafaz
f,zalimeh
m,zohre-aldin
m,zohraab
m,zohroddin
m,zohur
m,zohoreh
m,zahir
m,zahir al-din
m,zohir ahmad
m,zahir al-din
m,zahiroddin
f,zahireh
m,zeyn ali
m,a bas
f,aatekeh
f,aajar
m,adel
f,aatefeh
m,aalem
f,aliyeh
m,aakaf
f,ayesha
f,ayesha sarab
m,abat
m,abeth
m,abed
m,abed reza
m,abed ali
m,abdollah
f,abedeh
m,abedin
m,aaber
m,abes
m,aabi
m,ateqeh
m,atamtaaj
f,atekeh
f,aaji
m,ad
m,adel
m,adel reza
m,adel shah
m,adel qoli
m,adelreza
f,adele
f,adileh khanom
f,adeliyeh
m,adi
f,adiyat
m,adikeh
m,azl
m,arz dardi
m,aars
m,aref
m,arefhossein
m,aref ali
m,aref pasha
f,arefe
f,arefehzahra
f,aarem
f,aariyeh
f,azafeh
m,azam
m,aziz
f,asiyeh
m,asher
f,asher bi bi
f,asher soltan
m,asher qoli
m,asher mohammad
m,ashar mohammad
m,ashegh
m,ashur
m,ashour bardi
m,ashur bi bi
m,ashour dardi
m,ashour taqan
m,ashour ali
m,ashour qoli
m,ashour gholich
m,ashour mohammad
m,ashour morad
m,ashour goldi
m,ashura
f,ashourabi bi
f,ashourtaj
f,ashourjan
m,ashourdardi
m,ashourali
m,ashourgholi
m,ashour mohammad
f,ashourgoldi
f,ashiyeh
m,asef
f,asefeh
m,asem
f,aseme
m,aasi
f,asiyeh
m,atef
f,atefe
f,aatofi
f,atieh
m,ati
f,aatiyeh
f,azafeh
m,aaf
f,aafat
f,aafieh
f,aaghebat
m,aghel
f,aghele
m,alani
f,alam
f,aalam-e baha'i
f,aalam taj
f,aalam rokh
f,alemtab
f,alametaj
f,alemeh
f,aaleh
f,aaleh
f,aali
m,ali
f,aaliya
f,aliye
f,aliyeh
f,aliyeh bigam
f,aliyeh khanom
m,aman
m,amer
f,amereh
m,amel
f,amaneh
m,amos
m,amil
m,akef
m,akool
m,ayi
m,aye asghar
m,aye akbar
m,aye reza
m,ayidin
f,ayesha
m,ayeshe
f,ayesha
f,ayesha bi bi
f,ayesha gol
f,aayeshieh
f,ayleh
m,ab al-ridha
m,abda labaqi
m,abd al-jalil
m,abā
m,abā asad
m,abbas
m,abā sa'li
m,abā salat
m,abbas
m,ebad
m,ebad al-din
m,ebadollah
m,ebadollah
m,ebad al-rahman
m,ebadollah
m,ebadollah
m,ebadat
m,ebadat khanom
m,ebadali
m,abdollah
m,ebadollah
m,ebadi
m,abadi allah
m,abbas
m,abbas allah
m,abbas khan
m,abbas ramroodi
m,abbas salar
m,abbas ali
m,abbas gholi
m,abbas qoli
m,abbas qavam
m,abbasmahdi
m,abast
m,abbasabi
m,abbasati
m,abbasali
m,abbasali hossein
m,abbasgholi
m,abbasgholi
m,abbasi
m,abasalt
m,abuljalil
m,abulhamid
m,abulhasan
m,abulhossain
m,abalhamid
m,abal-khaliq
m,abalkhalil
m,abalrahim
m,abdolrazag
m,abu al-rashid
m,abalrezā
m,abalzahra
m,abu al-samad
m,abdolaziz
m,abdolazim
m,abulghani
m,abulqadir
m,abdollah
m,abulmajid
m,abul-mohsen
m,abal-matlab
m,abalmansur
m,abalnasir
m,abalnabi
m,abaleh
m,abayi
m,abaye ali
m,abayat
m,abtas
m,abd
m,abd al-qayyim
m,abdollah
m,abd arza
m,abd eslam
m,abd ashkur
m,abdol
m,abd al-ahad
m,abd al-imam
m,abd al-amir
m,abdollah
m,abd al-basat
m,abd al-baset
m,abd al-baqi
m,abd al-basir
m,abd al-thadus
m,abdol jabbar
m,abdoljalal
m,abdoljalil
m,abd al-hamid
m,abdolhasan
m,abdolhossein
m,abd al-halim
m,abd al-hamid
m,abdolhamid
m,abd al-hanan
m,abd al-hakim
m,abd al-hayy
m,abd al-khaliq
m,abd al-khadr
m,abd al-khalil
m,abd al-razaq
m,abdolrahman
m,abdolrahman
m,abdolrahim
m,abd al-razzaq
m,abd al-rasul
m,abd al-rashid
m,abdolreza
m,abdolrauf
m,abd al-zahra
m,abd al-sattar
m,abd al-sattin
m,abd al-saeed
m,abd al-salam
m,abd al-sharif
m,abd al-shu'ayb
m,abd al-shafiq
m,abd al-shakur
m,abd al-sahib
m,abd al-sadiq
m,abd al-salih
m,abd al-samad
m,abd al-tayyif
m,abdolabbas
m,abdolaziz
m,abd al-aziz
m,abdolazim
m,abdolali
m,abd al-aleem
m,abdol-ali
m,abd al-ghader
m,abd al-ghadir
m,abd al-ghaffar
m,abd al-ghafur
m,abd al-ghani
m,abd al-qadir
m,abd al-qadir
m,abdolqadoss
m,abd al-quddus
m,abdolqadir
m,abd al-qaffar
m,abd al-qayyum
m,abdolatif
m,abdollah
m,abdolmatin
m,abdolmajid
m,abdol mohsen
m,abdol mohammad
m,abd al-masamad
m,abdol-motaleq
m,abdol ma'arif
m,abdolmalook
m,abd al-manaf
m,abdolmonin
m,abdolmahdi
m,abd al-nader
m,abd al-nasir
m,abd al-nabi
m,abdollah
m,abdollah jalal
m,abdolhadi
m,abdolhadi
m,abd al-wahid
m,abd al-wasi'
m,abd al-wahid
m,abd ol-vafa
m,abd ol-vali
m,abdolvahhab
m,abd al-vakil
m,abd al-kazem
m,abdolkarim
m,abd amir
m,abdolreza
m,abd samad
m,abd aziz
m,abdol ali
m,abdol ahmad
m,abdolrahim
m,abdollah
m,abdol mohammad
m,abd
m,abdollah
m,abd al-labast
m,abd al-aziz
m,abdolkarim
m,abdollah hossein
m,abd al-ridha
m,abdali
m,abdallah
m,abdabasit
m,abdabaqi
m,abd-e ibrahim
m,abdabasr
m,abdabe
m,abdatajbar
m,abdate
m,abd al-jabbar
m,abd al-jalal
m,abd al-jalil
m,abdahassan
m,abdolhossein
m,abd al-halim
m,abd al-hamid
m,abd al-hakim
m,abdakhzar
m,abdakhir
m,abd ar-rahman
m,abd al-rahman
m,abd al-rahim
m,abdarza
m,abd al-islam
m,abdalsalim
m,abdashid
m,abd al-sadiq
m,abd al-saleh
m,abd al-aziz
m,abdali
m,abd al-ghaffar
m,abdaghiyath
m,abd al-qayyum
m,abdol halim
m,abdol khaliq
m,abdol rahman
m,abdol rahim
m,abdol sara
m,abdol aziz
m,abdol latif
m,abdol mokhtar
m,abdolazad
m,abdolamabr
m,abdolahad
m,abdolahsan
m,abdolahmad
m,abdoleslam
m,abdollah
m,abdollah
m,abdollah
m,abdolimam
m,abdolamehr
m,abdolamri
m,abdolamid
m,abdolamir
m,abd al-amir
m,abdolamin
m,abdolanbi
m,abdollah
m,abdollahadi
m,abdolahad
m,abdolayoub
m,abdolbab
m,abdolbadi
m,abdolbari
m,abdolbaset
m,abdolbaset
m,abdolbaqer
m,abdolbaghi
m,abdolbashir
m,abdolbasir
m,abdolbalal
m,abdolbani
m,abdoltaah
m,abd al-tavhid
m,abdoljar
m,abdoljassem
m,abodoljabbar
m,abdoljabbari
m,abdoljalal
m,abdoljalil
m,abodoljalil
m,abdoljalil
m,abdoljamal
m,abdoljamal
m,abdoljavad
m,abdoljii
m,abdoljalil
m,abdolhadi
m,abdolhafez
m,abdolhamid
m,abdolhabib
m,abdolhajjat
m,abdolhadi
m,abdolhasan
m,abdolhasan
m,abdolhossein
m,abdolhossein
m,abdolhossein
m,abdolhossein
m,abdolhagh
m,abdolhalim
m,abdolhamim
m,abdolhamid
m,abdolrahman
m,abdolhamid
m,abdolhanan
m,abdolhakim
m,abdolhakeem
m,abdolhay
m,abdolhayef
m,abdolhamid
m,abdolhamid
m,abdolhakim
m,abdolkhaleq
m,abdolkhagh
m,abdolkhaleq
m,abdolkhalegh
m,abdolkhān
m,abdolkhabeer
m,abdolkhatm
m,abdolkhodr
m,abdolkhodr
m,abdolkhodr
m,abdolkhazir
m,abdolkhalaq
m,abdolkhalegh
m,abdolkhaliq
m,abdolkhanaan
m,abdolkhayl
m,abdol-donya
m,abdolrahman
m,abdolrazagh
m,abdolrashed
m,abdorrafee
m,abdolrab
m,abdolrabbi
m,abdolrahman
m,abdolrahmat
m,abdolrahman
m,abdolrahim
m,abdolrazzagh
m,abdolrasol
m,abd al-rashid
m,abdolraŝid
m,abd al-rashid
m,abd al-rasa
m,abd al-rasul
m,abdorreza
m,abd al-ra'uf
m,abdolrafi'
m,abdolraqeeb
m,abdolrahman
m,abdolrahra
m,abd al-rus
m,abd al-rouf
m,abdolkarim
m,abdolreyouf
m,abdolzāhed
m,abdolzaman
m,abdolzahra
m,abdolzahra
m,abdolsadeh
m,abdolsalam
m,abdolsam
m,abdolsabhan
m,abd al-sattar
m,abd al-sajjad
m,abdolsokhid
m,abd al-saeed
m,abdossalam
m,abd al-salim
m,abdolsam'i
m,abdolsamiei
m,abdolsamie
m,abdolsamigh
m,abd al-sharif
m,abdolshams
m,abdolshahid
m,abd al-shakur
m,abdolsaheb
m,abd al-sadiq
m,abd al-saleh
m,abd al-saleh
m,abd al-sabah
m,abd al-sabur
m,abdolsadiq
m,abdolsamad
m,abd al-samad
m,abdolzadeh
m,abdoltaher
m,abdoltayef
m,abdolzaher
m,abdolzahir
m,abdolazim
m,abdolalh
m,abdol'aref
m,abdolali
m,abdolabbas
m,abd al-abbas
m,abdolabbas
m,abdoladud
m,abdolaziz
m,abdolaziz
m,abdolaziz
m,abdolazim
m,abdolazim
m,abdolaziz
m,abdol-aqfour
m,abdolala
m,abdolali
m,abdolalim
m,abdolamir
m,abdol'anan
m,abdol-ali
m,abdolghar
m,abdolghatāj
m,abd al-ghadir
m,abdolghffar
m,abdolghafar
m,abdolghafar
m,abdolghani
m,abdolghoor
m,abdolghiyas
m,abdolghayoom
m,abdolfttah
m,abdolfaghoor
m,abdolfaghar
m,abdolfahoor
m,abdolfazl
m,abdolghader
m,abdolqadir
m,abdolqased
m,abdolqasem
m,abdolghaher
m,abdolqayem
m,abdolqabar
m,abdolqoddoos
m,abdolqadir
m,abdolqorban
m,abdolghafar
m,abdolqafur
m,abdolqomish
m,abdolqahhar
m,abdolqaws
m,abdolghiyas
m,abdolqayoum
m,abdollah
m,abdollatif
m,abdollamatlab
m,abdollah
m,abdollah hossein
m,abdollah reza
m,abdollah naser
m,abdollah
m,abdollah
m,abdolmajed
m,abdolmalek
m,abdolmobin
m,abdolmotaghiem
m,abdolmatin
m,abdolmajid
m,abdolmajid
m,abdolmahram
m,abdolmohsen
m,abdolmohammad
m,abdolmohammadriouf
m,abdolmahammad
m,abdolmahmood
m,abdolmohid
m,abdolmasoud
m,abdolmatab
m,abdolmotalleb
m,abdolmoez
m,abdolmoeid
m,abdolmoein
m,abdolmaqsud
m,abdolmoghīm
m,abdolmalek
m,abdolmalek
m,abdolmanaf
m,abdolmanan
m,abdolmansour
m,abdolmanem
m,abdolmanham
m,abdolmonir
m,abdolmahdi
m,abdolmola
m,abdolmolood
m,abdolmomen
m,abdolmomeni
m,abdolmohammad
m,abdolmir
m,abdolnaser
m,abdolnader
m,abdolnasir
m,abdolnabi
m,abdolnasir
m,abdolnizam
m,abdolna'im
m,abdolna'mat
m,abdolna'im
m,abdolnur
m,abdolnavid
m,abdollah
m,abdollah allah
m,abdollah shah
m,abdollah pour
m,abdolhadi
m,abdolhashem
m,abdolhadi
m,abdollahli
m,abdollahi
m,abdolvahab
m,abdolvajeb
m,abdolvajed
m,abdolvahed
m,abdolvavad
m,abdolvaast
m,abdolvaset
m,abdolvasee
m,abdolvaset
m,abdolvahhab
m,abdolvaheb
m,abdolvahed
m,abdolvahid
m,abdolvadood
m,abdolvas'
m,abdolvali
m,abdolvahhab
m,abdolvahdi
m,abdolvaqil
m,abdolchil
m,abdolkazem
m,abdolkhader
m,abdolkhazem
m,abdolkabir
m,abdolkarim
m,abdolkarim qasem
m,abdolkamal
m,abdolkim
m,abdali
m,abdalyar
m,abd al-qaum
m,abd al-yusuf
m,abdol-mohammad
m,abdamanan
m,abdana sar
m,abdanbi
m,abdolna'im
m,abdanur
m,abdavajeb
m,abdavahed
m,abd al-wahhab
m,abdakbar
m,abdakarim
m,abdaklarim
m,abd al-aziz
m,abd al-rahman
m,abd al-rahim
m,abd al-rasul
m,abd al-ridha
m,abdollah
m,abdoreza
m,abdshah
m,abdali
m,abdol
m,abdol ahad
m,abdol ahmad
m,abdol rahim
m,abdol al-sattar
m,abdollah
m,abdol emam
m,abdol amir
m,abdol bāset
m,abdol baseh
m,abdol baqir
m,abdol baqi
m,abdol tavaab
m,abdol jalil
m,abdol habib
m,abdol hossein
m,abdol haqis
m,abdol halim
m,abdol hamman
m,abdol hamid
m,abdol hakim
m,abdol khaliq
m,abdol rahman
m,abdol rahim
m,abdol reza
m,abdol rezagholi
m,abdol zahra
m,abdol sattar
m,abdol shakur
m,abdol sad
m,abdol samad
m,abdol aziz
m,abdol azim
m,abdol ali
m,abdol ghafour
m,abdol ghayoub
m,abdol fattah
m,abdol farhad
m,abdol farham
m,abdol qayoum
m,abdol latif
m,abdol majid
m,abdol mohammad
m,abdol mahdi
m,abdol nasir
m,abdol nabi
m,abdol na'im
m,abdol hadi
m,abdol vahid
m,abdol wahab
m,abdol vakil
m,abdol kazem
m,abdol karim
m,abdol kamal
m,abdol yousof
m,abdollah
m,abdollah amir
m,abd al-rahman
m,abdollahmad
m,abdollahaziz
m,abdolmamam
m,abdolmanaf
m,abdolamir
m,abdollah
m,abdolbaq
m,abdolbaqi
m,abdoljabar
m,abdoljalil
m,abdolhasan
m,abdolhossein
m,abdolhamid
m,abdolhakim
m,abdolrahman
m,abd al-rasul
m,abdolrasheed
m,abdolreza
m,abdolzahra
m,abdolsharif
m,abdolsedaghat
m,abdoltaher
m,abdolaziz
m,abdolali
m,abd al-ghaffar
m,abdolghafour
m,abdolghader
m,abdolqasim
m,abdolqayoom
m,abdollah
m,abdollah
m,abdollah al-reza
m,abdolmajid
m,abdolmohammad
m,abdolmir
m,abdolnasir
m,abdolnabi
m,abdollah
m,abdolvahed
m,abdolvahid
m,abdolkarim
m,abdali
m,abdolmohammad
m,abde mohammad
m,abdolkhaleq
m,abdolrasool
m,abdolghader
m,abdollah
m,abdolvalvaan
m,abdolkarim
m,abdol khaliq
m,abdol rahman
m,abdolbaset
m,abdolrasool
m,abdollah
m,abdavis
m,abdi
m,abdi javad
m,abdi saleh
m,abdi mohammad
m,abd al-kazim
m,abd al-karim
m,abduljalil
m,abdolhossein
m,abd al-rahman
m,abd al-rasul
m,abdolazim
m,abdulghaffar
m,abdulghani
m,abdollah
m,abdolmohammad
m,abd al-nasir
m,abd al-wahhab
m,abdollah
m,abdollah
m,ebrahim
m,ebrat
m,ebratollah
m,ebrat ali
m,abel al-hasan
m,abuljalil
m,abulhasan
m,abdolreza
m,ables
m,ablesa'li
m,abnollah
m,abnatelah
m,aboud
m,abud al-haym
m,aboudi
m,abu al-hafiz
m,abiyaleh
m,abid
m,obeid
m,obeidollah
m,obeidollah
m,abid mahdi
m,obaid al-jalil
m,obaid al-rahman
m,obeydollah
m,obeidollah
m,obaidali
f,abideh
f,abir
m,abirza
m,abis
m,ata niaz
m,atabollah
m,atabek
m,atas
f,etrat
f,ati
m,ati asghar
m,ati akbar
m,ati hossein
m,atiyeh reza
m,otti mohammad
m,atirza
m,atiq
m,atiq al-rahman
f,atiqe
m,osman
m,esmat
m,othnar
m,aj allah
f,ajab
f,ajab banu
f,ajab naz
f,ajab noosh
f,ajab pari
f,ajab gol
m,adal amir
m,adalat
m,adalhamid
m,adalal-rahman
m,adalkarim
m,adail
m,adl
f,adliyeh
m,adam
f,adn
f,adna
m,adnan
m,oday
m,adil
f,adileh
m,adile
m,azar
m,ezzat
f,azra
f,azra
f,ozrābigam
f,azri
m,azieh
m,araz
f,araz bay
f,araz bakht
f,araz bardi
f,araz bi bi
f,araz hamad
f,araz dardi
f,araz soltan
m,araz taghan
m,araz ali
m,araz qorban
m,araz qoli
m,araz mohammad
m,araz morad
m,araz gol
f,araz gol khanom
m,arazbardi
f,arazabi bi
m,arazdardi
m,arazdordi
m,arazqorban
m,arazgholi
m,araz mohammad
m,arazgol
m,arāz mohammad
m,arak
m,arab
m,arab shah
m,arab shir
m,arab ali
m,arab mohammad
m,arba'ali
m,arj ali
m,arz mohammad
m,arsh
m,arshali
m,arshiya
m,arshia
m,arshiyan
f,arshian
m,arshieh
m,arzollah
m,arz gardi
m,arza
m,arzali
m,aref
m,arafat
m,erfan
m,erfan al-din
m,arefan ali
f,erfane
f,arafe
m,oroj
m,orooj ali
m,oroojali
m,oroojgholi
f,aroos
f,arosha
m,ariz
m,ariz allah
f,arefeh
f,arinab
m,azaddin
m,azat
m,azatollah
m,aziz
m,azizaleh
m,aza
m,azaz
m,ezoddin
m,azaldin
m,azollah
f,ezolnesa
m,azaleh
m,azzam ali
f,ezzat
m,ezzatollah
m,ezzatollah
m,ezzat ol-din
f,ezzat al-zaman
f,ezzat al-sadat
m,ezzatollah
f,ezzat ol-molook
m,ezzatollah
f,ezzat banu
f,ezzat khanom
m,ezzat din
f,ezzat zaman
m,ezzat ali
m,ezzatollah
f,ezzat malek
f,ezzat nesa
m,azta allah
m,aztaalah
m,ezzatollah
m,ezzatollah
m,ezzatollahi
m,aztaali
m,ezzat
m,ezzati
m,ezzatieh
m,ezzatollah
m,ezra
m,azrakhatoon
f,azari
m,aziz
m,az'az
f,azl
m,azizollah
m,azizaldin
f,azir
m,azirkhanom
m,azireh
m,aziz
m,aziz al-din
m,azizollah
m,azizollah
f,aziz banu
f,aziz begim
m,aziz khan
m,aziz khanom
f,aziz tala
m,aziz abbas
m,aziz ali
m,aziz qoli
m,aziz mohammad
m,aziz morad
m,aziz nazar
f,aziz parvin
m,aziz karam
f,aziz gol
f,aziz
f,azizafaq
m,azizollah
m,azizoddin
m,azizollah
m,azizollah
m,azizbanoo
m,azizbek
m,azizbeg
m,azizkhan
f,aziz tala
m,azizali
m,azizgholi
m,aziz mohammad
m,azizmorad
f,azizeh
f,azizeh bi bi
m,azizeh khanom
m,azizeh khanom
m,azizkaram
m,azizi
m,azim
f,azimeh
m,asad
m,asadollah
f,asal
f,asalnaz
m,asnan
m,askar
m,askar ali
m,askar mohammad
m,asgari
m,asgar
m,asgar ali
m,asgar mohammad
m,asgarali
m,asgari
f,esha
m,eshar tad
m,esharat
f,eshrat
m,eshrat ol-molook
m,eshrat banu
m,esh'ali
f,eshgh
m,eshq ali
m,eshqali
m,eshghali
m,eshghi
m,ashan
m,ashur
m,ashir
f,ashireh
f,eshishiyeh
m,assar
m,esam
m,esamoddin
m,asat
m,asra
m,asam
m,asma
m,esmat
f,esmat
f,esmatozzaman
m,esmatollah
f,esmat ol-molook
m,esmatollah
m,esmat begom
m,esmat begum
m,esmat khatoon
m,esmat khanom
m,esmat ali
m,asnav
f,osumeh
m,askat
m,asim
f,azat
m,azod
m,ozodaldin
m,ozdal-molk
f,azra
f,azari
m,azim
f,azmat
m,azmatollah
m,aznafar
m,azim
m,atollah
m,ata
m,ataollah
m,ata allah
m,ata al-rahman
m,ataollah
m,ataollah
m,ata jan
m,ata qorban
m,ata qoli
m,ata qolich
m,ataollah
m,ata mohammad
m,ata morad
m,ata
m,ataollah
m,ataollah
m,ata'ollah
m,ataollah
m,ataollah
m,atab
m,atabakhsh
m,atabak
m,atabeg
m,atajān
m,atahossein
m,atadardi
m,attar
m,atarod
m,attareh
m,ataghalich
m,ata' al-din
m,ataal-rahman
m,atollah
m,ataollah
m,ataollah habibi
m,ataollah
m,atallah
m,atam ali
m,atamohammad
m,atamali
m,atavardi
m,atakesh
m,atāy
m,atāyollāh
m,atāy-e elāh
m,atayla
m,atragin
f,atra
f,atrsay
f,atra
f,atragol
f,atri
f,atriya
f,atryjan
m,atrin
f,atrin
f,atrine
m,atriyeh
f,atriyeh
f,atahre
m,atuf
f,otufat
f,otufeh
f,atibeh
f,atiyeh allah
f,atifeh
f,atigheh
m,attiye
f,atiyeh
m,atiyeh allah
f,attiyezahra
f,atiyeh
f,azra
f,azri
f,azam
m,azma
f,azma'aa
f,azmat
f,azmi
f,azmiyeh
m,azim
m,azimollah
m,azim bardi
m,azim khan
m,azim qoli
m,azim mohammad
m,azima
f,azimeh
f,azimieh
m,abdollah
m,azim
m,alireza
m,aghigheh
f,afaf
f,effat
f,efat bigom
f,efat khanom
f,efatbigham
f,afar
f,afra
m,afif
m,afif al-din
m,afifoddin
f,afeqeh
m,afife
f,afifeh
f,afiqe
f,aqār
f,oghat
f,aqdas
f,oghool bisheh
f,aghideh
m,aqiq
m,aghigh
m,aghighe
f,aqiqeh
m,aghil
m,aqil
m,aghilali
f,aghile
m,al asghar
m,al akbar
m,alreza
m,ala
m,alā-aldīn
m,alaa
m,alaa' al-din
m,alaa' al-din
m,alaoddin
m,alaaedin
m,alasali
m,ala'aldin
m,ala al-din
m,alam
m,alam hossein
m,alam reza
m,alam ali
m,alam mohammad
m,alamhossein
m,alamreza
m,alamali
m,alahen
m,alāheh
m,alay
m,alay al-din
m,alaydin
m,alireza
m,alayi
m,alabd al-ridha
m,alabi
m,alireza
m,al-dalhamid
m,al-dalrahman
m,alireza
m,alireza
m,oltefeh
m,alal
m,alarza
m,alef
m,alqali
m,elm
m,elmollah
m,elm olah
f,elm naz
m,almar
m,alamolhoda
m,alamdār
m,alamshah
m,alamqoli
m,alamnaz
f,almeh
m,elmirdaan
f,elmieh
m,elm dar
m,alnaghi
f,alham
f,oloye
m,alvan
m,alavi
f,alaviyeh
m,alaviyeh
m,alii
m,ali
m,aliariya
m,aliariyan
m,ali asghar
m,ali asghar
m,ali abr
m,aliebrahim
m,ali ahad
m,aliehsan
m,ali ahmad
m,ali arbat
m,aliarshiya
m,ali asad
m,ali ashraf
m,ali asghar
m,ali asghar
m,ali as'ar
m,ali asghari
m,ali asghar
m,ali asfar
m,ali aslan
m,ali azhar
m,ali asghar
m,ali azghar
m,ali a'zam
m,ali agha
m,ali aghar
m,ali afsar
m,ali iqbal
m,ali al-din
m,ali allah
m,ali al-naqi
m,ali alah
m,ali ambar
m,ali omid
m,ali amir
m,aliamin
m,ali o sot
m,ali owr
m,ali osad
m,ali osvat
m,ali ooste
m,ali osaf
m,ali akbari
m,ali ekram
m,ali akram
m,ali akbar
m,ali akir
m,ali ayoub
m,ali baz
m,ali baqir
m,ali bala
m,ali bakhsh
m,ali bakhshi
m,ali barat
m,ali barar
m,ali barz
m,ali bashir
m,ali beman
m,ali bak
m,ali beg
m,ali bimathal
m,ali bina
m,ali beik
m,ali big
m,ali tasghir
m,ali taqi
m,ali takbar
m,ali jaber
m,ali jan
m,ali jafar
m,ali jamal
m,ali jom'e
m,alijavad
m,ali hojjat
m,alihesam
m,ali hassan
m,ali hosseini
m,alihossein
m,ali hosseini
m,ali hozur
m,ali hamzeh
m,ali hamid
m,ali heydar
m,ali khvast
m,ali dad
m,ali dehqan
m,ali doost
m,ali dezhban
m,ali rajab
m,ali rahm
m,ali rahman
m,ali rahmat
m,ali rahim
m,ali reza
m,ali rezvan
m,ali ramazan
m,ali zadeh
m,ali zaman
m,alisalar
m,alisam
m,alisan
m,alisajjad
m,ali sina
m,ali sha
m,ali shad
m,ali shah
m,ali shirin
m,ali shir
m,ali shirin
m,ali saber
m,ali saleh
m,ali salehi
m,alisadra
m,ali safa
m,ali safdar
m,ali safar
m,ali za
m,ali zamen
m,alitaha
m,alitaha
m,ali abedin
m,aliadel
m,ali abbas
m,ali abbasi
m,ali abdolrezā
m,ali abdolvahab
m,aliarshiya
m,ali askar
m,ali askari
m,ali asgar
m,ali eshrat
m,aliata
m,ali attar
m,ali askar
m,ali imran
m,alifoad
m,ali fattah
m,ali fath
m,ali faraj
m,ali farhad
m,ali faridun
m,ali fazā
m,ali qasim
m,ali qadam
m,ali qadir
m,ali ghorban
m,ali qanbar
m,ali lasegher
m,ali lor
m,ali lakbar
m,ali masha'allah
m,ali masha'allah
m,ali mashaallah
m,ali mandegar
m,alimahan
m,ali mohsen
m,ali mahmoud
m,ali mokhtar
m,ali mohamad
m,ali modat
m,ali madad
m,ali morad
m,ali morteza
m,ali mard
m,ali mardan
m,ali marzvaqt
m,ali marvan
m,ali maravat
m,ali mansour
m,alimahdi
m,alimehr
m,alimehrad
m,alimahziyar
m,ali mousa
m,ali molaei
m,ali momen
m,ali mir
m,ali meyrdar
m,ali mirza
m,ali miza
m,ali naz
m,ali nazar
m,ali nasir
m,ali najat
m,ali najaf
m,ali nasrat
m,ali nazar
m,ali nemat
m,ali navaz
m,ali noor
m,ali nejad
m,alihadi
m,ali hashem
m,ali hasghar
m,ali hemmat
m,ali hamrah
m,ali wallah
m,alivaheb
m,ali var
m,ali vardi
m,ali virdi
m,ali vais
m,aliparsa
m,alipasha
m,ali pashah
m,ali panah
m,ali pour
m,alipuya
m,ali kazem
m,ali kamran
m,ali kamel
m,ali karam
m,ali karim
m,ali komak
m,alikiya
m,ali kia
m,ali geda
m,ali goshad
m,ali gol
m,ali yar
m,ali yaz
m,ali yas
m,ali yasha
m,ali yan
m,ali yavar
m,ali younes
f,olya
m,aliyeh soghar
m,aliya
m,aliad
m,aliyar
m,aliasghar
m,ali asghar
m,aliakbar
m,alib
m,alib ashraf
m,alibaz
m,alibakbar
m,alita
m,alith
m,alith reza
m,alijan
m,alijani
m,ali jom'e
m,alihasan
m,ali hossein
m,ali heydar
m,ali khan
m,alidad
m,alidoust
m,alireh ham
m,alirad
m,alireza
m,aliram
m,alireza
m,alirehmat
m,alireza
m,alireza
m,alireza
m,alireza
m,ali reza
m,alizda
m,alireza
m,alizadeh
m,alisa
m,alisina
m,alish
m,alisha
m,alishan
m,alishah
m,alishir
m,alisaleh
m,aliza
m,alierfan
m,aliqoli
m,aliqoo bad
m,alim
f,alima
m,ali mohammad
m,alimahd
m,alimrad
m,alimardan
m,alime
m,alimeh
m,alimirza
m,alinazar
m,ali naqi
m,aliyeh
m,alihan
m,aliordi
m,alipasha
m,alipour
m,alekram
m,aligol
m,ali asghar
m,ali rasghar
m,ali akbar
m,ali baba
m,ali khan
m,ali reza
m,ali reza r
m,ali qoli
m,ali mohammad
m,alimohammad
m,ali mohammad khan
m,ali mohammad ali
m,alinaghi
m,ali naqi
m,ali
m,ali asghar
f,ama
m,emad
m,emad al-din
m,emadoddin
m,emadolmolk
m,emadhossein
m,emadreza
m,emadali
m,emadmohammad
m,emadi
m,ammar
m,amar yaser
m,amaldin
m,oman
m,omanollah
m,oman sa'id
m,oman mohammad
m,omandoodi
m,amanoeil
m,omani
m,omd
m,omar
m,omar allah
m,omar al-din
m,omarollah
m,omrollah
m,emran
m,omranali
m,omrah
m,omar mohammad
m,omranabi
m,amro
f,omri
f,amset
f,ameh
f,amme khanom
f,ameh leila
f,amme nesa
f,ammeh kalthoum
m,amood ali
m,amid
m,amidaldin
m,amidoddin
m,amidmahdi
m,anat
m,anad
m,enayat
m,enayatollah
m,enayatollah
m,enayatollah
m,enayatollah
f,anbar
f,anbar banu
f,anbarbu
f,anbartala
f,anbarpari
m,andalib
f,angha
m,anli
m,anvar
m,aniyatollah
m,anif
m,ahdollah
m,ahdiyeh
m,ahdieh
m,ahlireza
m,ohood
m,ahidieh
m,avad
f,avatef
m,oud ali
m,oodi
m,avorj
m,aureh
m,avarinab
m,avaz
m,avazollah
m,avazollah
m,avaz bardi
m,avaz beg
m,avaz beik
m,avaz ali
m,avaz qari
m,avaz mohammad
m,avaz morad
m,avaz vardi
m,avaz goldi
m,avazali
m,avazi
m,aofi
m,awn
m,awnali
m,avid
m,oveis
m,abdollah
m,akashe
m,ey
m,ey ashraf
m,ey akbar
m,ayad
m,ayār
m,ayaz
m,ayasali
m,ayash
m,eiad
m,yamin
m,ayan
m,eyjan
m,eid
m,eid ali
m,eid qoli
m,eid mohad
m,eid mohammad
m,eid morad
m,eid gol
m,eid al-hussein
m,eid al-hakim
m,eid al-ali
m,eid al-qani
m,eidollah
m,eid al-wahhab
m,eid al-karim
m,eidan
m,eidbi bi
m,eid mohammad
m,eideh
m,eydi
m,eydi mohammad
m,eydi morad
m,eidimohammad
m,arezda
m,eys
m,is qoli
m,isa
m,isaq
m,isa
m,isa beg
m,isa reza
m,isa qoli
m,isa nasim
m,eshghali
m,eil
m,ayn alah
m,ain al-din
m,ain al-dowleh
m,ain al-din
m,ayn al-zaman
m,ayn al-'ahd
m,ayn al-lah
m,ainollah
m,ainollah
m,aynollah
m,ain shah
m,ain ali
m,ain navallāh
f,ayna
m,eynollah
m,ainali
m,eyni
m,eyni allah
m,eyvazhi
m,eyvaz
m,oyoob
m,eyvatollah
m,eyvaz
m,eyvaz ali
m,eyvaz mohammad
m,eyvazali
m,yayi reza
m,ghabd
m,ghatfar
m,ghaather
m,ghadil
m,gharef
m,ghazan
m,ghazi
m,ghafel
m,ghaleb
m,ghalam reza
m,ghalamhossein
m,ghalmorza
m,ghāli
f,ghalieh
m,ghamreza
m,ghamali
m,ghanem
m,ghaniye
f,ghaniyeh
m,ghayeb
m,ghayeb ali
m,ghayeb nazar
m,ghaybali
m,ghabad
m,ghabas
m,ghabd al-ridha
m,ghoddaollah
m,ghabibe
m,ghatam
m,ghatam hossein
m,ghatamreza
m,ghas al-din
m,ghadir
m,ghadramali
m,ghadir
m,ghadir mohammad
m,ghadirali
f,ghadireh
m,ghadireh
f,ghazra
m,gharamraz
m,gharbani ali
m,gharatollah
f,gharh naz
m,ghardin
f,ghorgh
m,ghornaallah
m,gharhad
m,ghorur
m,gharavi
m,gharib
m,gharib jamal
m,gharib hossein
m,gharib ali
m,gharib naz
m,gharibaali
m,gharibe
f,gharizeh
f,ghazal
f,ghazale
f,ghazaneh
m,ghazat
m,ghazatollah
f,ghazal
f,ghazal naz
f,ghazalak
m,ghazanfir
f,ghazve
m,ghazi
m,ghaziz
m,ghazizollah
m,ghazizaleh
m,ghazizeh
m,ghazban
m,ghazfar
m,ghazanfir
m,ghaznfar
m,ghazim
f,ghazimeh
m,gholamali
m,ghafā
m,ghaffar
m,ghaffar bardi
m,ghaffar ali
m,ghaffar gholi
m,ghaffarzadeh
m,ghafarali
m,ghaffari
m,ghofran
m,ghaflar
m,ghafur
m,ghafur bardi
m,ghafur ali
m,ghafur mohammad
m,ghavorsarli
m,ghafurgholich
m,ghafureh
m,ghaqar
m,ghalalam reza
m,gholam
m,gholam ahmad
m,gholam asghar
m,gholam afzal
m,gholam al-din
m,gholam akbar
m,gholam bani
m,gholam behool
m,gholam jilali
m,gholam jilani
m,gholam habib
m,gholam hassan
m,gholam hossein
m,gholam hazrat
m,gholam hamid
m,gholam heydar
m,gholam rasool
m,gholam reza
m,gholam sokha
m,gholam sakhi
m,gholam sokhir
m,gholam sarvar
m,gholam saeed
m,gholam sha
m,gholam shah
m,gholam sadiq
m,gholam za
m,gholam abbas
m,gholam alab
m,gholam ali
m,gholam ghoos
m,gholam farooq
m,gholam ghader
m,gholam mohsen
m,gholam mohsin
m,gholam mohammad
m,gholam mostafa
m,gholam mahdi
m,gholam nabi
m,gholam nari
m,gholam yar
m,gholam yahya
m,gholam yahya
m,gholamhossein
m,ghala mohsen
m,gholamhossein
m,gholam hasan
m,gholamhossein
m,gholamhossein
m,ghala mohsin
m,gholamhossein
m,gholam hossein
m,gholamheidar
m,gholamhossein
m,gholamreza
m,gholamrasool
m,gholamreza
m,gholamreza
m,gholamreza
m,ghala marza
m,gholam reza
m,gholamreza masoud
m,gholamsakhi
m,gholamsin
m,gholamshah
m,gholamza
m,gholamabbas
m,gholam abbas
m,gholamali
m,ghala ma'li
m,gholamoyas
m,gholamgholi
m,gholamghader
m,gholamreza
m,gholamhossein
m,gholam mohammad
m,gholampour
m,gholamkarza
m,gholami
m,gholami nabi
m,gholam hossein
m,gholam reza
m,ghalavreza
m,gholamali
m,gholam reza
m,gholam mohammad
m,gholamhossein
m,gholamreza
m,gholamali
m,gholi
m,gholi asghar
m,gholi akbar
m,gholi reza
f,ghalieh
f,ghamzeh
f,ghamgozar
f,ghanj
f,ghanji
m,ghanazanfir
m,ghanfar
f,ghoncheh
f,gonche gol
m,ghani
m,ghani allah
m,ghani bakhsh
m,ghanim
f,ghanimat
f,ghanimeh
f,ghaniyeh
f,ghavaz
m,ghoṣh al-dīn
m,ghoosheh bakhsh
m,ghus al-din
m,ghoshret
f,ghogha
m,ghyas
m,ghiyas
m,ghyas ali
m,ghiyasoddin
m,ghyasali
m,ghyas al-din
m,ghyasali
m,ghayb al-ali
m,ghaybollah
m,ghaybollah
m,ghayb ali
m,ghayb qoli
m,ghaybat
m,ghaybatollah
m,gheybali
m,ghaith
m,ghideh
m,gheyr
m,ghayrat
m,ghayrat ali
m,gheysi
m,ghayzali
m,ghioub
m,ghayour
m,foad
m,foadmahdi
f,fakhr
f,fāṭameh
f,fa yeqe
f,fa'ezeh
f,faameh
f,fa'ehe
m,faez
f,faeze
m,faez
f,fa'ezeh
m,faegh
f,faeghe
m,fateh
f,fatemeh
f,faten
m,fatek
f,fatima
m,fāseq
f,fakhteh
f,fakhtak
m,fakher
m,fakhra
f,fakhere
m,fader
m,fadel
m,fadi
f,fadiya
m,fadina
m,fadiye
f,fara
m,farab
m,faran
m,fārheh
m,fared
m,faraz
m,fares
m,fares
m,fāreż
m,fargh
f,fariq
m,fārli
f,farmis
m,farnas
m,farnases
m,farnak
f,fareheh
m,farooq
m,farukh
m,farugh
m,farugh
m,farough akbar
m,faroughé
m,faroup
f,farya
m,faryab
m,faris
m,fasom
f,fasiros
m,fasel
f,fasmeh
m,fazali
m,fazel
m,fazl mohammad
f,fazeleh
m,fater
f,fatereh
f,fatefeh
f,fatemeh
m,fatemeh
f,fatemeh
f,fateme
f,fatemeala
f,fatemehava
f,fatemehayeh
f,fatemehathar
f,fatemeh al-sadat
f,fatemehbanu
f,fatemehboshra
f,fatemehbasira
f,fatemeh bangam
f,fatemehbahar
f,fatemeh bikam
f,fatemeh bigam
f,fatemeh bi bi
f,fatemesamin
f,fatemehsana
f,fatemeh jan
f,fatemehjana
f,fatemeh jafari
f,fatemeh khanom
f,fatemedorsa
m,fatemediba
f,fatemeroghayye
f,fatemereyhan
f,fatemehreyhaneh
f,fatemeh zahra
f,fatemeh zohre
f,fatemeh sadat
f,fatemeh sadaat
f,fatemeh sadat
f,fatemesetayesh
f,fatemesorur
f,fatemeh saadat
f,fatemeh sa'adati
f,fatemeh soltan
f,fatemehsalma
f,fatemeselva
f,fatemesana
f,fatemeh soori
f,fatemesaba
f,fatemeh sari
f,fatemeh soghra
f,fatemeh soghra
f,fatemeh safra
f,fatemeh sooreh
f,fatemehzoha
f,fatemetahura
f,fatemeazra
f,fatemehghazaleh
f,fatememana
f,fatemehmohaddeseh
f,fatemehmotahhareh
f,fatemehmahda
f,fatemehmahla
f,fatemeh mahnaz
f,fatemeh mojgan
f,fatemeh minoo
f,fatemeh nesa
f,fatemeh nesa
f,fatemehoda
f,fatemehasti
f,fatemehheliya
f,fatemeh kobra
f,fatemekowsar
f,fateme gol
f,fatemeh gohar
f,fatemeyas
f,fatemeyasamin
f,fatemeyekta
f,fatemehā
f,fatemeh al-zahra
m,fatemehosna
f,fatemehowra
f,fatemeh
f,fatemezahra
f,fatemezohre
f,fatemezeynab
f,fatemehsara
f,fatemesaba
f,fatemesama
m,fatemesima
f,fatemeh soghri
m,fatememahya
f,fatemehmaesumeh
f,fatemenarjes
f,fatemehnesa
f,fatemenura
f,fatemehچ
f,fatemi
f,fatemiya
f,fatemieh
m,faten
f,faatnameh
f,faatneh
f,faatheh
f,fati
f,fatima
f,fatimeh
f,fazl
f,fazmeh
f,fazieh
f,fa'zeh
f,fa'zeh
f,fa'zeh
f,fagheh
f,falazer
m,faleh
m,falegh
f,faleghe
f,fam gol
f,fameh
m,famil
f,famileh
f,famina
f,fanzeh
f,fanos
f,fani
f,fanid
f,fānid
m,faniz
f,fakeheh
f,fayeheh
f,faydeh
m,faydim
f,faidim
f,faizeh
f,fayreh
m,faiz
f,faizeh
m,faez
f,faizeh
m,fayeze
f,faiz
f,faizeh
m,faifeh
m,fayegh
f,fayegheh
f,faymeh
f,fayjeh
f,faayzeh
m,fayik
m,fabdi
m,fablali
m,fattā
m,fatabeh
f,fatat
m,fattah
m,fattah ali
f,fattane
f,fattahi
f,fattah
m,fath
m,fath al-
m,fath al-din
m,fathollah
m,fathollah
m,fath ali
m,fath mohammad
m,fath'ali
m,fathali
m,fathali
m,fathlahi
m,fathali
m,fathah
m,fathi
m,fathieh
m,fathollah
m,fatehollah
m,fata'li
f,fetneh
m,fattahali
m,fotovvat
m,fati
m,fatihe
f,fatiyeh
f,fajr
m,faht
m,fahtali
m,fahd
f,fakhamat
m,fakhr
f,fakhr al-muluk
f,fakhr ad-din
f,fakhr-e a'zam
f,fakhr al-dawlah
m,fakhr al-din
m,fakhr al-din asl
f,fakhr al-muluk
f,fakhr al-nisa
f,fakhr olah
f,fakhr al-din
f,fakhr taj
m,fakhr ali
f,fakhr nisa
f,fakhrāzar
m,fakhradin
f,fakhr al-taj
f,fakhr al-hajieh
f,fakhr al-dowleh
m,fakhr al-din
m,fakhroddin
m,fakhr al-din
f,fakhrozzaman
f,fakhrossadat
m,fakhrollah
f,fakhrolmoluk
f,fakhr al-molk
f,fakhronnesa
f,fakhr al-nisa
m,fakhrollah
f,fakhr-e iran
f,fakhrtaj
f,fakhr jahan
m,fakhrdalin
m,fakhradin
f,fakhrzaman
m,fakhrali
f,fakhrmalook
f,fakhrgol
f,fakhri
f,fakhri banu
f,fakhri taj
f,fakhri sadlet
f,fakhri naz
f,fakhri nesa
m,fakhribin
f,fakhrin taj
f,fakhriye
f,fakhriyyeh
f,fakhriyeh khanom
f,fakhri sazat
f,fakhzi naz
m,fakhim
f,fakhimeh
m,fada hossein
m,fada ali
m,fada mohammad
m,fadaali
m,fadak
m,fadayali
m,fadra
m,fada'am
f,fadak
f,fadya
m,fadīr
f,fadileh
f,farah bakhsh
f,farah naz
f,farhanaz
f,far khandeh
m,far khi
m,fardin
m,far zin
m,farzad
f,farzaneh
f,farshteh
f,forsat
f,farangiz
f,fargol
m,far ain
f,farazar
f,farouin
f,farra
m,farab
m,faraborz
m,farabin
m,forat
m,farāt mohammad
f,faratagun
f,forate
m,faratin
f,farah dokht
m,faraham
m,farad
m,fara dokht
f,faradis
m,faradin
m,fara rad
m,fararos
f,fararang
m,faraz
f,faraz gol
m,farazan
m,farazaneh
m,farazman
m,faraz mohammad
m,farazmand
m,faraz mehr
m,farazande
f,farazneh
m,farazin
m,faras
m,ferasat
m,farasiyab
m,farasiyak
m,faraset
m,faraq
m,faraq al-din
m,faraleh
m,faram
m,faramarz
m,faramez
m,faramezar
m,faramanد
f,faramek
m,faramin
f,faran
f,farandokht
f,farandokht
m,faransis
f,farane
f,faranak
f,faranke
f,farank
f,farangiz
f,farangis
m,farahad
f,farahat
m,farahel
f,faraham
m,farahi
m,ferahim
m,farahin
m,faravaz
m,faravak
f,farachehr
m,farak
m,farayoudin
m,faraeim
m,faraein
m,farban
m,farban mohammad
m,farbanali
m,farbarz
m,far bakhsh
m,farbod
m,farbodali
f,farbedeh
f,farbo
m,farbud
f,farbiya
f,farideh
m,farbirz
m,farbin
m,fartash
m,fartan
m,fartus
f,fartuk
f,fartiyam
m,fartip
m,faraj
m,faraj alah
m,farajollah
m,faraj ali
m,faraj naz
m,farjad
m,farajollah
f,farajaleh
m,farjam
m,farajali
f,farjahan
m,farju
m,farjud
f,farajieh
m,farajollah
f,farah
m,farahollah
f,farah al-muluk
f,farah angiz
f,farah banu
f,farah bad
f,farah bud
f,farah taj
f,farah khanom
f,farah dokht
f,farah rooz
f,farah ziba
f,farah nesa
f,farah nush
f,farah vosh
f,farah gol
f,farah yad
m,farhan
f,farhaneh
m,farahangiz
f,farahbakhsh
m,farahbod
f,farhat
f,farahtaj
f,farahdokht
m,farhadokht
f,farahruz
f,farahzad
f,farahsa
m,farahsima
f,farahmand
f,farhanar
f,farahnaz
f,farahnak
f,farahandukht
f,farahnaz
f,farahnesa
f,farahnush
f,farah
f,farah angiz
f,farah bakhsh
f,farahzad
f,farah naz
f,farrokh
m,farokh al-din
m,farokh al-qā'
m,farokh alah
m,farokhollah
f,farokh banu
f,farokh bakhsh
m,farokh bad
m,farokh beh
m,farokh bi bi
m,farokh taj
m,farokh tash
m,farokh khan
m,farokh dad
m,farokh dowlat
m,farokh zolqa
m,farokh rooz
m,farokh zat
m,farokh zand
m,farokh shad
m,farokh ali
m,farokh laghā
m,farokh leqā
m,farokh laghlaq
f,farokh mah
m,farokh naz
m,farokh homa
m,farokh pey
f,farokh chehr
m,farokh gol
m,farokh yar
m,farokh yasar
m,farkhad
m,farkhan
f,farrokhbakht
m,farokhtaj
m,farrokhdad
f,farrokhru
m,farrokhruz
m,farrokhzad
m,farakhshad
m,farokhali
f,farrokhlegha
f,farrokhmehr
f,farrokhnaz
f,farokhandeh
f,farkhondeh
m,farakhandeh pi
f,farakhandeh chehr
f,farkhondehchehr
f,farokhnandeh
f,farakhondeh
m,farrokhpey
f,farrokhchehr
f,farrokhi
m,farokhzad
m,fardad
m,fardad manesh
m,fardar
m,fardan
m,fardaneh
f,far dokht
m,ferdریک
m,fardali
f,farde
m,fardood
f,ferdos
f,ferdosieh
m,fardi
m,farditan
m,fardid
m,fardideh
m,fardis
f,fardis
m,fardismehr
m,fardischehr
m,fardin
m,fardik
m,farz ali
m,farza د
f,farza na
m,farzaad
f,farzateh
m,farzad
m,farzad
m,farzadin
m,farzollah
m,farzaleh
m,farzam
m,farzan
f,farzan dokht
f,farzandokht
m,farzanfar
f,farzanameh
m,farzanmehr
f,farzane
m,farzank
m,farzabad
m,farzad
m,farzdagh
m,farzar
m,farzaraneh
m,farzaali
m,farzaneh
m,farzan
f,farzaneh
m,farzand ali
m,farzand ali
f,farzandeh
m,farzaneh
m,farzoghe
m,farzian
m,farzib
m,farzin
m,farzin za
f,farzin tala
m,farzin mahdi
m,farzineh
m,farziyeh
f,farsa
m,farsad
m,farsar
m,farsam
m,forsan
m,farsba
f,farastu
m,farasman
m,farsim
f,farsima
m,far sima
m,farsh avarad
m,farsha d
m,farshaad
m,farshad
m,farshasb
m,farsham
m,farshayi
m,farshbaf
f,fereshte
f,fereshteh
m,farshid
f,farshneh
m,farshushtar
m,farshi
f,farshid
m,farshid
m,farshid reza
m,farshideh
f,farshideh
m,farshidvard
m,farshidord
m,farshim
m,farshin
m,forsad
f,forsat
m,forsatali
m,farz
m,farzollah
m,farzollah
m,farz ali
m,farzal
m,farzaع
m,farzaali
m,farzallāh
m,farzi
f,farziyeh
m,fartus
m,far'aan
f,fargh
m,farghar
m,forghan
f,farghaneh
m,farfan allah
m,farfood
m,farfid
m,farg
m,forghan
m,farghad
m,farmad
m,farman
m,farmanbakhsh
m,farmandār
m,farmandeh
m,farmanali
m,farmad
m,farmarz
m,farmask
m,farmnaz
m,farmand
m,farmanesh
m,farmehr
f,fermisk
m,farmin
f,faran
m,farnad
f,farnar
f,far naz
f,farnazal
m,farnas
m,far nam
m,farnak
m,ferend
f,farandokht
f,faransa
f,farnaz
m,farnama
f,farnu
f,farnavaz
m,farnud
m,farnur
f,farnush
f,farnusha
m,farank
f,frankis
f,farang
f,farang taj
f,farang naz
f,far negar
f,farangnaz
f,farangiz
f,farangis
f,ferni
f,farnia
m,far niya
f,farnian
m,farniyan
m,farnik
f,farah
f,fareh laghā
f,fareh naz
f,farahvash
m,farah
m,farhad
m,farhad
m,farhad khalil
m,farhad ali
m,farhadi
m,farham
m,farrehan
f,farhaneh
f,farhat
m,farhad
f,farahdokht
m,farahm
m,farahmad
m,farahman
m,farremand
f,farahnaz
m,farahand
m,farre nush
m,farhang
f,farhangdokht
m,farhangi
m,farhud
f,farhude
m,farrehvar
m,farahvash
m,farhoshdad
m,farreumand
m,farrahi
m,farhikhte
f,farhid
m,faravan
m,farvak
m,forutan
f,forouhar
f,forouhéh
f,forukh
f,forukh laghā
m,forud
m,faroodieh
m,farvar
m,farvartish
m,farvardin
f,foruz
f,foruza
f,forozatoon
f,foruzan
m,forouzanfar
f,frozjahan
f,foruzesh
f,foruzan
f,foruzande
m,foruzin
f,frozineh
f,forushanak
m,faravashi
m,forood al-din
f,forugh
f,forugh azam
f,forough al-din
f,forugh al-zaman
f,forough banoo
f,forough dokht
f,forough zaman
f,forughaezam
m,forughoddin
f,forugh
f,forughieh
f,foruq al-zaman
f,foruh
m,foruhar
m,foruhel
f,frohandeh
f,foroughgh azam
f,froydan
f,farparak
f,far chehr
m,fargan
m,fargah
f,far gol
f,fargoon
f,fari
f,fari barz
m,fari barz
m,fari tows
f,fari naz
f,farinush
f,fari gol
m,fariya
m,farya
m,faryab
m,faryaba
m,faryad
m,faryar
f,feriyal
f,faryaleh
m,faryan
f,faryaneh
f,farib
f,fariba
m,faribat
m,fariborz
m,faryborz
m,faribaz
m,farita
m,feriton
m,farijad
f,fariha
f,farihnaz
m,farīheh
m,farid
m,farid ahmad
m,farid al-din
m,faridollah
m,farid reza
f,farida
m,farid ahmad
m,fari dad
m,faridoddin
m,farid al-din
m,farid al-zaman
m,faridhossein
f,fari dokht
f,faridokht
m,faridreza
m,fari del
f,faridman
f,farideh
f,faride
m,fereydun
m,fereydoun
f,fereydoun akhtar
m,fereydoun khan
m,fariduni
m,faridin
f,farir
f,fari rokh
f,farirokh
m,farirz
m,fari ru
f,fariru
m,fariruz ali
f,farizeh
m,faris
f,farisa
f,farisan
f,farisha
m,farishad
f,farizeh
f,farifteh
m,farigh
m,farim
m,farima
f,farima
m,fariman
f,farimaneh
f,farimane
f,fari mah
f,farimah
m,fariman
m,farimand
f,farimeh
f,fari mehr
f,farin
f,faridokht
f,farīn gol
f,farina
f,farinar
f,fari naz
f,farinaaz
f,farinam
f,farinay
m,farinu
m,farinoosh
m,fari nush
f,faryeh
f,fariham
m,farivar
m,faryar
m,farivar
m,farivash
f,faryush
m,faryun
m,fari chehr
m,fari chehre
m,faryia
m,faryabali
m,fariin
m,farhad
m,faz
m,fazad
f,fazaneh
m,fazrad
f,fazraneh
m,fazhad
f,fazeshteh
f,fazeh
m,fazhad
f,faziba
f,fazideh
f,fazieh
f,fasaneh
m,fasih
f,fashang tala
m,fashin
m,fas'ali
m,fasih
m,fasih al-din
m,fasih al-zaman
m,fasih al-mulk
f,fasihé
m,fasihe
m,fasiral
m,fasileh
m,fazlollah
m,fazaleh
m,fazayel
m,fazayil
m,fazeli
m,fazl
m,fazl ahmad
m,fazlollah
m,fazl al-haq
m,fazl al-din
m,fazlollah
m,fazlollah
m,fazl rahman
m,fazl ali
m,fazl mohammad
m,fazl karam
m,fazlollah
m,fazlali
m,fazli
f,fazliyeh
m,fazlollah
f,fezzeh
m,fazzeh allah
m,fazzeh khatoon
m,fazzeh khanom
m,fazil
m,fazilat
f,fazilat
f,fazileh
f,fazieh
f,fataneh
f,fetrat
f,fatemeh nesa
f,fazlollah
m,fazlollah
f,fazhe
f,fazileh
m,foad
f,faymeh
f,faghan
m,faghan ali
m,faghani ali
m,faghaniš
f,faghostan
f,fāṭemeh
m,fattahali
m,faghan
m,faqir
m,faghir mohammad
m,faghir gol
m,faqir mohammad
f,faqih
m,faghihe
f,faqiheh
f,fal tameh
m,falah
m,fallah al-din
f,falahat
m,flamraz
f,falamak
m,falakat
m,fazl
f,faltameh
m,falagh
m,falmeh
f,flavar
f,felor
f,felora
f,florans
f,feloriya
f,falveh
m,falak
m,falak ebrahim
m,falak al-din
f,falak taj
m,falak naz
f,falakvosh
f,falak naz
m,feleet
m,faliḥ
m,feliks
f,famar
m,famureh
f,fameemeh
f,fandogh
f,fanureh
m,fahham
f,fahhame
m,fahd
m,fahruz
m,fahm al-din
m,fahmali
f,fahmeh
m,fahmideh
m,fahmide
f,fahmineh
f,fahmieh
m,fahnoosh
m,fahim
m,fahimreza
f,fahima
f,fahime
f,fahimeh
f,fahimieh
m,fahīn
m,faheyeh
m,foad
m,foad al-din
m,foadollah
m,foadreza
m,favadz
m,fava'ed
m,fava'id
f,foriyeh
f,fouzi
f,fouzieh
m,fuziye
f,fozieh
m,fouad
f,folad
m,folia
m,fuman
f,fuzhan
m,fuka
m,foghan
m,foyad
m,fouyeh
m,fekr ali
m,fekrali
m,fekri
m,fakur
m,fia zhi
m,fayyaz
m,fayyaz beg
m,fayyaz ali
m,fiba
f,fidan
m,fir vaz
m,firan
f,firouzeh
m,firuz
m,firooz
m,firooz ali
m,firooz mohammad
m,firozan
f,firuz khaton
m,firoozar
m,firoozh
m,firoozali
m,firuzmand
m,firuzmehr
f,firuze
f,firoozeh
f,firoozi
f,firizeh
f,fizooz
m,fesl
m,feyz al-din
m,faisal
m,feysal
m,feyz
m,feyz abadi
m,feyz alah
m,feyz al-rahman
m,feyzollah
m,feyzollah
m,feyz amir
m,feyz ali
m,feyz mohammad
m,feyz mohammad
m,feyz al-rahman
m,feyzollah
m,feyzollah
m,feyzali
m,fazlollah
m,feyzmohammad
f,fayzeh
f,fayzieh
m,feyzollah
f,fileh
m,fili
m,filipus
m,fimmeh
m,fina
m,fihmeh
m,fiyooj
f,fiona
m,fika
m,ghorban
m,qādar
m,qasem
m,qā sam'ali
m,qa qa
m,ghaed
m,ghaem
m,qab allah
m,qābed
m,ghabel
m,ghabus
m,ghabil
m,qajq
m,ghader
m,qader bakhsh
m,qader dash ali
m,ghadir ghadir
m,ghadir mohammad
m,ghadirbakhsh
m,ghadar ali
m,qadel
m,qadi
m,qadir
m,qadir bardi
m,qadir mohammad
m,qar bi bi
m,ghar mohammad
m,qaraash
f,gharbi bi
f,qarjan
f,qarjeh
m,qard
m,qarda sha'li
m,qardash
m,qardash ali
m,qardashali
m,qarli
m,qar mohammad
m,qaramehmar
m,gharen
m,qarugh
m,gharun
m,qari
m,qarya
m,qaryaqdi
m,qarineh
m,ghazan
m,ghasem
m,ghasem beg
m,ghasem ali
m,qasemati
m,ghasemali
m,ghasemi
f,ghasemieh
m,qasim
m,qashem
f,ghasedak
m,qazi
m,qazi morad
m,ghat'eh
f,ghatemeh
f,ghatemeh soghra
m,qaflan
m,ghalb
m,galsin
m,ghalos
m,qām
m,qāmat
m,qamatali
f,ganete
m,ghanee
m,ghanem
f,qanmeh
m,ghaher
f,ghahereh
m,ghavr
m,qapi
m,qachaq
m,qā'er
m,qayeli
m,qayem
m,qayem ali
f,qaymeh
m,ghobad
m,ghabr taj
m,ghabzali
m,ghablali
m,ghablavi
m,qiblah ali
m,qibleh qoli
m,ghabul
f,qabileh
m,qatoor
f,gajar
f,qajar banu
f,gajarkhanom
m,ghad mokhayer
m,qodratollah
m,ghadr
m,ghadre allah
m,ghadr-e ellah
m,ghadir ali
m,ghadre mohammad
m,ghadarallah
m,ghadrollah
m,ghadraneh
m,ghodrat
m,qodrat-e alah
m,ghodratollah
m,ghodratollah
m,ghodrat ali
m,ghodrat morad
m,ghodratollah
m,ghodratollah
m,ghodratali
m,ghadri
f,ghadriyeh
m,ghodratollah
m,qods a'zam
m,ghodsi
f,ghodsi
f,ghodsiyeh
m,ghadam
m,ghadamollah
f,ghadam jan
f,ghadam kheir
f,ghadam kheir banu
m,ghadam reza
f,ghadam shah
m,ghadam ali
f,ghadam yar
f,ghadamkheyr
m,ghadamkhiz
m,ghadamali
m,ghoddus
f,ghoduseh
m,ghodom
m,ghadir
m,ghadir bardi
m,ghadir ali
m,ghadir mohammad
m,ghadirollah
m,ghadirali
m,ghadirmohammad
m,ghadire
f,ghadireh
m,ghedis
f,qaddiseh
m,gheddise
m,ghadim
m,ghadim khani
m,ghadimali
m,ghadimeh
m,ghar ba na'li
m,ghorban
m,ghorbanali
m,gharatkin
m,ghorba na'li
m,ghorban
m,ghorbatali
m,ghorbali
m,ghorbalgholi
m,ghorbamali
m,ghorban
m,ghorban bakht
m,ghorban bardi
f,ghorban bika
f,ghorban bi bi
f,ghorban taj
f,ghorban taghan
m,ghorban hossein
m,ghorban dardi
m,ghorban saeed
m,ghorban soltan
m,ghorban taghan
m,ghorban ali
m,ghorban qoli
m,ghorban gholich
m,ghorban li li
m,ghorban mohammad
m,ghorban morad
m,ghorban nazar
m,ghorban vardi
m,ghorban gol
m,ghorban goldi
m,ghorban goli
m,ghorbantaj
m,ghorbandardi
m,ghorbansoltan
m,ghorbanali
m,ghorbanaliچ
m,ghorbani
m,ghorbanqoli
m,ghorbanqoli
m,ghorbanqolich
m,ghorbanmorad
m,ghorbangol
m,ghorbangoldi
m,ghorbagoldi
m,ghorbat
m,ghorbatali
m,ghorbali
m,ghorbalan
f,ghorra al-ayn
m,ghorratoleeyn
m,ghoratollah
m,gorjeh
m,gordash
m,gordash ali
m,gordashali
m,gharzad
f,gharzaneh
f,gorashté
f,ghors-e tala
f,ghors-e māh
m,gharz ali
m,ghoraman
f,gharanfol
f,ghorni
m,qareh
m,ghareh bak
m,ghareh bik
m,ghareh jeh
m,ghareh qol
f,ghareh ghez
m,ghare mohammad
m,gharhad
m,gharre ni
m,gharianali
m,gharib
m,gharibollah
m,gharib hossein
m,gharib reza
m,gharib ali
f,gharib nasa
m,ghariba
m,gharibarz
m,gharideh
m,gharish
m,qaz bas
m,qaz bast
f,ghaz khanom
f,ghaz qeyd
f,ghazal
f,ghazal bas
m,ghazban ali
f,qazbas
f,qazbest
f,qaztemam
f,ghazkhanom
f,ghazid
f,ghazghaid
f,ghazghiyat
f,ghazghid
f,ghazal gol
f,ghazni
f,qazi
f,ghasam
m,ghesmat
m,ghesmatollah
m,ghesmat ali
m,ghasemali
f,ghasmeh
m,qasim
m,qeshm
m,ghashmash
m,ghashmali
f,ghashang
f,ghashang gol
m,ghashoon
m,qassab
f,ghesse
f,ghesseh khatoon
f,qasi
f,ghasideh
m,ghaznfar
m,ghazzeh
m,qotb al-din
m,ghotboddin
f,ghatreh
f,ghat'eh
m,qatoor
m,ghafatemeh
m,qafim
m,ghoqrabane ali
m,qol oghlan
m,ghol ali
m,ghol gaghe
m,ghol mohammad
m,gholam hassan
m,gholam farooq
m,gholsam
m,gholsam ali
m,gholi
m,qalam
m,golanj
m,qalandar
m,golch taqan
m,gholi
m,gholi begom
m,gholi nazar
m,gholi niaz
m,gholij
m,gholich
m,gholich taqan
m,gholich dardi
m,gholich mohammad
m,gholich nafas
m,gholich niaz
m,qamar ali
m,qambar
f,ghamar
f,ghamar al-molouk
f,ghamar taj
f,ghamar soltan
f,ghamar ali
f,ghamar naz
f,ghamar nesa
f,ghamar gol
m,qamar al-din
f,ghamarozzaman
f,qamar al-sultan
f,ghamarolmoluk
f,qamar al-nisa
f,ghamartaj
f,qamarjahan
f,ghamar khanom
f,qamarrokh
f,qamarsoltan
f,ghamar sima
f,qamarsima
m,qamarali
f,ghamarnaz
f,qamargol
f,qamari
m,qomsud
m,ghanbar
m,ghanbar ali
m,ghanbar ali
m,ghanbari ali
m,ghand ali
m,ghandab
m,ghandali
m,ghandi gol
m,ghanar
m,ghanavati
m,ghanimat
m,ghaniyeh
m,ghahhar
m,qahreman
m,ghahreman
m,qahremalan
m,qahman
m,ghav ja'li
m,ghavam
m,qavam al-din
m,ghavām ol-molk
m,ghavamoddin
m,ghavanch
m,qoban
m,ghavtaz
m,ghavtali
m,gojak qoli
f,qodous
f,ghoziyeh
f,ghaus
m,qaws al-din
m,ghaus mohammad
m,gosht
m,ghoshli
m,ghoshe mohammad
m,ghosh al-din
m,ghotas
m,ghol
f,ghol jan
f,ghol dardi
m,ghol mohammad
m,ghol morad
m,ghol pakhshi
m,gholagh
m,ghoch ali
m,ghoch mohammad
m,ghoch'ati
m,ghochali
m,ghavī mohammad
m,ghaviyash
m,ghavisdin
m,ghavili mohammad
m,ghavini
m,ghapani
m,ghafatemeh
m,qapoonali
m,qiyas
m,qiyas ali
m,qiyās ali
m,ghiam
m,qiyam al-din
m,qiyāmat
m,ghaybari
m,qaidar
m,gheidar ali
f,ghidafeh
m,qeydar
m,qeidra
f,qideh
m,qaydi
f,ghaz banu
f,ghaz bast
f,ghaz khanom
f,ghaz gheid
f,ghizbas
f,ghazbest
f,ghazghid
m,ghais
m,ghays
m,gheys ali
m,gheys ali
m,gheysar
m,gheysar khan
m,gheitaz
m,qeytas
f,gheytaran
m,ghaytaran
m,gheyton
f,qeytooni
m,ghil
m,ghayem
m,ghemat
f,ghaymati
f,ghaimiyat
m,ghiyeh
m,ghiye ali
m,qiyub
m,qayyum
m,qayoom bardi
f,lolo
f,lea
f,la le
m,laban
f,lajan
f,lajin
f,ladbon
f,ladan
f,lar
f,lara
f,larma
f,larisa
f,lazem
m,lās
f,lal bakhsh
f,lal bi bi
m,lal mohammad
m,lal malak
m,lal mir
f,lale
f,laleh bi bi
f,laleh dokht
f,laleh rokh
f,laleh roksar
f,laleh ro
f,laleh zar
f,laleh vash
f,laleh chehr
f,laleh goon
f,laledokht
f,lalerokh
f,laleru
f,lalezar
f,lalesar
f,lalesan
f,lalevash
f,lalegun
f,laleh zaar
m,lam ali
m,lamaali
f,lamee
f,lamya
f,lanya
m,lahor
m,lavan
f,lavan
m,lavchak
f,loveya
m,lavin
m,lachin
f,lachin
f,laya
m,layed
m,layeq
f,layeqeh
f,layla
f,layeh
f,lab zar
f,lobabe
f,lobane
f,labkhand
f,labkhandé
m,lebrahim
f,labla
f,lobna
m,labolfazl
m,labi
m,labib
f,labina
f,letka
m,lahsan
f,lahzeh
f,lahya
m,ladrchin
m,ladchin
f,lorda
m,larzoo
m,larzīn
m,lari
m,lazman
m,lazgi
f,lazgin
m,lasan al-din
m,lasan olah
m,lasteh
m,lasma'il
m,lashkan
m,lashkar
m,lashkaran
m,lashkari
m,lashgaraleh
f,letafat
f,lotf
m,lotf al-din
m,lotfollah
m,lotf ali
m,lotfoddin
m,lotfollah
m,lotfali
m,lotfaei
f,lotfa
m,lotfi ali
m,lotfollah
m,latif
m,latif allah
m,latifollah
f,latif khanom
f,latif qorban
f,latifeh
f,latifeh
f,latifeh khanom
m,lazfali
f,laba
f,lobat
f,laal
f,laleh banoo
f,lal bakhsh
m,lal khan
f,laleh khanom
m,lale mohammad
f,lali
f,laya
m,laya
m,loghat
m,left
m,lafte
m,lafshin
m,lafteh
m,lafman
f,lafneh
f,legha
f,leqā
f,laghām
f,laghay
m,laqat
m,loghman
m,luqman beigi
f,luqmaneh
m,lalbakhsh
m,lalotfollah
m,lallah
m,lallah khan
m,lamya
f,lamia
m,lamir
f,lamis
f,lamie
m,lamin
m,lamiyeh
f,lena
f,lanaaz
m,lambak
m,landina
f,leniya
f,leham
m,lahhak
m,lehdad
m,lohrasb
m,lahrasp
f,leha
f,lahoon
f,lo' lo'
f,lava
m,lavadeh
m,lavaaz
m,luba
f,lutara
f,lotos
f,lura
m,luran
m,loris
f,lolita
m,lon
f,luna
m,lukas
f,lokiyeh
m,lavi
f,loyiza
f,lachak
m,li
m,li akbar
m,li mohammad
f,liya
m,lyaqat ali
f,liyadokht
m,liyaqat
m,liyāqat ali
f,liyaghi
f,layal
f,leyali
m,liam
f,lian
m,layan
f,layana
f,liana
f,liya
f,libā
m,libra
f,libeh
f,lita
m,leith
m,lais
f,lida
f,lidar
f,lidaal
f,lida
f,lidiya
f,lyra
m,lirazا
f,liza
f,lizan
f,lizda
f,lisa
f,lisān
f,liya
f,leyla
f,leila
f,leila bigam
f,lilabigam
m,leylazakiye
f,lailal
f,leilaal
f,laylan
f,leila
f,lilmah
f,leila
f,leilouyeh
f,lilpar
f,leyla
f,leili bigom
f,leili haydeh
f,lilia
f,lilyan
f,lilis
f,lilian
f,liliyom
m,liman
m,limeh
f,limo
f,layena
f,linet
f,linda
m,layene
f,lio
f,liyudha
m,liorad
m,livza
f,liyooza
f,liyozad
m,livsa
f,liona
m,liyeh
m,lili
f,li li
m,lili naz
f,malqā
m,ma'mun
f,mava
m,motaman
m,momen
f,momeneh
m,moayyed
m,ma sha' allah
m,ma shallah
f,ma nada na
f,ma nadana
f,ma habs
f,ma ye gzel
m,mā'eddin
f,maolsama
m,maed
f,maede
m,mabibi
m,mat jan
m,mata
f,matan
m,matya
m,matyar
m,matyas
f,matisa
f,matilda
m,matina
f,matina
m,matikan
f,majan
m,majed
f,majedeh
f,mājin
m,mahmood
m,mahoz
m,makh
f,madak
m,madeh
m,madar
f,madar khanom
f,maderi
f,madelin
f,māde
f,madiya
m,madyar
m,mādīs
m,marasfand
m,maraspand
f,maral
f,maran
f,marta
m,martiya
m,martin
f,martina
m,martik
m,mardin
f,mardīn
f,marl
m,marlotra
m,marlak
f,marli
f,marlis
f,marlin
f,marm
f,marmar
m,marosepand
m,mark
f,margatita
f,margerit
f,mari
f,maria
f,maria betina
f,maria behin
f,marial
f,mariam
f,mariyan
f,mariana
f,marita
f,marisa
f,marin
m,marin
f,marina
m,marina
m,mariyeh
f,mariyeh
m,mario
f,mazadeh
m,mazār
f,mazān
m,mazesta
m,mazn
m,mazneh
m,mazola
f,mazoon
m,maziya
m,maziar
m,mazyar
m,maziar
f,masa
f,masal
m,masaltan
f,maso
m,masis
m,masha' allah
m,masha aleh
m,masha allah
m,masha allah
m,masha le
m,masha'allah
m,masha'allah
m,mashaallah
m,masha'allah
m,masha'allah
m,masha'allah
m,mashallah
m,mashaallah
m,mashaallah
m,masha'allah
m,masha'allah
m,masha-allah
m,mashayelāh
m,masha y allah
m,mashtallah
f,mashgana
f,mātlā
f,ma'edeh
m,mal allah
m,māl māl
f,mala
f,mala sanam
m,malt
m,mald
m,malek
m,malek ashtar
m,malek azhdar
f,malekeh
m,maliya
m,māliyeh
m,mam bakhsh
m,mamal
m,mamand
f,mamesh
f,maman
f,mamand
f,mâme
f,mamo
m,mamoon
f,mamak
f,mamakan
m,mami khojeh
f,mamisa
f,mamik
f,mana
f,mana gol
m,manad
f,manadokht
m,manaseh
m,manay
f,mantara
f,mantreh
f,manda
f,manda na
f,mandata
f,mandan
f,mandana
f,mandane
f,mandokht
m,mandeli
f,mandna
f,mandani
f,mande
m,mande ali
m,mande kar
m,mande gar
f,mandavi
f,mandgar
f,mandi
m,mansa
m,manshat
f,manel
f,maneli
f,manelia
f,mānden
f,māneh
m,Manuel
m,manush
f,manusha
f,manushak
m,manuk
f,manak
f,manag
f,mangoor
m,mani
f,maniya
f,mania
m,manyad
m,manyar
f,maniyan
f,manita
f,manida
f,manisa
f,manisha
f,manila
f,maniyuk
f,manika
f,mah
f,mah azar
f,mah ara
f,mah afrid
f,mah afarin
f,mah afrouz
f,mah al-din
f,mah anvar
f,mah baji
f,mahbanu
m,mah barzin
f,mah bas
f,mah bast
f,mah banaz
m,mah bandad
f,mah be
f,mah begam
f,mah bibi
f,mah bikam
f,mah bigom
f,mah bi bi
f,mah bibi
f,mah taban
f,mah tareh
f,mahtun
f,mahsamin
f,mah sana
f,mah jan
f,mah jani
f,mah jabin
f,mah jamal
f,māh jahān
f,mah jahan
f,māh jowin
f,mah khatoon
f,mah khanoom
f,mah khavar
f,māh khodāy
f,māh dokht
f,mah dokhtar
f,mah dowlat
f,mahrokh
f,mah roksar
f,mah roz
f,mah rooی
f,mahzadeh
f,mah zar
f,mahzar
f,māh zanān
f,mah zeynab
f,mah zivar
f,mah soltan
f,mah saman
f,mah simā
f,mah shad
f,mah shid
f,mah sanam
f,mah tala
f,mah talā
f,mahtaleat
f,mah tanaz
f,mah zarif
f,mah azar
m,mah farzin
f,mah leqa
f,mah malook
f,mah manzar
f,mahmonir
f,mah maniz
m,mah mehr
f,mah minu
f,mah naz
f,mah nasa
f,mahnasa
f,mah nesa
f,mah nasai
f,mah nah nah
f,mah no
f,mah noor
f,mahnush
f,māh niyā
f,mah parin
f,mah pari
f,mahpasand
f,mah peykar
f,māh chehre
m,māh goshasp
f,mahgol
f,mah yar
f,mahazar
m,mahafarid
m,mahafarin
f,maha
m,mahan
f,mahana
m,mahandad
f,mahaneh
f,mahaya
f,mahbakht
m,mahbod
f,mahbarzin
f,mahbari
f,mahat
f,mahta
f,mahtab
f,mahtaban
f,mahtabe
f,mahtaj
f,mahtoo
f,mahititi
f,mahtisa
m,mahtina
f,mahtinar
f,mahjahan
m,mahed
m,mahdad
f,mahdaneh
f,mahdokht
f,mahede
f,mahdolat
f,mahdis
m,maher
f,mahrokh
f,mahrokhsar
m,mahraz
f,mahereh
f,mahru
f,mahrokh
f,mahrūz
f,mahruzeh
m,mahruy
f,mahriz
f,mahzad
f,mahzar
f,mahzanan
f,mahsa
f,mahsar
f,mahsatti
m,mahson
f,mahsima
m,mahshad
m,mahshid
f,mahsanam
f,mahforuz
f,mahforugh
f,mahil
f,mahli
f,mahlin
f,maham
f,mahmanzar
f,mahmanir
f,mahna
f,mahnaz
f,mahnak
f,mahnesa
f,mahnesa
f,mahnur
f,mahnush
f,mahnegar
f,mahni
f,mahnila
f,maheh
m,maho
f,mahvar
f,mahout
f,mahvar
m,mahur
f,mahoora
f,mahureh
f,mahvash
m,mahondad
f,mahoniya
f,mahvin
f,mahuyeh
f,mahpareh
f,mahpari
m,mahpeykar
f,mahchehr
f,mahchehre
f,mahak
f,mahakan
f,mahgol
f,māhgili
f,mahi
f,mahi zar
f,mahi soltan
f,mahi tala
m,mahyar
f,mahyar
f,māhijān
f,mahida
f,mahidan
f,mahideh
f,mahireh
f,mahisa
f,mahitla
f,mahim
f,mahin
m,mahin
m,mahineh
f,mahiyeh
f,mahrū
f,mah pareh
f,mah pareh khanom
f,mavard
m,mavandad
m,mazhan
m,makan
m,makl
m,mākeh
m,makvan
f,magnolia
f,maya
m,maya
f,mayabano
m,mayar
f,mayan
f,mayheh
f,mayid
f,mayda
f,maydeh
f,maydi
f,maisa
m,maysa
f,mayel
f,mayla
f,mayeli
f,mayam
f,māyeh
f,māye jān
f,māyeh gozel
m,maika
m,maykel
m,mabah
m,mabah ali
f,mabah gol
m,mabahali
m,mobarez
m,mobarazaldin
m,mobarak
f,mobarak banu
f,mobarak begum
m,mobarak ali
m,mobarakali
f,mobarake
m,mobtham
m,mabda al-khaliq
f,mobarra
m,mobarjavad
m,mobarrez
m,mobarvahed
m,mobashsher
f,mobashshereh
m,mab'ath
m,mblad
f,mabna
m,mobid
m,mobin
m,mobinreza
f,mobina
f,mobineh
f,mobine
f,matab
f,metanat
f,mataneh
f,matayoon
f,metrā
m,motarredzi
m,motarzi
m,motasavvar
m,motazeh
m,mot'aallim
m,mottaghi
f,matahāb
m,mato
m,motevakkel
m,matti
m,mattia
m,matibe
f,matira
m,matin
m,matinreza
m,matina
f,matineh
m,mesal
f,mastaneh
m,maslam
m,matham
m,mojahed
f,mojahede
m,majavar
m,majbati
m,majid
f,majboobe
m,majbi
m,mojtaba
m,mojtaba
m,mojtaba
m,mojtaba hassan
m,mojtaba hossein
m,mojtaba
m,mohtalebi
f,mojtama
m,mojtaba
m,mohtabi
m,mohammad
m,mohammad amin
m,mojed
m,majd al-din
m,majd al-din
m,majddoddin
m,majd rad
f,mojdeh
m,majdod
f,majdieh
f,majzob
m,mojrem
m,majassad
f,mojallale
m,majmood
m,majnabi
m,majnun
m,majgān
m,maji
m,majid
m,mojib
m,majib al-rahman
m,majib al-rahman
m,majibollah
f,mojibeh
m,majiti
m,majid
m,majid al-rahman
m,majid alah
m,majid baqir
m,majid haji
m,majid reza
m,majid saleh
m,majid arab
m,majid ali
m,majid kazem
m,majidoddin
m,majidollah
m,majidamir
m,majidreza
m,majid ali
f,majideh
m,majid kazem
m,majidi
m,mojir
m,majir
m,mojira
m,majir al-din
m,mojiroddin
m,majid
m,mohammad دین
m,mohammad
m,moheb
m,mohib al-din
m,moheboddin
m,mohebollah
m,mohammadollah
m,mohabbat reza
m,mohabbat ali
m,mohabbat
m,mohabbatollah
m,mohabbatollah
m,mohabbat ali
m,mohabbatali
f,mohabbeh
m,moheb reza
m,mohbali
f,mohebbeh
m,mahbub
m,mahboub al-din
m,mahboubollah
f,mahboub khanom
m,mahboub ali
m,mahboubali
f,mahbube
f,mahbubeh bigom
f,mahbubeh khatoon
f,mahbubieh
f,mohboue
f,mohbavieh
f,mohabibe
m,mohtaj
m,mohtabi
f,mohtaram
f,mohtaram
f,mohtaram al-sadat
f,mohtarameh
m,mohtasham
f,mohtashameh
f,mohtasem
m,mahjal
m,mohammad
m,mohammad reza
f,mahjub
f,mahjubeh
f,mahjureh
m,mohaddes
f,mohaddese
f,mohaddesezahra
m,mehr ara
m,mohr ali
m,mehram
m,mohram ali
m,mehr mosalla
m,mohr mo'alli
m,mehrab
m,mehrab al-din
m,mehrab ali
m,mehrabali
m,moharratab
m,mahraj
m,mahran
m,mohratam
m,maharram
m,mahraali
m,moharam
f,moharram banu
m,moharram ali
m,moharram najd
f,moharram nesa
f,mahramع
m,mohramali
m,moharramgholi
m,mohramli
f,mahrameh
m,mahruyeh
m,moharek
m,mahzad
m,mahzaz
m,mohs
f,mahsa
m,mohast
m,mohasten
m,mohsen
m,mohsen al-din
m,mohsen alah
m,mohsen amir
m,mohsen hamed
m,mohsen hossein
m,mohsenreza
m,mohsen ali
m,mohsen pour
m,mohsenam
m,mohsen
f,mohseneh
f,mahsa
m,mahsun
m,mahfuz
m,mahfouzollah
m,mahfuzeh
m,mohaghghegh
f,mohalla
f,mohleqa
m,mohammad ebrahim
m,mohammad hasan
m,mohammad hossein
m,mohammad reza
m,mohammad ali
f,mahbubeh
m,mohammad
m,mohammad baqir
m,mohammad hossein
m,mohammad reza
m,mohammadreza
m,mohammad
m,mohammad adineh
m,mohammadarta
m,moharshaammadarsha
m,mohammad arsham
m,mohammadarhan
m,mohammad azad
m,mohammad asa
m,mohammad asef
m,mohammad ashna
m,mohammad assef
m,mohammadamin
m,mohammadakam
m,mohammadayhan
m,mohammad abahim
m,mohammad ebrahim
m,mohammad ebrahim
m,mohammad ebrahimi
m,mohammad ebraim
m,mohammad ehsan
m,mohammad akhtar
m,mohammad idris
m,mohammad araaz
m,mohammad ardalān
m,mohammad irshad
m,mohammad es'haq
m,mohammad es'haq
m,mohammad eslam
m,mohammad aslam
m,mohammad asma ail
m,mohammad ismail
m,mohammad isma'il
m,mohammad ismail
m,mohammad ashraf
m,mohammad aslan
m,mohammad a'zam
m,mohammad afshar
m,mohammad afshin
m,mohammad iqbal
m,mohammad allah
m,mohammad alah
m,mohammad alvor
m,mohammad elyas
m,mohammad aman
m,mohammad amban
m,mohammad amadin
m,mohammad omid
m,mohammad amir
m,mohammad amin
m,mohammad amini
m,mohammad anvar
m,mohammad anvar
m,mohammad angiz
m,mohammad ovat
m,mohammad akbar
m,mohammad akbari
m,mohammad akram
m,mohammad iman
m,mohammad ayoub
m,mohammad baqar
m,mohammad baba
m,mohammad babak
m,mohammad baqir
m,mohammad baqir ali
m,mohammad baghaaz
m,mohammad baqir
m,mohammad ban
m,mohammad bayazid
m,mohammad bakhsh
m,mohammad barat
m,mohammad bardi
m,mohammadbardiya
m,mohammad bashir
m,mohammad baqar
m,mohammad balqar
m,mohammad bani
m,mohammad behrouz
m,mohammad bouns
m,mohammadtadayyon
m,mohammad taqi
m,mohammad taqi
m,mohammad tofigh
m,mohammad sabet
m,mohammad jaber
m,mohammad jan
m,mohammad javid
m,mohammad jabbar
m,mohammad jabr
m,mohammad jasim
m,mohammad jafar
m,mohammad jalal
m,mohammad jalil
m,mohammad jamad
m,mohammad jamal
m,mohammad jamshid
m,mohammad jom'e
m,mohammad jamil
m,mohammad javad
m,mohammad javad
m,mohammad joutad
m,mohammad hasher
m,mohammad hamed
m,mohammad hand
m,mohammad habib
m,mohammad hojjat
m,mohammad haddad
m,mohammad has
m,mohammad hesam
m,mohammad hasan
m,mohammad hassan
m,mohammad hossein
m,mohammad hossein
m,mohammad halim
m,mohammad hamid
m,mohammad hamid
m,mohammad hanif
m,mohammad hanifeh
m,mohammad hakim
m,mohammad hossain
m,mohammad heyn
m,mohammad khatam
m,mohammad khater
m,mohammad khaled
m,mohammad khaliq
m,mohammad khalo
m,mohammad khalid
m,mohammad khan
m,mohammad khabat
m,mohammad khosrow
m,mohammad khossein
m,mohammad khalil
m,mohammad dara
m,mohammad darab
m,mohammad dardi
m,mohammad dourdi
m,mohammad din
m,mohammad zaker
m,mohammad zada
m,mohammad zekriya
m,mohammadradin
m,mohammad rashed
m,mohammad rafe'
m,mohammad ramin
m,mohammad rabii
m,mohammad rajab
m,mohammad rahim
m,mohammad rasool
m,mohammad reshad
m,mohammad rashid
m,mohammad reza
m,mohammad reza
m,mohammad razi
m,mohammad reza
m,mohammad rafi'
m,mohammad rafigh
m,mohammad riahi
m,mohammad riyouf
m,mohammad zahed
m,mohammad zaker
m,mohammad zaman
m,mohammad zamani
m,mohammad zahir
m,mohammad zakariya
m,mohammad zaki
m,mohammad sasan
m,mohammad saeed
m,mohammad salar
m,mohammad saleh
m,mohammad salim
m,mohammad saman
m,mohammad saman
m,mohammad sani
m,mohammad subhan
m,mohammad setar
m,mohammad sajjad
m,mohammad sahab
m,mohammad sakhi
m,mohammad sarab
m,mohammad seraj
m,mohammad sarvan
m,mohammad sarvar
m,mohammad soroosh
m,mohammad saeed
m,mohammad soqrat
m,mohammad soltan
m,mohammad salim
m,mohammad sami
m,mohammad soheil
m,mohammad sepehr
m,mohammad sirvan
m,mohammad sina
m,mohammad shah
m,mohammad shahu
m,mohammad shapur
m,mohammad shoaib
m,mohammad shafahi
m,mohammad shafie
m,mohammad shahab
m,mohad shahab
m,mohammad shahryar
m,mohammad shahir
m,mohammad shoresh
m,mohammad sheikh
m,mohammad sadegh
m,mohammad saber
m,mohammad saheb
m,mohammad sadegh
m,mohammad sadegh
m,mohammad saleh
m,mohammad sadr al-din
m,mohammad sadra
m,mohammad sadiq
m,mohammad safa
m,mohammad safar
m,mohammad samad
m,mohammad za
m,mohammad zaher
m,mohammad zia
m,mohammad zia
m,mohammad taleb
m,mohammad taha
m,mohammad taher
m,mohammad tavili
m,mohammad tayyeb
m,mohammad zaher
m,mohammad zafar
m,mohammad abed
m,mohammad aref
m,mohammad akif
m,mohammad ayi
m,mohammad abbas
m,mohammad abdollah
m,mohammad othman
m,mohammad erfan
m,mohammad aziz
m,mohammad asim
m,mohammad attar
m,mohammad azim
m,mohammad elm
m,mohammad ali
m,mohammad omar
m,mohammad amid
m,mohammad avaz
m,mohammad eiso
m,mohammad eisa
m,mohammad ghadir
m,mohammad gharib
m,mohammad ghafran
m,mohammad ghafour
m,mohammad gholam
m,mohammad ghali
m,mohammad farooq
m,mohammad fazel
m,mohammad fanj
m,mohammad fayeq
m,mohammad farnam
m,mohammad farhad
m,mohammad farid
m,mohammad fahim
m,mohammad favad
m,mohammad firooz
m,mohammad faisal
m,mohammad qasim
m,mohammad qobad
m,mohammad qadir
m,mohammad ghorban
m,mohammad gharib
m,mohammad qasim
m,mohammad qoli
m,mohammad gholich
m,mohammad qaisam
m,mohammad qayoom
m,mohammad latif
m,mohammad luqman
m,mohammad li
m,mohammadliam
m,mohammad malek
m,mohammad matin
m,mohammad mojtaba
m,mohammad majid
m,mohammad mohsen
m,mohammad mohadi
m,mohammad mokhtar
m,mohammad marad
m,mohammad morada
m,mohammad morteza
m,mohammad morid
m,mohammad masoud
m,mohammad mosallam
m,mohammad mostafa
m,mohammad motlagh
m,mohammad moein
m,mohammad moein al-din
m,mohammad moghaddadi
m,mohammad malek
m,mohammad mansour
m,mohammadmaham
m,mohammad mahdi
m,mohammad mahdi
m,mohammad mehri
m,mohammad mous
m,mohammad mousa
m,mohammad mavood
m,mohammad misaq
m,mohammad meysam
m,mohammadmeysam
m,mohammad mirza
m,mohammad milad
m,mohammad nader
m,mohammad nasih
m,mohammad nasir
m,mohammad nazr
m,mohammad nayeb
m,mohammad naba
m,mohammad nabi
m,mohammad najat
m,mohammad najib
m,mohammad nasim
m,mohammad nasir
m,mohammad nazar
m,mohammad naeem
m,mohammad naqi
m,mohammad noor
m,mohammad nouri
m,mohammadnoyan
m,mohammad navid
m,mohammad nejad
m,mohammad hashim
m,mohammad hadi
m,mohammad hashem
m,mohammad hani
m,mohammad hoozi
m,mohammad hiva
m,mohammad vahid
m,mohammad vasim
m,mohammad vali
m,mohammad pasha
m,mohammad pashaah
m,mohammad pousaf
m,mohammad pouya
m,mohammad peyman
m,mohammad chamran
m,mohammad chavad
m,mohammad kazem
m,mohammad kamel
m,mohammad kavous
m,mohammad karam
m,mohammad karim
m,mohammad kamal
m,mohammad kamal al-din
m,mohammad kamal
m,mohammad koorosh
m,mohammad kia
m,mohammad goldi
m,mohammad yadgar
m,mohammad yar
m,mohammad yaser
m,mohammad yasin
m,mohammad yahya
m,mohammad ya'qub
m,mohammad yalar
m,mohammad youssef
m,mohammad a'in
m,mohammadabtin
m,mohammadadrin
m,mohammadarad
m,mohammadaras
m,mohammadartin
m,mohammadarsam
m,mohammadarash
m,mohammadarsham
m,mohammadarman
m,mohammadarmin
m,mohammadarvin
m,mohammadariya
m,mohammadariyan
m,mohammadariyan
m,mohammadazad
m,mohammad asif
m,mohammadaydin
m,"mohammadayin , ain"
m,mohammad
m,mohammadebrahim
m,mohammad ebrahim
m,mohammadehsan
m,mohammadedris
m,mohammadadib
m,mohammad araaz
m,mohammadardalan
m,mohammadarsalan
m,mohammadershad
m,mohammadarshan
m,mohammad arshad
m,mohammadarshiya
m,mohammadermiya
m,mohammadosame
m,mohammadeshagh
m,mohammad as'ad
m,mohammadeslam
m,mohammad esmaeil
m,mohammadesmail
m,mohammad esmaeil
m,mohammadashkan
m,mohammadaela
m,mohammadafshar
m,mohammadafshin
m,mohammadafzal
m,mohammadeghbal
m,mohammadollah
m,mohammadeliyas
m,mohammadomid
m,mohammadamir
m,mohammadamin
m,mohammad amin
m,mohammadanvar
m,mohammadoveys
m,mohammadakbar
m,mohammadiliya
m,mohammadiman
m,mohammad iman
m,mohammadayyub
m,mohammad
m,mohammadbarad
m,mohammadbast
m,mohammadbagher
m,mohammad bagheri
m,mohammadbaei
m,mohammadbakhsh
m,mohammadbardi
m,mohammadborna
m,mohammadborhan
m,mohammadbassam
m,mohammadbashir
m,mohammadbasir
m,mohammadbelal
m,mohammadbenyamin
m,mohammadbehrad
m,mohammadbehruz
m,mohammadbehzad
m,mohammadbahman
m,mohammadbehnam
m,mohammadbehnud
m,mohammad
m,mohammadtarokh
m,mohammadtahsin
m,mohammadtaghi
m,mohaddaqi
m,mohammad taqi
m,mohammadtowhid
m,mohammadtowfigh
m,mohammadtakin
m,mohammadtiyam
m,mohaddes
m,mohammadsagheb
m,mohammadsamen
m,mohaddeseh bigam
m,mohammadjaber
m,mohammadjan
m,mohammad jaahed
m,mohammadjavid
m,mohammadjabbar
m,mohammad jazaa
m,mohammadjasim
m,mohammadjaefar
m,mohammadjalal
m,mohammadjalil
m,mohammad jalil
m,mohammadjamal
m,mohammadjamshid
m,mohammad jom'e
m,mohammad jamil
m,mohammadjamil
m,mohammadjavad
m,mohammadjavan
m,mohammadhatam
m,mohammadhafez
m,mohammadhamed
m,mohammadhami
m,mohammadhabib
m,mohammadhojjat
m,mohammadhesam
m,mohammad hosam al-din
m,mohammadhesan
m,mohammadhasan
m,mohaddesin
m,mohammadhossein
m,mohammad hossein
m,mohammad hasib
m,mohammad halim
m,mohammadhalim
m,mohammadhamze
m,mohammadhamid
m,mohammadhannan
m,mohammadhanif
m,mohammad hanif
m,mohammad hanifeh
m,mohammadhakim
m,mohammadheydar
m,mohammadkhaled
m,mohammadkhalegh
m,mohammadkhan
m,mohammadkhosrow
m,mohammad hossein
m,mohammadkhalil
m,mohammad khalil
m,mohammad hassan
m,mohaddad ali
m,mohammaddad
m,mohammaddara
m,mohammaddanesh
m,mohammaddaniyal
m,mohammad davood
m,mohammaddavud
m,mohammad daratollah
m,mohammad dardi
m,mohammaddel
m,mohammad-din
m,mohammadzaker
m,mohammad zekriya
m,mohammad sol
m,mohammadrauf
m,mohammadrad
m,mohammadradman
m,mohammadrastin
m,mohammadrashed
m,mohammadrafe
m,mohammadraman
m,mohammadramtin
m,mohammadramin
m,mohammadraya
m,mohammad rabee
m,mohammad rajab
m,mohammadrahman
m,mohammadrahim
m,mohdarahim
m,mohammad rahim
m,mohammadrasa
m,mohammadrassam
m,mohammadrastgar
m,mohammad rasul
m,mohammadrasul
m,mohammadrashad
m,mohammadrashe
m,mohammadrashid
m,mohammadreza
m,mohammadreza
m,mohammadrezvan
m,mohammad reza
m,mohammad rafi'
m,mohammadrafie
m,mohammadrafiq
m,mohammadrohham
m,mohammadriouf
m,mohammadzahed
m,mohammadzabir
m,mohammadzaman
m,mohammadzohayr
m,mohammadzakariya
m,mohammadsajed
m,mohammadsasan
m,mohammadsaed
m,mohammadsalar
m,mohammadsalem
m,mohammadsam
m,mohammadsaman
m,mohammadsami
m,mohammadsamyar
m,mohammadsani
m,mohammadsobhan
m,mohammadsattar
m,mohammadsajjad
m,mohammadsedis
m,mohammadsardar
m,mohammadsarvar
m,mohammadsorush
m,mohammadsaed
m,mohammadsaeid
m,mohammad saeed
m,mohammadsaeidi
m,mohammad soltan
m,mohammadsalman
m,mohammadsalim
m,mohammadsoleyman
m,mohammadsamir
m,mohammad samie
m,mohammadsana
m,mohammadsenan
m,mohammadsohrab
m,mohammadsahand
m,mohammadsoheyl
m,mohammad soheil
m,mohammadsurena
m,mohammadsouyin
m,mohammadsepehr
m,mohammadsina
m,mohammadsha
m,mohammadshah
m,mohammadshahed
m,mohammadshahrokh
m,mohammadshahin
m,mohammadshaker
m,mohammadshayan
m,mohammadshaygan
m,mohammadshobayr
m,mohammadshervin
m,mohammad sharif
m,mohammadsharif
m,mohammadshafie
m,mohammad shafie
m,mohammadshafigh
m,mohammadshams
m,mohammadshahab
m,mohammadshahram
m,mohammad shohrat
m,mohammadshahruz
m,mohammadshahyar
m,mohammadshakur
m,mohammadshakib
m,mohammad shirkuh
m,mohammadsaeb
m,"mohammadsaen,sayen"
m,mohammadsaber
m,mohammadsaheb
m,mohammadsadegh
m,mohammadsaleh
m,mohammadsanee
m,mohammadsabur
m,mohammadsobeyr
m,mohammadsadra
m,mohammad sadiq
m,mohammadsedigh
m,mohammadsafa
m,mohammad safar
m,mohammadsafi
m,mohammadsalah
m,mohammadsamim
m,mohammadziya
m,mohammadtaregh
m,mohammadtaleb
m,mohammad taha
m,mohammadtaha
m,mohammadtaher
m,mohammadtaha
m,mohammadti
m,mohammadtayyeb
m,mohammadtayeb
m,mohammadzaher
m,mohammadzafar
m,mohammadabed
m,mohammadadel
m,mohammadaref
m,mohammad asif
m,mohammad alam
m,mohammadamer
m,mohammadabbas
m,mohammad othman
m,mohammadadnan
m,mohammadarshiya
m,mohammaderfan
m,mohammad aziz
m,mohammadata
m,mohammadazim
m,mohammadaghil
m,mohammad ali
m,mohammadali
m,mohammad alireza
m,mohammadalim
m,mohammademad
m,mohammad omar
m,mohammademran
m,mohammadamid
m,mohammadisa
m,mohammad ghadir
m,mohammad gharib
m,mohammadghafur
m,mohammad gholam
m,mohammadgholi
m,mohammadfuad
m,mohammadfaegh
m,mohammadfateh
m,mohammadfakher
m,mohammadfarugh
m,mohammadfazel
m,mohammadfattah
m,mohammad faraz
m,mohammadfarbod
m,mohammadfarhan
m,mohammadfardin
m,mohammadfarzad
m,mohammadfarzam
m,mohammadfarzan
m,mohammadfarzin
m,mohammadfarsad
m,mohammadfarshad
m,mohammadfarshid
m,mohammadfarhad
m,mohammadfarham
m,mohammadfarid
m,mohammadfahim
m,mohammadfayyaz
m,mohammadfiruz
m,mohammadgham
m,mohammadghader
m,mohammadghasem
m,mohammadqasem
m,mohammadghadir
m,mohammadqorban
m,mohammad qasim
m,mohammad qolch
m,mohammadqoli
m,mohammadgholich
m,mohammad
m,mohammadmajed
m,mohammadmazyar
m,mohammadmalek
m,mohammadmahan
m,mohammadmakan
m,mohammadmobin
m,mohammadmatin
m,mohammad matin
m,mohammadmojtaba
m,mohammadmojib
m,mohammadmajid
m,mohammadmojir
m,mohammadmohtasham
m,mohammadmehrab
m,mohammadmohsen
m,mohammadmohmod
m,mohammadmokhtar
m,mohammadmorad
m,mohammadmorteza
m,mohammadmersad
m,mohammadmaseud
m,mohammadmoslem
m,mohammadmasih
m,mohammadmasiha
m,mohammadmoshtagh
m,mohammadmesbah
m,mohammadmostafa
m,mohammadmeeraj
m,mohammadmoeez
m,mohammadmaesum
m,mohammadmoeid
m,mohammadmoein
m,mohammad moein
m,mohammad meghdad
m,mohammadmaghsud
m,mohammadmanan
m,mohammadmansur
m,mohammadmonem
m,mohammadmonib
m,mohammadmanir
m,mohammadmahbod
m,mohammadmohtadi
m,mohammad mahdi
m,mohammadmahdi
m,mohammadmahdyar
m,mohammadmehr
m,mohammadmehrab
m,mohammadmehrad
m,mohammadmehran
m,mohammadmehrdad
m,mohammadmehrshad
m,mohammadmahziyar
m,mohammadmahyar
m,mohammadmusa
m,mohammadmisagh
m,mohammadmiran
m,mohammadmirza
m,mohammad mirza
m,mohammadmiead
m,mohammadmilad
m,mohammadmikail
m,mohammadnaji
m,mohammadnader
m,mohammadnaseh
m,mohammadnaser
m,mohammadnafee
m,mohammad naib
m,mohammadnabi
m,mohammadnejat
m,mohammadnajar
m,mohammad najib
m,mohammad nasim
m,mohammadnasir
m,mohammad nasir
m,mohammadnazar
m,mohammadnaeim
m,mohammadna'im
m,mohammadnaghi
m,mohammadnoor
m,mohammadnuroddin
m,mohammad nouraldin
m,mohammadnavid
m,mohammadnima
m,mohammadnikan
m,mohammadhatef
m,mohammadhadi
m,mohammadhashem
m,mohammadhaman
m,mohammadhani
m,mohammadhedayat
m,mohammadhesham
m,mohammadhomam
m,mohammadhomayun
m,mohammad hootan
m,mohammadhuram
m,mohammadhuman
m,mohammadhuman
m,mohammadhirsa
m,mohammad hiva
m,mohammad vahid
m,mohammadvahid
m,mohammadvesal
m,mohammadvafa
m,mohammadvali
m,mohammadvahhab
m,mohammadvahab
m,mohammadvil
m,mohammadparsa
m,mohammadpasha
m,mohammadpaya
m,mohammadpedram
m,mohammadparham
m,mohammadpurya
m,mohammadpuya
m,mohammadpuyan
m,mohammadpayam
m,mohammadpeyman
m,mohammadch
m,mohammadkaren
m,mohammadkazem
m,mohammadkamran
m,mohammadkaveh
m,mohammadkaram
m,mohammadkarim
m,mohammadkasra
m,mohammadkasra
m,mohammadkamal
m,mohammadkomeyl
m,mohammadkiya
m,mohammadkiyan
m,mohammadkeyhan
m,mohammadkeyvan
m,mohammadgol
m,mohammadgoldi
m,mohaddi
m,mohammadi
m,mohammadi amin
m,mohammadi reza
m,mohammadi mahdi
m,mohammadyar
m,mohammadyara
m,mohammadyasan
m,mohammad yaser
m,mohammad yasin
m,mohammadyasin
m,mohammadyasha
m,mohammadyashar
m,mohadith
m,mohammadyahya
m,mohammadyazdan
m,mohammad yaqoub
m,mohdi aghoob
f,mahdiyeh
m,mohammad youssef
m,mohammadyusof
m,mohammadyunos
m,mohammad
m,mohammad ali
m,mohammadreza
m,mohammadali
m,mohammad hossein
m,mohammad reza
m,mohammar morad
m,mohammadreza
m,moharram
m,mohammadi ali
m,mohammad
m,mohammad sadegh
m,mohammad
m,mohammad amin
m,mohammad javad
m,mohammad hossein
m,mohammad reza
m,mohammad ali
m,mahmood
m,mohammad reza
m,mahmood
m,mahmood
m,mahboubshah
m,mahmoubeh
m,mahmud
m,mahmoodollah
m,mahmoud javad
m,mahmoud kh
m,mahmoud reza
m,mahmoud shahab
m,mahmoud ali
m,mahmoud mostafa
m,mahmoud pasha
m,mahmoodollah
m,mahmoud habib
m,mahmoud hossein
m,mahmoud
m,mahmudreza
m,mahmoudali
f,mahmudeh
m,mahmoud hashim
m,mahmoudch
m,mahmoudi
m,mahmood
m,mohmavi
m,mohammad
m,mohammad
m,mohammadi
m,mohammad hassan
m,mohammadi hossein
m,mohammadi reza
m,mohammadi mahdi
m,mohan ali
f,mohanna
f,mahnaz
m,mahnoosh
f,mohanna
m,mahubeh
m,mahvash
f,mahkaneh
f,mahkumeh
f,mahkiyeh
m,mohyi
m,mohyeddini
f,mahya
m,mohiyat
m,mahyar
m,mohyaldin
f,mehyan
m,mahideh
m,mohsen
f,mahisa
m,mohit
m,mohil
m,mohin
m,mohyi
m,mohyiyoddin
m,mohyeddin
m,mokhtar
m,makhtar reza
m,makhtar ali
m,makhtar mohseni
m,mokhtar khan
m,mokhtaraali
m,makhtareh
m,makhtabi
m,makhtoom
m,makhtoom goli
m,makhtoomqoli
m,mokhadd
m,mokhaddad
m,mokhadereh
m,makhdoomeh
m,mokhadi
m,makhr al-din
m,makhrim
m,mokhsen
m,makhsusi
f,makhlughe
m,mokhalighe
m,makham
m,mohammad
m,mohammad hossein
m,makhmal
m,makhnar
m,makhvasteh
m,mokhitar
m,mokhid
m,mad
m,medad
f,modara
m,modabber
m,modatzi
m,moddasser
f,modarreh
f,medhat
m,madad
m,madad ali
m,madadiyar
m,madras
m,madrek
m,medrik
m,madani
f,madaniyeh
f,medusa
m,mediya
m,madyar
m,madiḥ
f,madiha
f,madihe
m,madiheh
m,modir
m,modir allah
m,modiri
f,medis
f,medisa
f,madiseh
m,madim
f,madina
f,madineh
m,madiyomah
m,madik
m,mohtazā
m,mazkur
m,morteza
m,morteza
m,mar jan
f,marhamat
m,mar sad
f,marziyeh
f,marziyeh
m,mar mar
m,merat
m,morteza
m,marāhim
m,morad
m,morad akhound
m,morad bakhsh
m,morad beg
f,morad bi bi
m,morad jan
m,morad jaldi
m,morad hasel
m,morad hafel
m,morad hassan
m,morad hossein
m,morad khan
m,morad dardi
m,morad rasool
m,morad ali
m,morad qoli
m,morad gholich
m,morad mohammad
m,morad nik
m,morad goldi
m,moradbakhsh
f,moradbi bi
m,moradjan
m,moradhasel
m,morad hasan
m,morad hossein
m,moradkhan
m,moraddardi
m,moradrasool
m,moradali
m,moradgholi
m,moradgholich
m,moradqi
m,morad mohammad
m,moradmad
m,moradgoldi
m,moradi
m,marar
f,meral
f,maram
m,maraib
m,marbam
m,merta
m,mortaj
m,mortah
m,martabeh
m,mortsai
m,morteza
m,morteza
m,morteza
m,morteza
m,morteza
m,mortezavi
m,morteza
m,mortaza
m,morteza khan
m,morteza samaki
m,morteza soheil
m,morteza abdollah
m,mortaza ali
m,morteza gholi
m,mortezaچ
m,morteza
m,morteza
m,martiya
f,mersa
f,marjaan
f,marjatan
f,marjan
f,marjandokht
f,marjanrokh
f,marjanف
f,marjaneh
f,marjanchehr
f,marjlan
f,marjan
f,marjon
f,marahan
m,marhat
f,marhamat
m,marhamatollah
f,marhnaz
m,mard
f,mard bi bi
m,mard taj
m,mard dardi
m,mard ali
m,mard qoli
m,mard gholich
m,mard mohammad
m,mard gol
m,mard goldi
f,mardavand
m,mordad
m,mardār
m,merdas
m,mard afkan
m,mardan
m,mardan shah
m,mardāvij
f,mardabi bi
m,mardtiya
m,marddardi
m,mardardi
m,mardasyad
m,mardali
m,mard mohammad
m,mardo
m,mardgol
m,marzaali
m,marzaneh
m,marzban
m,marzali
f,marzeh
m,marzvan
m,marzough
f,marzieh
f,morsa
m,marsad
m,marsan
f,mersana
f,mersede
m,mars'a
m,morsal
m,morsalin
m,marsem
f,mersana
f,marsia
m,marsin
m,marshad
m,morshed
m,morshed ali
f,marshid
f,marshieh
m,mersad
f,morassae
f,marsae bigam
m,marsal
f,marsiyeh
f,marzabeh
f,marzeh
f,marzi
f,marzībeh
m,marziyeh
f,marzieh
f,marziye
f,marzieh elsa dat
f,marzieh bigam
f,marziyeh
f,martubeh
f,marziyeh
m,mor'ali
m,morghdabaali
m,marghoob
m,marghoob ali
m,marghoubali
m,marm
m,marmate elah
f,marmar
f,marmari
f,marmarin
m,marmarin
f,marmī
f,marnaz
m,morteza
m,marang
f,marham
m,marhamat
f,maroee
f,morva
f,marvarid
m,marvan
f,marvaneh
m,morovvat
m,marvat allah
m,marvat ali
m,marvatalí
f,marvaj
f,moravah
f,marvi
m,morchan
f,mareka
m,merkam
f,morgān
f,margan
f,mary
f,maryan
m,marieh
m,marikh
m,morid
m,moridollah
m,morid hossein
m,morid ali
f,marida
m,morid ali
m,maris
f,maris
f,marisa
f,marizeh
f,merila
f,maryam
f,maryam azam
f,maryam banu
f,maryam begum
f,maryam begum
f,maryam bi bi
f,maryam jan
f,maryam khatoon
f,maryam khanom
f,maryam sadat
f,maryam sara
f,marimel
f,merina
m,meryavan
f,mazgan
m,mazaher
m,mazban
m,mazda
m,mazdak
m,mazdeh
m,mazdak
m,mazdeyasna
m,mazra'e
f,mazmaz
f,mazan
f,maze
f,mazkan
f,mazgān
m,mazid
f,mazideh
m,mazim
m,mazin
m,mozayan
m,masa
m,mosa'ad
m,mosafir
m,masaleh
m,masam
m,masan
m,masaken
m,mesbad
f,mastan
f,mastane
f,mostajab
m,mostajab
m,mastrā
m,mastran
m,mostaean
m,mosta'li
f,mastoudeh
f,mastooran
f,mastureh
f,mastureh khanom
m,mas'hollah
m,masaheb
m,mas'han
f,maserrat
m,masroob
f,masrur
m,massoud
m,mostafa
f,mastureh
f,mastumeh
m,mosa'ad
m,mas'oud
m,mosa'mad
m,masoud
m,maseud
m,masoud reza
m,masoudollah
m,maseudreza
m,masoud mohammad
f,maseudeh
m,mas'oud
m,mas'oor
m,mas'id
m,masghood
f,masal
m,mosallāh
m,mosle' al-din
m,moslem
m,moslem ali
m,moslem avaz
m,mosalman
f,moslemeh
m,maslou
m,masn
m,masoud
m,masoud sadegh
m,masoudi
m,maskood
m,masgar
m,masi al-reza
m,moseyb
m,mosayyeb
m,masih
m,masiha
m,masiha
m,masihe albeh
m,masiheddin
m,masihe allah
m,masihe allah
m,masiha
f,masihe
m,masir
m,masin
m,masina
f,mosiyeh
m,masiud
m,masiib
m,mashari
f,mashael
m,masha'allah
f,mashana
m,moshanaali
m,moshtagh
m,moshtaq ali
m,moshtaq ali
m,moshtaba
f,moshtari
m,moshtaman
m,moshajjar
f,moshajereh
m,moshad
m,moshad gholi
f,moshadabi bi
m,moshadghali
m,moshad mohammad
m,moshdi
m,moshref
m,moshref al-din
m,mashruteh
m,mash'al
m,mashoud
m,moshfegh
m,moshmat
m,mashhad
f,mashhad bardi
f,mashhad bi bi
f,mashhad dardi
m,mashhad qoli
m,mashhad qolich
m,mashhad mohammad
m,mashhad goldi
f,mashhadbi bi
m,mashhadqoli
m,mashhad mohammad
m,mashhadi
m,mashhud
m,mashhur
f,moshk
f,moshk anbar
f,moshk naz
f,meshkat
f,meshkatozzahra
m,moshkan
f,mashkandokht
f,meshkah
f,moshkdaaneh
m,moshghali
f,moshknaz
f,moshkenk
m,moshkoot
m,moshkueh
m,meshki
f,moshkin
m,moshkin
f,moshkinaz
f,moshkindokht
f,moshghali
f,moshgānāz
m,mashi
m,moshya
m,mashiya
f,mashiyane
f,mashiyaneh
m,mashiyat
m,mashid
m,moshir
m,moshir al-din
m,moshir al-din
f,moshima
m,mesbah
m,mostafa
m,mostafa
m,mostafa
m,mosaddegh
f,mosaddegh
m,mısr
f,masratāj
f,masrahad
m,masrooli
m,masri
f,masriyeh
m,mostafa
m,mosalafi
m,mostafa
m,mostaqi
m,mostafa
m,mostafavi
m,mostafa
m,mostafa abbas
m,mostafa qoli
m,mostafa
m,mostaqi
m,mostofi
m,mostafa
m,mostafa
m,mos'ab
f,mas'umeh
f,mas'oomeh
m,masoud
m,mosaffa
m,mosaffa
m,mosleh
m,mosleh al-din
m,mosleh din
m,moslehoddin
m,maslahat
m,mosalafi
m,mosallam
m,masoud
m,masvar
m,masoom ali
f,masoumeh
m,mosib
f,mosibe
m,masir
m,masiud
m,mazanali
m,mazaher
m,mostafa
m,mozafar
m,mazur
m,mataa
m,matab
m,matanat
m,motaaher
m,mostafa
m,mat'am
m,motafi
m,matlab
m,matlabali
m,motlaq
m,motlaq ali
f,motahhar
f,motahhare
m,motehari
m,motayeb
m,matir
f,matireh
m,moti'
m,moti'ollah
m,moti'ollah
m,motiea
m,mazaher
m,mazaher
m,mozaffar
m,mozaffar al-din
m,mozaffar ali
m,mozaffar al-din
m,mozaffaroddin
m,mozaffar ali
m,mazloom
f,mazlumeh
m,mazhar
m,ma'ab
m,maead
m,maazallah
m,maearej
m,ma'aref
m,ma'al
m,maan
m,mabod
m,mo'tabar
m,moetasem
m,mo'tazid
m,mo'taqed
m,moetamed
m,matvak
m,ma'adi
m,ma'raab
m,meeraj
m,miraj al-din
m,mo'rajaali
m,ma'ref
m,maerefat
m,ma'refatollah
m,ma'refat allah
m,maerefatollah
m,ma'refat ali
m,maeruf
m,ma'roufi ali
f,ma'roufeh
m,moeez
m,moezoddin
m,mo'azzad al-din
f,moeazzaz
f,moazzaze
m,masoud
m,masoud anbari
m,masoom
m,ma'shuqe
f,ma'sumeh
f,ma'soumeh
m,maesum
f,masoum beg
f,masoum ali
f,masoumeh
f,masoumalí
f,masoumeh
f,masoumeh
f,maesume
f,maesumebanu
f,masoumeh begom
f,masoumeh bigham
f,masoumeh bi bi
f,masoumeh khatoon
f,maesumehzahra
f,masoumi
f,masoumiyeh
f,ma'souh
f,ma'simeh
f,mo'zoomeh
f,moeattar
m,mo'tali
m,moti
m,moeazzam
m,mo'azzam olah
m,mo'azzam hamzeh
f,moeazzameh
f,ma'moumeh
m,maqsood
m,maquleh
m,ma'lume
m,mo'ammen
m,mo'ammar
f,ma'masumeh
m,mo'eddi
m,ma'ush
f,ma'osameh
m,ma'yar
m,ma'iyat
m,mo'id
m,moeid
m,mo'id al-din
m,moeid reza
m,moeayyer
m,mo'in
m,moein
m,mo'in al-delleh
m,mo'in khan
m,mo'in reza
m,mo'in shah
m,moeina
m,moeinoddin
m,moein reza
m,mo'ineh
m,mo'in al-din
m,mo'yeen
m,moghānali
m,maqdad
m,maghreb
m,magharz
f,maqsood
m,maqsoom
f,maqsoomeh
f,maqsoomeh
m,maghfoor
m,moghis
m,moftah
m,mofrad al-din
f,mofarreh
m,mofazzel
m,mofazir
m,mofleh
m,mofid
m,mofid al-din
f,mafideh
f,mofide
m,moghareh
m,maqam al-din
m,moghbel
f,moghbeleh
m,maqbali
m,maqbul
f,maghbuleh
m,moghtada
m,moghtader
m,moqtadi
m,moqaddam ali
m,meghdad
m,meqdar
m,moqaddar
f,moghaddereh
m,moqaddas
f,moghaddaseh
m,moqaddam
m,moqaddam ali
m,moqaddamali
m,maqdudeh
m,maqdid
m,moqarrab
f,mogharrebah
m,maghsad
m,maqsadollah
m,maghsud
m,maqsud ali
m,maqsudali
f,maghsude
m,maqsur
m,maqsuali
f,maqtoreh
m,moqim
m,maqima
m,moghima
m,molla
m,molla ebrahim
m,molla ahmad
m,molla amin
m,molla soofi
m,molla gholi
m,molla morad
f,malaek
m,mollabakhsh
m,mollajan
m,mollah fatti
f,malahat
m,malatatar
m,malaghli
m,malal
m,malalleh
f,malāmat
m,malāmazafar
m,malan
m,malander
f,melani
f,melaniya
m,malak
f,malakeh
m,malaya mohammad
m,malayar
m,malayar mohammad
m,malāyem
m,molayem
m,malayin
m,malāik
f,malāyeke
f,malayikeh
m,mellat
m,mellat ali
f,malheh
f,malhieh
f,melda
m,molqeb
m,malendana
m,malang
f,malleh
f,malleh taj
f,melod
f,melodi
f,melorin
f,melorina
f,malos
f,malusak
f,moluk
f,malook al-zaman
f,malook taj
f,malook khanom
f,malokan
f,maloke
m,melvin
f,malvineh
f,malak
m,malek ara
m,malek ebrahim
m,malek aray
f,malek al-nasay
f,malek banoo
f,malek bik
f,malek taj
f,malek sabet
m,malek jamshid
m,malek jahan
m,malek hassan
m,malek hossein
f,malek khatoon
f,malek khanom
m,malek zaman
m,malek soltan
m,malek siyavash
f,malek sima
m,malek sha
m,malek ali
m,malek faisal
m,malek mohammad
m,malek mahmoud
m,malek morad
m,malek masoud
m,malek mansour
m,malak manzar
m,malek mirza
f,malek naz
f,malek nasa
m,malek navid
f,malek niaz
m,molk ara
f,maleka
m,malakan
m,malektaaj
f,malak jahan
f,malak zaman
m,malak sima
f,malak shad
m,malek shah
m,malekali
m,malekai
m,malakleh
f,malek naz
f,malek nesa
f,malakeh
f,malakeh afaq
f,malakeh bi bi
f,malakeh jahan
m,malekha
m,malcolm
m,maleki
m,maleki jan
m,malekzadeh
f,melli
f,melia
f,malijeh
f,malih
f,malihje
m,malih sa
f,malihé
f,malihe
f,malihé khatoon
f,malikheh
f,malisa
m,malisi
f,malifeh
f,malileh
f,melina
f,malinaz
f,malihe
f,malika
f,malikeh
f,malike
f,mamas
f,momtaz
f,momtaz begum
m,mojid
m,mohsen
m,mohammad
m,mohammad reza
m,mohammad ali
m,mohammadreza
m,mohammadali
m,mahmoud
m,mamad
m,mamad reza
m,mamad taqi
m,mamadrza
m,mamdoh
m,mamsoud
m,mamalī
m,mamlekat
m,mansour
f,mamansoreh
f,mamnoosh
m,mami khan
m,mamish
f,man sooreh
f,mona
f,mona jan
f,manā
f,manahat
f,monadi
f,manar
f,manāre
m,manaf
m,manaf ali
f,manal
f,manaliza
m,manan
f,mannaneh
f,manahal
m,manavar
m,menak
m,manāyeh
m,manbij
m,manbar
m,manbar ali
f,manbare azam
f,manbareh
m,mont ali
f,menta
f,montaj
f,montajem
m,montasir
m,montazer
m,montazeri
m,montali
m,montaha
f,mentiya
m,monjali
m,manjamad
f,manjough
m,monji
m,manjid
f,manjieh
m,monjik
m,mand ali
m,monda
f,mandana
m,mandeli
m,mandani
m,mandi
m,monzer
m,manar
m,manzar
f,manzel
f,manzelat
f,monazzah
m,manzoq
f,mansa
m,mansoor
m,manesh
m,manshur
m,monsar
m,monsef
f,mansamreh
m,mansuh
m,mansur
m,mansour al-din
m,mansour al-zaman
m,mansour soltan
m,mansour ali
f,mansoor-al-zaman
m,mansoorollah
m,mansour ali
f,mansure
f,mansoureh bigam
m,mansouri
m,mansoumeh
m,mansour
m,manzoor
f,manzar
f,manzar banu
f,manzar bigam
f,manzarbanoo
m,manzar hossein
f,manzareh
m,monazam
f,manzooreh
m,moneem
m,manamsur
m,maneh
m,menhaj
m,menhajoddin
f,manhaz
m,manood
f,monavvar
f,manvar khanom
f,manvaral
f,monavvareh
m,manush
m,manushan
m,manooshfar
m,manouchehr
f,manveh
m,manoher
m,manuchehr
m,manchehr
m,manzhe
f,mankasheh
m,mangashti
m,manglor
m,mangeli
m,mangeli aman
m,mangeli jan
m,mangeli morad
m,manya
m,monib
m,moniba
m,manij
m,manijeh
f,maniheh
f,manir
f,monir
f,manir ahmad
f,maniragha
f,manir ahmad
m,monir aezam
f,manirazem
m,moniroddin
f,manir al-din
f,maniralasat
f,monire
f,monireh
f,monireh zahra
f,moniro
f,manizeh
m,manie
m,monif
f,maniu
m,manipeh
f,manij
f,manijeh
f,manika
f,manikail
f,mah
f,mah asa
f,mah alqa
f,mah banu
f,mah bibi
f,mahtaj
f,mah jabin
f,mah dad
f,mahdokht
f,mahrokh
f,mahru
f,mah raval
f,mah rubeh
f,mah rooz
f,mah ruyyeh
f,mahzad
f,mah ziyar
f,mahsa
f,mahsara
f,mah sima
f,mah fam
f,mah foruz
f,mah forugh
f,mah laghā
f,mah luqa
f,mahnaz
f,mah nasā
f,mah noush
f,mahnegar
f,mah peykar
f,mah chin
f,mah kameh
f,mah gol
f,mah yar
f,mah yas
f,mah ara
f,mah asa
f,meha
m,mahab
f,mahabad
m,mahabat
m,mahabod
m,mohajer
f,mohajereh
f,mehad
f,mehada
f,mahaz
m,mahsa
f,maham
f,mahan
f,mehan dokht
m,mahanfar
f,mahava
m,mahapareh
f,mohabba
m,mahbad
f,mahban
f,meh banu
m,mah bod
f,mahbubeh
m,mah bud
f,mahbibi
f,mahta
f,mah ta
f,mahtab
f,mah taban
f,mahtabe
f,mah taj
f,mahtaz
m,mohtadi
f,mahtar
f,mahtara
f,mah tiyam
f,mahjabin
m,mahkadi
m,mahd
m,mahd yār
f,mahdiyeh
f,mahda
m,mehdad
m,meh dar
m,mahdal
m,mahdan
f,meh dana
m,mahdabi
m,mahdeseh
f,mah dokht
m,mahdas
f,mahdeseh
m,mahdali
f,mahdel
f,mahduxt
m,mahdoudi
f,mahdoneh
m,mehdi
m,mahdi
m,mahdi alal
m,mahdiamin
m,mahdihossein
m,mahdi rahim
m,mahdireza
m,mahdi shadi
m,mahdi ali
m,mahdi farshid
m,mahdi qoli
m,mahdi mohammad
m,mahdi nejad
m,mahdi yar
f,mahdiya
m,mahdyar
f,mahdyan
f,mahdis
m,mahdikhān
f,mahdis
f,mahdisa
f,mahdiseh
m,mahdisaleh
m,mahdiqoli
m,mahdiqami
m,mahdiam
m,mahdin
f,mahdina
f,mahdineh
f,mahdieh
f,mahdiye
f,mahdiyezahra
f,mahdieh
m,mahdiparsa
m,mahdi
m,mahdiyar
m,mahdi
m,mahzaran
m,mahdi
m,mehr
f,mehr ayin
m,mehrariya
f,mehravin
f,mehr asa
m,mehrespand
f,mehr azam
f,mehr afaq
f,mehr afrouz
m,mehr olah
m,mehr an
f,mehr anoush
f,mehrangiz
f,mehr aeen
f,mehrban
f,mehr banu
f,mehr bakhsh
f,mehr bi bi
f,mehr taj
f,mehr thana
m,mehr jahan
m,mehr jou
m,mehr dad
f,mehr roksar
m,mehrzad
f,mehr simā
f,mehr shad
m,mehr ali mehr
f,mehr naz
f,mehr nasa
f,mehr navaz
f,mehr noosh
f,mehr negar
m,mehr yār
m,mehral
f,mehrazar
f,mehrazin
f,mehrara
m,mehrarad
m,mehrarta
m,mehrazad
m,mehrazma
f,mehrasa
f,mehrafagh
f,mehrafarid
m,mehrafarin
f,mehramiz
m,mehramin
f,mehrana
f,mehr_ava
f,mehr avar
f,mehraveh
f,mehravir
f,mehrāgīn
f,mehraye
m,mehrain
f,mehrāyīn
f,mehra
m,mehran
f,mehraneh
m,mehrab
m,mehrab al-din
m,mehrab hossein
m,mehrabali
f,mehrabe
m,mehrabi
m,mahraj
m,meh rad
m,mehrada
f,mehrāzin
f,meh raz
m,mehras
f,mehrasa
m,mehraspand
m,mehrasghar
f,mehraezam
f,mehr afruz
f,mehrāfarin
f,mehrafza
f,mehrafzoon
f,mehrafshan
m,mehr al-din
m,mehrallah
f,mehralnasa
m,mehraleh
m,mahram
m,mehran
f,mehran dokht
m,mehran setad
m,mehran pour
f,mehrana
m,mehrantaj
f,mehrdokht
m,mehrandish
f,mehrandish
m,mehrfar
f,mehrane
f,mehranush
f,mehrangiz
f,mehrgol
f,mehrangiz
f,mehrangiz
m,mehrangiz
f,mehrangiz bigom
f,mehrangiz
f,mehraveh
f,mehrba
m,mehrbaz
f,mehrban
f,mehrbanu
f,mehrbakhsh
m,mehrbod
m,mehrborzin
m,mehrbandad
f,mehreta
f,mehrtab
f,mehrtaban
f,mehrtaj
m,mehrtash
m,mehrsana
f,mehrjan
f,mehr janan
f,mehr jahan
m,mehrju
f,mah rokh
m,mehrkhu
m,mehrda
m,mehrda d
m,mehrdad
m,mehrdar
f,mehrdokht
f,mehrdelbar
f,mehrdoxt
f,mehrdoost
f,mehr diba
f,mehrdis
f,mehrraz
m,mehrreza
m,mehrruz
f,mehriz
m,mehrzad
m,mehrzad amir
m,mehrzadeh
f,mehrzahra
f,mehrsa
f,mehrsad
m,mehrsam
f,mehrsan
f,mehrsana
f,mehrsana
f,mehr so
f,mehrsima
m,mehrsina
f,mehrash
m,mehrshad
m,mehrshid
f,mehrshin
f,mehrshina
m,mehrali
m,mehr ali
m,mehrfar
f,mehrforuz
f,mehrforugh
f,mehrlagha
m,mehrman
f,mehr mana
f,mehrmah
m,mehrmas
m,mehrmand
f,mehr monir
f,mehr nar
f,mehrnaz
m,mehrnam
f,mehrnan
m,mehrnarseh
f,mehrnesa
f,mehrnasā
f,mehrnavaz
f,mehrnur
f,mehrnush
f,mehrang
f,mehrnegar
m,mehrangiz
m,mehrniya
m,mehrnia
f,mehrnik
f,mehr nika
f,mah ru
f,mehrva
m,mehrvala
m,meh ravan
m,mehrvarz
f,mah ruz
f,mehrūzeh
f,mehrvash
f,mehrosha
m,mehrvand
m,mah ruy
f,mahruy
m,mehrvin
f,mahrooye
m,mehrpad
f,mehrparvar
m,mehrpu
m,mehrpour
m,mehrpouy
m,mehrpoya
m,mehrpuyan
m,mehrpeikar
f,mehrchehr
f,mehrchin
f,mehrak
m,mehrkam
m,mehrkan
f,mehr kana
m,mehrkush
m,mehrkusha
m,mehrkish
f,mehrkish
f,mehrgan
f,mehrgol
m,mehri
f,mehrí
f,mahri banu
f,mahri bigam
f,mahri khatoon
f,mahri dokht
f,mahri dokht
f,mahri naz
f,mahri negar
m,mehriya
f,mahrya
m,mahryad
m,mehryad
f,mehryar
m,mehryar
f,mehryas
f,mahrian
f,mehr yana
m,mehriz
f,mahriz
f,mehrimah
f,mehrin
m,mehrin
f,mehrin taj
f,mehrieh
m,mehrivan
m,mahri
m,mahzat
f,meh zad
m,mahzan
m,mahziyar
m,mahziyar
f,mahsa
f,mahsa bigom
f,mahsaal
f,mahsan
f,mahsaneh
m,mah saye
f,mahast
f,mahasta
f,mahasti
m,mahsan
f,mah su
f,mahsi
f,mahsima
f,mah sima
f,mahsin
f,mahsa
f,mah shad
m,mahsham
m,mahshan
f,mahshab
f,mah shid
f,mahshid
f,mah shide
f,mahshir
f,mahsa
f,mah fam
f,mahla
f,mahlaa
f,mohlat
m,mohlat ali
f,mahlaq
f,mah lagha
f,mohleghata
m,mehman
m,mohammad
m,mohammad ebrahim
m,mohammad reza
m,mohammad mahdi
m,mohammadreza
m,mohamadi
m,mahmood
m,mahmor
f,mohanna
m,mohnad
f,mahnaz
f,mahnār
f,mah naz
f,mahnazal
f,mahnazbanoo
f,mahnaz
f,mah nam
m,mohannad
f,mahnad
m,mahnaz
m,mahnelz
f,mahno
f,mah nur
f,mah nush
f,mahniya
f,mahva
f,mahvar
f,mahvan
m,mahvar
f,mahvash
m,mehvand
m,mahvachehr
m,mahvin
f,mahpareh
f,mahzhin
m,mahkam
f,meh kam
f,mah kameh
f,mahkiya
m,meh kiya
m,mahgameh
f,mahgan
f,mah gol
f,mah guneh
m,mahi
m,mahy
m,mahy al-din
f,mahinaz
f,mahya
f,mahya
m,mah yad
m,mahyad
m,mah yar
m,mahyar
f,mahyareh
f,mah yaz
m,mah yas
m,mahyal
m,mahiyan
f,mahita
m,mahid
m,mahideh
m,mahidin
f,mahira
f,mahire
f,mahisa
f,mahisa
m,mahisha
f,maheila
m,mahim
m,mohaymen
m,mohayman
f,mahimaneh
f,mahimeh
f,mehin
f,mahin
m,mahin agha
f,mahin banu
f,mahin bas
f,mahin taj
f,mahin taj khanom
f,mahin khanom
f,mahin dokht
f,mahin naz
f,mahina
f,mahinkhan
f,mehindokht
f,mahindokht
f,mahin rokh
m,mehin zad
m,mahin shad
m,mahin forugh
f,mahineh
m,mahieh
f,mahyi
m,mahyi
m,mahyi al-din
f,mahlaqā
f,mah pareh
m,musi
m,moosir reza
f,moo na
f,mouneseh
f,mo'addab
f,moana
m,movaafagh
f,mavaheb
m,mobin
m,mobina
m,muta
m,mo'asser
m,moteq
m,moj
f,mojan
m,mojad
m,movahhed
f,movahhede
m,mozam
m,mozameh
m,moozan
f,morashin
f,mored
m,morsal
m,morche alab
m,muzeh
f,mowzun
m,moos
f,moasseseh
m,mousavi
m,musa
m,musi
m,musi
m,musi arza
m,musi bin al-ridha
m,musi beg
m,musi khan
m,musi ali
m,mousa qoli
m,mousa mohammad
f,mosiyeh
m,mousa al-reza
m,musarreza
m,mousha
m,mostafa
m,moweud
m,movaffagh
m,movaghghar
m,mola
m,mola bakhsh
m,mola dad
m,molla morad
m,moulabakhsh
m,mouladad
m,moulām
m,moulām bardi
m,moulām dourdi
m,moulamerad
f,mowlān
m,mowlana
m,molaavardi
m,molaayar
m,mavlad
m,mavlad dad
f,mowlud
f,mouloud khanom
m,mouloud mohammad
m,mouloudal
m,mouloudali
m,mouloud mohammad
f,mowludeh
m,mouloudi
m,mouloudi dad
m,molavaz
m,moulour
m,molook
f,molek
m,moli
f,moliyan
m,moomas
m,momen
m,momenali
f,momenneh
f,muna
f,monal
f,monjogh
f,munes
m,mones ali
f,mones fatemeh
f,mounia
f,monireh
f,monika
m,moheb
f,muhebat
f,muhebeh
m,mohezhube
m,moehri
m,mohur
f,muzhan
f,muzhana
f,moka
f,mogeh
m,moeid
m,mowiz
m,moyin
m,mapegan
m,mojtaba
m,machid
f,mozh gan
f,mozhan
f,mozhde
f,mozhdeh mozhdeh
f,mozdegan
f,mazhe
f,mozhakan
f,mozhgatton
f,mozhgām
f,mozhgan
f,mozhgan bargah
f,mozhganam
f,mozhgani
m,mak ali akbar
m,mak ma'bud
m,mekabiz
m,makarem
f,makameh
m,mikail
m,maka'il
m,mokabber
f,maktubeh
f,makthumeh
m,mohammad ali
m,mokarram
f,makaram khatoon
f,mokarrameh
f,mok'asoomeh
f,mokhtoom
m,mokamel
m,makna
m,makansoor
f,maknune
f,makkeh
f,maki
f,makileh
m,makin
f,makina
f,makinas
m,makiyeh
m,makkiyeh
m,maghabiz
m,magar meh
m,miyās
f,miyasa
m,miyald
f,miyana
m,mib
m,mibad
f,mibehan
m,mit
f,mita
m,mitaad
f,mitra
f,mitra
f,mitradokht
f,mitral
f,mitranaz
m,mitranush
m,mitalad
m,meytam
m,mitan
f,mitrana
m,misagh
m,mithaq
f,mithaqiyeh
m,meisam
m,meysam
f,mithmeh
m,meisam
m,meithim
m,majid
m,mihad
m,mikha'il
f,mikhanam
m,mikha'il
f,mikhush
m,mey khosh
f,mikhak
f,mikhak naz
m,mid ayub
m,meydanalī
m,meydrezā
m,meydoli
m,midi
f,midiya
m,midineh
m,miz hossein
m,mir
m,mir armin
m,mir ayatollah
m,mir ebrahim
m,mir abu al-fazl
m,mir abolqasem
m,mir abolfazl
m,mir ehsan
m,mir ahmad
m,mir adris
m,mir asad
m,mir eslam
m,mir esma'il
m,mir esma'il
m,mir ashraf
m,mir asghar
m,mir asif
m,mir aslan
m,mir etemad
m,mir afzal
m,mir al-tafaat
m,mir al-fakhr al-din
m,mir allah qoli
m,mir omid
m,mir amir
m,mir amin
m,mir aminollah
m,mir osvat
m,mir iman
m,mir ayoub
m,mir baba
m,mir babak
m,mir baqer
m,mir bayramali
m,mir bahram
m,mir behlol
m,mir bahman
m,mir behnam
m,mir biouk
m,mir bijan
m,mir taqi
m,mir tavhid
m,mir touraj
m,mir jaber
m,mir javid
m,mir jabar
m,mir jafar
m,mir jalal
m,mir jalal
m,mir jalil
m,mir jamal
m,mir jom'e
m,mir hafez
m,mir hamed
m,mir habib
m,mir haj
m,mir hojet
m,mir hasan
m,mir hosein
m,mir haqiqat shah
m,mir hamzeh
m,mir hamid
m,mir hakim
m,mir haidar
m,mir khan
m,mir khodam
m,mir khalil
m,mir damad
m,mir davood
m,mir davood
m,mir del
m,mir doost
m,mir zakir
m,mir rahman
m,mir rahim
m,mir razagh
m,mir rasral
m,mir rasool
m,mir reza
m,mir razi
m,mir ramazan
m,mir ruh al-din
m,mir rouhollah
m,mir za ali
m,mirzadeh
m,mir zaman
m,mir zain al-abidin
m,mir sameh
m,mir setar
m,mir sajjad
m,mir sardar
m,mir sa'dollah
m,mir saeed
m,mir sa'id al-din
m,mir salman
m,mir salim
m,mir soleyman
m,mir sahand
m,mir soheil
m,mir siamak
m,mir siyavash
m,mir shamil
m,mir shahin
m,mir shojaع
m,mir sharaf al-din
m,mir sharif
m,mir sha'ban
m,mir shoaib
m,mir shafii
m,mir shams al-din
m,mir sham'i
m,mir saber
m,mir sadeq
m,mir saleh
m,mir sahab
m,mir sohbat
m,mir sadif
m,mir safa
m,mir safat
m,mir samad
m,mir sayyad
m,mir taleb
m,mir taha
m,mir taher
m,mir tayyeb
m,mir abadbani
m,mir abedin
m,mir adel
m,mir amir
m,mir abad
m,mir abbas
m,mir abdollah
m,mir abdollah
m,mir abdolrahman
m,mir abdolsamad
m,mir abdolaziz
m,mir abdollah
m,mir abdollah
m,mir abdolvahab
m,mir abdolali
m,mir abdollah
m,mir adalat
m,mir adil
m,mir aziz
m,mir azizollah
m,mir askar
m,mir asgar
m,mir azim
m,mir aqil
m,mir ali
m,mir ali ashraf
m,mir alireza
m,mir aliqoli
m,mir ali asghar
m,mir ali akbar
m,mir emad
m,mir avaz
m,mir eisa
m,mir ghafar
m,mir ghafur
m,mir gholamreza
m,mir gholamabbas
m,mir ghyas
m,mir ghyas al-din
m,mir fazel
m,mir fattah
m,mir fathollah
m,mir fakhr al-din
m,mir faramarz
m,mir faraham
m,mir fardin
m,mir farzad
m,mir farhad
m,mir farhang
m,mir farugh al-din
m,mir fariborz
m,mir farid
m,mir fayaz
m,mir faiz
m,mir ghader
m,mir qasim
m,mir qodrat
m,mir qadir
m,mir qaffar
m,mir qalam
m,mir qavam
m,mir qiyas
m,mir latif
m,mir mayel
m,mir mojtaba
m,mir majid
m,mir mahboob
m,mir moharram
m,mir mohsen
m,mir mohammad ali
m,mir mohammad
m,mir mohammad baqir
m,mir mohammad taqi
m,mir mohammad hossein
m,mir mohammad reza
m,mir mohammad ali
m,mir mohammad hadi
m,mir mohammad ali
m,mir mahmoud
m,mir mokhtar
m,mir morteza
m,mir masoud
m,mir moslem
m,mir masiḥ
m,mir misbah
m,mir mostafa
m,mir masoum
m,mir mo'in
m,mir mo'in al-din
m,mir mofid
m,mir maqsud
m,mir mansour
m,mir mahdi
m,mir mehrad
m,mir mehrdad
m,mir mahyar
m,mir mousa
m,mir makr al-din
m,mir meysam
m,mir milad
m,mir nader
m,mir nazel
m,mir nasir
m,mir nabi
m,mir najaf
m,mir nariman
m,mir nasrat
m,mir nasir
m,mir nezam
m,mir ne'mat
m,mir naqi
m,mir noor ali
m,mir nima
m,mir hadi
m,mir hashem
m,mir hayat
m,mir helal
m,mir homayoun
m,mir vahab
m,mir vahid
m,mir vadood
m,mir vali
m,mir vahab
m,mir vakil
m,mir panj
m,mir pouria
m,mir pouya
m,mir peyman
m,mir kazem
m,mir kamran
m,mir kamel
m,mir kabir
m,mir karim
m,mir kalam
m,mir kamal
m,mir kamali
m,mir koorosh
m,mir kianush
m,mir keyvan
m,mir yaser
m,mir yasin
m,mir yahya
m,mir yahya
m,mir yadollah
m,mir ya'sub
m,mir ya'qub
m,mir ya'qub
m,mir yaqub
m,mir yousof
m,mir yusef
m,mir younes
m,mirarash
m,mir armin
f,meyra
m,mirab
m,mirabazhar
m,mirabrahim
m,mirabolfazl
m,mirabotaleb
m,mirabolfazl
m,miras
m,mirahad
m,mirahsan
m,mirahmad
m,mirasadollah
m,mirasadollah
m,mirasadleh
m,miraslam
m,mirasma'il
m,mirasghar
m,mirafshin
m,mirafzal
f,miral
m,miralqafat
m,miralhoyardi
m,miraman allah
m,miramir
m,miramin
m,miran
m,mirana
f,miranda
f,miraneh
m,mirajdar
m,mirakbar
f,mirai
m,mirayam
m,mirayatollah
m,mirayeman
m,mirayoub
m,mirbaba
m,mirbabak
m,mirbagher
m,mirbadi'
m,mirbarar
m,mirbahlol
m,mirbehnam
m,mirbag
m,mirbižan
m,mirbag
m,mirtarof
m,mirtaghi
f,mirtu
m,mirtouhid
m,mirturan
m,mirtavakkol
m,mirjaber
m,mirjabar
m,mirja'far
m,mirjalal
m,mirjalil
m,mirjamal
m,mirjamal
m,mirjavad
m,mirhatam
m,mirhaji
m,mirhamad
m,mirhabib
m,mirhajat
m,mirhasan
m,mirhossein
m,mirhamzeh
m,mirhamid
m,mirhekmat
m,mirhakim
m,mirheidar
m,mirkhaliل
m,mirkhān
m,mirkhair al-din
m,mirdad
m,mirdarioush
m,mirdamad
m,mirdamoon
m,mirdavood
m,mirdavood
m,mirdargah
m,mirdoust
m,mirzakhani
m,mirmamin
m,mirrahman
m,mirrahim
m,mirrasool
m,mirrashid
m,mirreza
m,mirrazi
m,mirramazan
m,mirza
m,mirza amin
m,mirza baba
m,mirza baqir
m,mirza bala
m,mirza hassan
m,mirza hossein
m,mirza rahim
m,mirza reza
m,mirza abbas
m,mirza abdollah
m,mirza ali
m,mirza gholamhossein
m,mirza qoli
m,mirza mohammad
m,mirza morad
m,mirza mahdi
m,mirza vali
m,mirza karam
m,mirza kuchak
m,mirzabala
m,mirzaja'far
m,mirza hossein
m,mirzad
m,mirzadeh
m,mirzazadeh
m,mirza ali
m,mirza ali mohammad
m,mirza mohammad
m,mirzamorad
m,mirzamin
m,mirzaahad
m,mirza vali
m,mirzakarim
m,mirzaei
m,mirzaei
m,mirzaali
m,mirza'im
m,mirzaman
m,mirsari
m,mirsasan
m,mirsalam
m,mirstar
m,mirsajad
m,mirsakhavat
m,mirsadadat
m,mirsaeed
m,mirsalam
m,mirsalam allah
m,mirsalman
m,mirsalim
m,mirsalimān
m,mirsan
m,mirsehil
m,mirseifollah
m,mir shad
m,mirshahin
m,mirshoja'
m,mirsha'ban
m,mirshahab
m,mirshahab al-din
m,mirshakour
m,mirsadegh
m,mir saleh
m,mirsafa
m,mirsafi
m,mir samad
m,mirsyad
m,mirza
m,mirza ali
m,mirtaher
m,mirtayeb
m,mir abad
m,mir abedin
m,mir'adel
m,mir aref
m,mirabbas
m,mir abdolhossein
m,mir abdolali
m,mirabdollah
m,mir abdol-motaleq
m,mir abdollah
m,mirarfan
m,miraziz
m,mir'ataa
m,mir'ataollah
m,mirali
m,mirali asghar
m,mirali akbar
m,mirali saheb
m,mir alireza
m,mir emad
m,mirghaffar
m,mirghafur
m,mirgholamali
m,mirfazl
m,mirfatahi
m,mirfathali
m,mirfakhar
m,mirfaramarz
m,mirfarhan
m,mirfardin
m,mirfarshad
m,mirfarhad
m,mirfarid
m,mirfeyaz
m,mirghader
m,mirqasim
m,mirghadir
m,mirqiyas
m,mirlatif
m,miram
f,miram big
f,miram khatun
f,mirmāhān
m,mir mojtaba
m,mirmajid
m,mirmahabat
m,mirmahabob
m,mirmohramali
m,mir mohsen
m,mir mohammad
m,mir mohammad hossein
m,mir mohammad taqi
m,mir mohammad reza
m,mir mohammad sadegh
m,mirmahmood
m,mirmokhtar
m,mir-morteza
m,mirmarsal
m,mirmasoud
m,mirmasbah
m,mir-mostafa
m,mirmaqsood
m,mirmansef
m,mirmansoor
m,mirmohammad
m,mirmohayar
m,mirmousi
m,mirmeysam
m,mirnader
m,mirnasir
m,mirnabi
m,miranjaf
m,mirnasir
m,mirnazam
m,mirna'im
m,mirnaqi
m,mirnooraldin
m,mirnavid
f,mireh
m,mirhadi
m,mirhashem
m,mirehāni
m,mirhoshang
m,miro
m,mirovaseq
m,miroollah
m,mirovan
m,miroohid
m,miroodood
m,mirvali
m,mirovis
m,mirparham
m,mirparviz
m,mirpouria
m,mirpayman
m,mirka
m,mirkazem
m,mirkaveh
m,mirkarim
m,mirkamal
m,mirkamal al-din
m,mirko
m,mirkia
m,mirgol
m,miri
m,miryasin
f,miryam
m,mirihyi
m,miryaghoob
m,miryaghoob
m,mirin
m,miryusuf
m,miryouns
m,miz
m,miza ali
m,mizajan
m,mizan
m,mizavoli
m,maysa
m,misa
m,misah
f,maysan
m,misehtam
m,misroop
m,meysam
m,maysun
m,meysun
f,misha
m,misha
m,mishan
f,mishane
m,mishane
m,mishel
m,misham
m,mishe
m,mishvak
f,mishka
f,mishi
m,miyad
m,miaad
m,meyali
m,miyan
m,miaood
m,mifar
f,mila
m,mila d
m,milad
m,milad
f,miladé
m,milad
m,milan
f,milana
m,milove
m,milave
m,milheh
m,milla
f,milkan
m,mili
m,milis
m,meymanat
f,meymanat
f,mimuneh
m,min
m,min bay
f,mina
f,minabgim
f,minad
m,minadokht
f,mināre
f,minaz
f,minas
f,minal
f,minaal
f,minavar
m,minavash
m,minagun
f,minaye
f,minta
f,minjeh
f,minel
f,mina
f,minoo
f,minoo mah
f,minoo chehre
f,minokhanom
f,minoodokht
f,minudokht
f,minoram
f,minorkh
m,minurokh
f,minoreh
f,minuzad
m,minus
f,minusa
f,minu seresht
f,minush
f,minusha
m,minufar
f,minoufar
f,minumehr
f,minuvash
f,minouchahr
f,minjeh
f,mingaleh
f,minika
f,miha
f,mihayla
m,meyran
f,mihan
f,mihan banu
f,mihan taj
f,mihan dokht
m,mihan yar
m,mipam
f,michka
f,mizhe
m,mikayil
m,mikaela
m,mikaeil
m,mika'il
m,mikadil
m,mika'il
m,mikal
m,mikan
m,mikail
m,mika'il
m,miksa
f,meygol
m,meygun
m,mi hamidar
f,mi khanom
f,mi khanom
f,mi khosh
f,mi van
f,mi gol
m,nael
f,naele
f,nayrika
f,nairika
f,nabet
f,nata
f,natasha
f,natalia
m,natasar
m,najeh
m,naji
f,najia
f,najihé
m,najiyeh
f,najieh
f,nahid
f,nahiye
m,nad
m,nad r
m,nad ali
f,nadia
m,nadar
m,nader
m,nader
m,nader allah
m,nader bik
m,nader hossein
m,nader shah
m,nader qoli
m,nader nat shomal
f,nader h
m,naderreza
m,naderzad
m,nader shah
m,naderali
m,nadergholi
f,nadere
m,nadereh soltan
f,nadereh goftar
m,naderi
m,nadali
m,nadmardi
m,nademe
f,nadi
m,nadi ali
f,nadia
f,nadial
m,nadin
m,nadinus
m,nadiye
f,nadiyeh
m,nazdar
m,nazr
f,nar
f,nar banu
f,nar khanom
f,nar shirin
f,nar milad
f,nara
m,naramsin
f,narayn
f,narbon
f,narta
f,nartaj
f,nardana
f,nar daneh
f,nardokht
f,nardis
f,nardin
f,narsis
f,narshin
f,narmela
m,narmak reza
f,narmila
f,nar mina
f,narenj
f,narenjeh
m,narniya
f,naro
f,narvash
f,narvon
f,narvan
f,narvin
f,narga
f,nar gol
f,nargaleh
f,nargun
f,nari
f,nariya
f,narisa
f,narish
m,narila
m,narin
f,narin
f,narin gol
f,narina
f,narina
f,narine
f,narinakl
f,naringel
f,nariyeh
f,narika
f,naz
f,naz afrin
f,naz baji
f,naz banu
f,naz bi bi
f,naz khatun
f,naz khanom
f,naz daneh
f,naz dowlat
f,naz soltan
f,naz tala
f,naz ali
f,naz ghorban
f,naz mohammad
f,naz pari
f,naz gol
f,nazafarin
f,naz afarid
f,naz afarin
f,nazafarin
f,nazaar
f,nazaar tala
f,nazartala
m,nazare ali
m,nazarmorad
f,nazareh
m,nazari
f,nazan
f,nazanta
f,nazbaji
f,nazbano
f,nazbardi
f,naz bu
f,nazbi bi
f,nazbibi
f,nazbigam
f,naz tab
f,naztiyam
f,naz jahan
f,naz khaton
f,nazkhanom
f,nazkhanom
f,nazdar
f,nazdaneh
f,nazday
f,naz dokht
f,nazdelbar
f,nazdourdi
f,nazdolat
f,nazrokh
f,nazroy
f,nazshid
f,naz shirin
f,nazsanam
f,nazali
f,naz'anbar
f,naz fateme
f,naz far
f,nazghorban
f,nazgholi
f,nazghid
f,nazl
f,nazlar
m,nazlor
f,nazleh
f,nazloo
f,nazlu bigam
f,nazli
f,nazli begom
f,nazli li
f,naz mohammad
f,nazmorad
f,naz mehr
m,naz mehri
f,naz nush
f,nazniya
f,nazanin
f,nazanin
f,nazaninbatul
f,nazaninkhadijeh
f,nazanin zahra
f,nazaninzahra
f,nazaninmasume
f,nazanin chehr
f,nazaninkowsar
f,nazaninroghaye
f,nazaninzeynab
f,nazaninfateme
f,nazaninmaryam
f,nazaninnarges
f,naz vala
m,nazvand
f,nazparvar
f,naz pari
f,nazpari
f,naz panah
f,nazak
f,nazgol
f,naz gohar
f,nazgiti
m,naz giti
f,nazi
f,nazibegim
f,nazi la
f,nazya
f,nazyab
f,nazyar
f,nazibi
f,nazita
f,nazi dokht
f,nazila
f,nazileh
f,nazin
f,nazineh
f,nazieh
f,nazik
m,nazik
f,naziin
m,nas malek
m,nasoo
f,naskeh
f,nasim
m,nasieh
m,nasiko
f,nasha
m,nashir
m,nas
m,naseh
m,nasih al-din
m,naser
m,nasir al-din
m,nasir ali
m,nasir qoli
m,nasir qoli khan
m,nasir mohammad
m,naseroddin
m,nasir al-din
m,naserkhosrow
m,nasirabbas
m,nasrali
m,nasrgholi
f,nasreh
m,nasrch
m,naseri
f,nasariyeh
m,nazer
m,nazer hossein
m,nater
m,nategh
m,nazir
m,nazr ali
m,nazr hossein
m,nazereh
m,nazem
m,nazemeh
f,naeemeh
m,nafez
m,nafee
f,nafele
f,nafeh
f,nafiya
f,nafieh
m,nam or
m,nambod
m,nam ju
m,nam dar
m,namali
m,namq
m,namahr
m,namvar
m,nami
m,namira
m,namifagh
m,namigh
m,namin
m,namik
f,nana
f,nansi
f,nanush
f,naniya
f,nanisa
f,nahbed
f,nahed
f,nahideh
m,nahrin
f,nāhī
f,nahita
f,nahid
f,nahid a'zam
f,nahideh
f,nahide
f,nahideh khanom
f,nahira
f,nahiu
m,navarz
f,navand
f,naveh
f,navak
f,nazhu
f,najila
f,najin
m,nazhin
f,nakta
m,nakleh
f,naya
f,nayab
m,nayan
m,naib
m,nayeb
m,naib hossein
m,naib ali
m,naiba
m,naibali
f,nayer
f,nayereh
m,nayere
f,nayrika
m,naif
m,nayef
f,nayleh
f,naymeh
f,naini
f,nayileh
f,nayin
m,naba ta'li
f,nabat
f,nabat begom
f,nabat khanom
m,nabat ali
m,nabataly
f,nabati
m,nabar
m,nabar
f,nebras
m,nabarzin
m,nabarafte
f,nabz
m,nab'eh
m,nabma
m,nabhan
m,nobovat
f,nabka
m,nabi
m,nabiyollah
m,nabi allah
m,nabi bakhsh
m,nabi jan
m,nabi khani
m,nabi ali
m,nabiollah
m,nabil
m,nabin
m,nabih
m,nabieh
m,nabihé
m,nabiyollah
m,nabi allah
m,natāj
m,natāser
m,natazer
m,nateqi
f,nesar
m,nisar ahmad
m,nesarahmad
m,nasrallah
m,najabat
m,nejat
m,nejatollah
m,nejatollah
m,najaat ali
m,najaatali
m,nejat bakhsh
f,najah
m,najjar
m,najān
f,najbeh
f,najbiyeh
m,najgh
m,najghaqli
m,najaf
m,najaf ali
m,najaf qoli
m,najaf mohammad
m,najafi ali
m,najafgholi
m,najafhali
f,najla
f,najleh
m,najm
m,najm al-din
m,najmollah
m,najm rashid
m,najm ali
f,najma
m,najmoddin
m,najmaldin
m,najma'eh
f,najme
f,najmeh asba
f,najme-ol-din
f,najmeh al-saba
f,najmeh khatoon
f,najmeh sadiq
f,najmi
f,najmieh
m,najmiye
f,najva
f,najudeh
f,najva
m,naji
m,najiyollah
m,najiyollah
m,najib
m,najib ahmad
m,najib al-din
m,najibullah
m,najibollah
f,najib naz
m,najiboddin
m,najibollah
m,najibaleh
f,najibe
m,najideh
f,najifeh
f,najim
f,najim banu
f,najima
f,najimeh
f,najieh
f,najieh allah
m,nahjat
f,nahaf
f,nahle
f,nahmeh
m,nahim
f,nakh shin
f,nakhstin
f,nakhshan
f,nakhshin
f,neda
f,neda bakhsh
f,neda bigam
f,neda l
f,neda
f,nadal
f,nedaal
f,nadr
f,nadrat
f,nedaei
f,nadel
f,nadi
f,nadibe
f,nadil
m,nadim
m,nadime
f,nadimeh
f,nazār
m,nazrali
m,nazri
m,nazhat
m,nazir
m,nazir ahmad
f,nazireh
f,nar jas
f,nar gas
f,nar gas bi bi
f,narjes
f,narjes bigam
f,narjes khatoon
f,narjes khatoon
f,narjes khavatoon
f,narjeszahra
f,narjes niyari
f,narjis
m,nardāgashasp
f,narghas
f,narsa
f,narasanga
f,narse
m,nersi
m,narmān
m,narmān
f,narmi
f,narmin
f,narmineh
m,norooz ali
m,noroozali
f,narkes
f,narges
f,narges banoo
f,narges bigam
f,narges bi bi
f,nargeskhatun
f,nargeszahra
f,narges sadat
f,nargesdokht
f,nargeseh
f,nargesi
f,nargis
f,narima
m,nariman
m,nerimtan
m,nazad
m,nazar
m,nazar mohammad
f,nezakat
f,nazla
f,nozhat
f,nazhat al-zaman
f,nazhat begum
f,nozhatozzaman
f,nazhah
m,naziman
m,nazih
f,naziheh
f,nesa
f,nesa bi bi
f,nesa khanom
f,nesaa
f,nesaa bigam
f,nasabigam
f,nasar
f,nasr ahmad
f,nasak
f,nasai
f,nasbeh
f,nasbiyeh
m,nastar
f,nastar
f,nastaran
f,nastaran
m,nastahan
m,nastahin
m,nastod
m,nastor
m,nastuh
f,nasrin
f,nasrasan
f,nasrim
f,nasrin
f,nasrin akhtar
f,nasrin banu
f,nasrin taj
f,nasrin dokht
f,nasrin mehr
f,nasrin nush
f,nasrindokht
f,nasrinrokh
m,nasrine
f,nasrieh
f,nazrin
f,nasim
f,nasim
f,nasmeh
f,nasimi
f,nask
m,nesku
f,nasi
f,nasya
f,nasiba
f,nasib
m,nasibe
f,nasirin
f,nasirin
f,nasim
m,nasim
m,nasima
f,nasimeh
m,nasime
f,nasieh
f,neshat
f,neshan gol
f,nashteman
f,nashtiman
f,nashriyeh
f,nash'e
m,nashghiman
f,nashmi
f,nashmil
f,nashmin
f,nashmineh
f,nashmieh
m,nashvad
f,neshvan
m,nashkiman
m,nashgar ali
m,nassar
m,nasr ahmad
m,nasāl
m,nasrat
m,nasr
m,nasr alah
m,nasr al-din
m,nasr allah
m,nasrollah
m,nasrollah
m,nasrollah khan
m,nasrollah nejad
m,nasr taleh
f,nasra
m,nasrallah
m,nasroddin
m,nasr al-din
m,nasrollah
m,nasrollah
m,nasrallah
m,nasran
f,nosrat
m,nosrat al-kh
m,nosratollah
m,nosratollah
f,nosrat banu
f,nosrat begom
f,nosrat khanom
m,nosrat ali
m,nosratoddin
m,nosratollah
m,nosratali
m,nasrateh
m,nosratollah
m,nasrallah
m,nasreh
m,nasrollah
m,nasrin
m,nasrallah
m,nasrat
m,nazratollah
m,nasimil
m,nasr
m,nasuh
m,nasr
m,nasib
m,nasibollah
m,nasibollah
m,nasib ali
m,nasibir
m,nasibeh
f,nasibe
f,nasibieh
m,nasir
m,nasir al-din
m,nasir jan
m,nasira
m,nasir ahmad
m,nasiroddin
m,nasir al-din
m,nasirollah
m,nasirollah
m,nasireh
m,nasireh al-haq
f,nasieh
m,nasir
m,nizal
f,nazmeh
m,nazir
m,nazam al-din
m,nazam ali
f,nazare
m,nazal
m,nezam
m,nazamollah
m,nazam al-molk
m,nazam olah
m,nazam ali
m,nazam qoli
m,nezamoddin
m,nazamali
m,nazam al-din
m,nazar
m,nazr ahmad
m,nazr haji
m,nazr ali
m,nazr qoli
m,nazr qolich
m,nazr mohammad
m,nazrali
m,nazargoli
m,nazargolich
m,nazarmohammad
f,nazari
f,nazariyeh
m,nazmollah
f,nazmiyeh
m,nazir
m,nazir ahmad
m,nazir ahmad
m,nazirbakhsh
f,nazire
f,nazireh
f,nazifeh
f,na'bameh
m,na'tollah
m,na'jibe
m,na'r
f,na'sumeh
m,na'ma
m,noeman
m,na'man al-din
m,neemat
m,nemat ا
m,nemat allah
m,nematollah
m,nematollah
m,nemat din
m,nemat ali
m,neematollah
m,nematollah
m,na'matali
m,nematollah
m,na'ma'im
m,na'matollah
m,na'meh
m,na'miya
f,na'miyeh
f,naena
f,nana
m,naiamat
m,na'id
m,naeim
m,na'im
m,na'im al-din
m,naeimreza
m,na'im reza
m,na'eema
m,naeima
m,na'iman
f,naeime
f,naimeh
m,nagham
f,naghme
f,naghimeh
f,nafhe
m,nafad ali
m,nafrat
m,nafari
f,nafas
m,nafas ali
m,nafas qoli
f,nafasieh
f,nafsheh
m,nafahat
m,nafi mohammad
f,nafideh
m,nafis
m,nafisa
f,nafiseh
f,nafisehzahra
f,nafiseh
m,nafil
m,naqd ali
m,naghali
m,naghdi bak
m,noghraali
f,noghre
m,noghreh ali
f,naqsiyeh
m,naqsh ali
m,naqshali
m,naghshin
m,naqshin
f,naghshineh
m,naghi
m,naqi allah
m,naghiyollah
m,naghī ali
m,naghī mohammad
m,naghīb
m,naghib
m,naghīb allāh
m,naghīb olāh
m,naghibe
m,naghibeh
f,naghideh
f,naghiseh
f,naghimeh
f,naghieh bigom
f,nell
f,nella
f,nelsa
m,nalsar
f,nalka
m,neli
f,nelya
f,nalihe
m,nelisa
f,nelin
f,namaz
f,namam
m,namali
m,namahid
m,namayan
m,namate allah
m,namhasan
m,namrud
m,namasrat
f,nemune
m,namak
m,namaki
m,namiya
m,nimitaj
m,namireh
m,naneh
f,nane bozorg
f,naneh jan
f,nane khark
f,nane khanom
f,naneh lor
f,nane naz
f,nane gol
f,naneh giv
f,na be z
f,na sarin
f,na ali
f,nah nah
f,na na jaani
f,na na khanom
f,neha
m,nahad
f,nahara
f,nahal
f,nahale
m,noham
f,nahan
m,nahayat
f,nahaye
m,nahbam
m,nahbehz
m,nahdi
m,nahravan
m,nahruz
m,nahsarho
f,nehzat
m,nahl
f,nahle
m,nahmatollah
f,nahnaz
f,nehneh khanom
m,nahushiravan
m,nahkehruz
m,nahi
m,nahibe
f,nahifeh
m,nahimeh
m,nahin
m,nahiyeh
m,no bakht
m,no ali
m,nozar
m,no rahmand
f,noosh afarin
m,no shirvan
m,no morad
m,noyad
m,noel
f,nava
f,navāfarin
m,navvab
m,navab pakro
m,navabeh
m,navad
m,navaz
m,navaz allah
m,navaz allah
m,navaz ali
m,navazaleh
m,navazan
f,navazesh
m,navas taleb
f,naval
m,navalbeh
m,navald yin
m,navaldin
m,navallah
m,navaleh
f,nobar
m,noban
m,nobanoo
f,nobaveh
m,now bakht
f,now bar
f,nobar ali
f,nobraly
m,noveh
f,now bahar
m,nobahar ali
m,notash
m,nutrika
m,nojahan
m,nojavān
m,nuh
m,nooh ali
m,noha
m,noohali
m,navid
m,navdasteh javad
m,nozollah
m,nowzar
f,nor
f,noor atoon
f,noor ahmad
f,noor al-din
m,noor al-din
m,noorollah
m,noorollah
f,noor baran
f,noor banoo
f,noor bakhsh
f,noor bardi
f,noor bibi
f,noor bidi
f,noor bika
f,noor bi bi
f,noor taj
f,noor jan
f,noor jamal
f,noor jameen
m,noor jahan
m,noor hossein
m,noor khan
f,noor khanom
m,noor khoda
m,noor sateh
m,noor ali
m,noor gholich
m,noor mohammad
m,noor mohammadi
m,noor morad
m,noor malak
f,noor nisa
f,noor nazar
f,noor nafas
f,noor niaz
f,noor vardi
m,noor pari
f,noor pasand
f,noor pis
m,noor kazem
f,noor gazal
m,noor goldi
m,noor yaqdi
f,nor ata
f,nur afagh
f,noorafarin
f,nura
m,noura allah
m,nouratteh
m,nouratdin
m,noor ahmad
m,nooradin
m,nur afshan
m,nooral
m,nooralamin
m,nooralah
m,nurolhagh
m,nooraldin
m,nuroddin
f,nurozzahra
m,nooralastin
f,nurolsama
m,nuroleein
m,noor al-ain
m,nurollah
m,nurolmahdi
m,nooralmohdi
f,nooralnasa
m,noorollah
f,nurolhoda
m,nooralin
f,nuran
f,noorandish
f,nooraneh
m,nur angiz
f,noorani
m,noorahan
m,nourai
f,noorbanoo
m,noorbakhsh
m,noorbardi
f,noorbi bi
f,noorbibi
m,noorbikeh
f,nourtaj
m,norteqan
m,nourtekin
m,noorjan
m,noorjal
m,noorjamal
f,noorjahan
m,noorhossein
m,norkhatun
m,nourkhoda
f,nourdaneh
f,nor dokht
m,nourdoosti
m,nourdin
m,noorrahman
m,noorzad
m,noorzali
m,norooz
m,nours
f,nursa
f,nor san
f,now roste
f,noursa'adat
m,noursoltan
f,nurso
m,noorshad
m,noor sharaf
f,nur saba
m,noursabah
m,noortala
m,noorabbas
m,nur ali
m,noor alireza
m,noorqoli
m,noorqolich
m,nouraldin
m,noorli
f,norman
m,noormah
m,noormohammad
m,noormerad
m,noormalak
m,nurmand
m,noor nazar
f,nournia
m,noure
f,now rahan
m,noru
m,norvan
m,noorvardi
m,now ruz
m,norouz akram
m,norooz ali
m,norouz qoli
m,norouz mohammad
m,norouz goldi
m,noroozali
m,noroozgholi
m,norouz mohammad
m,norooz
m,norouzi
m,noorparvar
f,noorpouri
f,noorpasand
m,nork
m,nourkaram
m,noorgol
f,nourgoldi
m,nuri
f,noori jan
m,noori saeed
m,nuriya
m,nouria
m,nouria ghadi
m,nouriaghebi
m,nouriyagdi
m,nouriaqdi
m,noorian
m,nourid
m,noorighadi
f,nourin
m,nurin
f,nuriyeh
m,navaz jan
m,navzad
m,navzaleh
m,navazan
m,navzat
m,navzar
m,navzita
m,navin
m,nush
m,nush azar
f,nush asa
f,nush afrid
f,nush afarin
f,nush aghin
m,nush afrin
f,nush lab
f,nush azar
f,nusha
m,nushab
f,noshabeh
m,nushad
m,nushad ali
m,nushafarin
f,nushan
m,nushban
m,nowshervan
f,nushzad
m,nushan
f,nushnaz
f,nushe
m,nushi
m,nushyar
f,nushid
m,nowshid
m,nushir
m,nushirvan
m,nushin
f,nushin khanom
f,nushin lab
f,nushindokht
f,nushine
m,nushika
m,nothe
m,nowfal
m,nofiq
m,numa
m,noman
m,nomohammad
f,nuna
f,noonahal
m,nonud
m,naveh
m,nohad
m,nochahr
f,nuzha
f,nuzhan
m,nuzhan
f,nuzhe
f,nozhyan
m,nuzhin
f,nowgol
m,navi
m,noyar
m,noviyan
m,navian
m,navid
m,navid reza
m,navidollah
m,navidhossein
m,navidreza
m,navideh
m,navide
m,nevisa
m,navisa
m,naveel
m,novin
m,navin
m,novina
f,neptun dokht
f,nachmeh
m,nachiravan
f,nazhla
f,nektar
m,nexia
m,nakeh
f,nakhat
f,neku
f,nekoozad
f,nekoyar
m,nakisa
f,negar
f,negarzeinab
f,negara
f,negarafruz
f,negar basteh
f,negarzahra
f,negarshid
f,negarmozhan
f,negare
f,negarin
f,negah
m,negar
m,negas
m,negahdar
m,negur
m,nagisa
f,negin
m,negin
f,negina
f,negindokht
m,neginrokh
m,neginzahra
f,negineh
m,neginchehreh
m,ni ahmad
m,ni allah
m,ni na
m,nia
m,niya
m,niyatali
m,niyator
m,niyatus
f,niyar
f,niyara
m,niyarad
f,niyaz
m,niyaz
f,niyaz bi bi
f,niyaz ali
m,niyaz mohammad
m,niyaz ahmad
m,niyazbaroo
f,niyazbi bi
m,niyaz hossein
f,niyazali
f,niyazgholi
f,niyazgoldi
f,niyazi
m,niyasa
m,niyasan
m,niyatus
f,niyala
m,niyamat
f,niyan
m,niyavash
m,niyavand
m,niyak
m,niyāesh
m,niyayesh
m,neybollah
m,nibe
m,niyat
m,niyat al-ali
m,niyatollah
m,niyatollah
m,niyat ali
m,nita
f,nitra
m,niyatali
m,neytoon
m,nithatneh
m,nida
m,nizreh
m,nir
m,nayyer
m,nir azam
m,nir al-molk
m,niraj
m,nirazham
m,nayyeraezam
m,niral
f,niran
m,niravan
m,neyram
f,nirman
f,nayyere
f,nireh
f,nireh bigom
f,nira khanom
m,niru
m,nirvan
f,nirvana
m,nirumand
m,neyri
f,nisa
m,neysan
f,nisana
m,nisteman
f,nisam
f,nisha
m,nisham
m,nishteman
m,nishtiyan
m,nil
f,nil ay
f,nila
m,nila
f,nilab
f,nilas
f,nilan
f,nilay
f,nilda
f,nilram
m,nilram
m,nilsa
f,nilsan
f,nilso
m,nilfam
f,nilma
f,nilmah
f,nileh
m,nilu
f,nilor
f,nilosa
f,niloufar
f,nilufar
f,niloufar
f,niloufaral
f,nilufar
m,nilupar
f,nilpar
m,nilgun
f,nilgoun
m,nili
m,niliya
f,niliya
m,nilin
f,nim taj
f,nim tala
m,nima
f,nimat
m,nimakeh
f,nimta
f,nimtaj
f,nimtach
f,nimeh
f,nina
f,ninava
f,ninos
f,ninoosh
f,ninousha
f,ning
f,niha
m,nihat
m,nihad
f,nihan
m,niyu
m,niv
f,niv far
m,nivad
f,nivan
f,nivan dokht
m,nivtash
m,niyoutish
m,nivrad
f,neyza
m,nivzad
m,nivzar
m,niyosa
f,niyousha
f,niyusha
f,niyoushe
f,nivvand
m,nichervan
m,nizhan
m,nizhe
m,nik
f,nik afrid
f,nikafarin
f,nik akhtar
m,nik bakhsh
m,nikbod
f,nik bi bi
f,nik ta
f,nik taj
f,nik tash
f,nik dokht
m,nik ray
f,nik roksar
f,nik ravan
f,nik zad
m,nik far
m,nik mohammad
m,nik mohammad shah
f,nik mehr
m,nikara
m,nikafarid
m,nikahang
m,nikayin
f,nika
m,nikakhtar
m,nikad
m,nika del
f,nikaram
m,nikafruz
f,nikamehr
m,nikan
m,nikav
m,nikbakht
m,nikbeh
m,nikbin
m,nikta
m,niktab
m,nikju
m,nikkhu
m,nikkhah
m,nikdad
f,nikdokht
m,nik del
m,nikrad
m,nikray
f,nikrokh
f,nikrouh
m,nikruz
f,nikrouy
m,nikzad
f,niksa
m,nik sam
m,niksan
m,niksima
m,nikshad
m,nikfam
m,nikfar
m,nikmehr
f,niknaz
m,niknam
f,niku
f,nikoo
f,niku azar
f,niku laghā
m,nikurad
f,nikoozad
f,nikuzahra
m,nikvash
f,nikulegha
m,nikumehr
f,nikunaz
m,nikunam
f,nikuchehr
m,nikookar
m,nikpey
f,nikchehr
m,nikchehr
f,nikchehre
f,niki
m,nikiya
m,nikyad
m,nikiyar
f,nikita
f,nikin
f,nik rooz
m,nik nam
m,nik pay
f,haydeh
m,haed
m,habl
f,habe
m,habil
m,hatef
f,hatefe
m,hatam
m,hajan
f,hajd
f,hajar
f,hajer bigom
f,hajer bi bi
f,hajer khatun
f,hajer khatun
f,hajer rabab
f,hajer soltan
f,hajer kargir
f,hajral
f,hajer bi bi
f,hajarkhatun
f,hajereh
m,hajgholi
f,haji
m,hajieh
m,hād
m,hadan
m,hadi
m,hadi jan
m,hadi javad
m,hadi hazer
m,hadi khan
m,hadi rahmati
m,hadi reza
m,hadi samad
m,hadi zia
m,hadi abd
m,hadi ali
m,hadi ghazi
m,hadi mohammad
m,hadi morad
m,hadiye
f,hadiyeh
m,hadi
f,hara
m,haran
f,haray
m,hartoon
m,harmonika
m,hareh
m,harold
m,harun
m,harpark
m,harpak
m,hāri
m,hasam
m,hasmik
m,hash
m,hasha
m,hashem
m,hashem ali
m,hashma'li
m,hashman
f,hasheme
m,hashemi
f,hashemieh
f,hashemieh bigom
m,hashnam
f,halan
f,hale
f,hali
f,hali gol
f,halideh
f,halin
m,haman
m,hamid
m,hamer
m,hamerz
m,haman
m,hamun
m,hamoyeh
f,hamak
m,hami
m,hamir
m,hamim
m,hamin
m,hamiyeh
m,han mohammad
f,hana
f,handeh
m,handu
f,haneh
m,hanu
m,hani
m,hani al-reza
m,hani hashem
m,haniya
f,hania
f,hanita
f,hanida
f,hanis
f,hanisa
f,hanish
f,hanil
f,haniye
f,hanieh
f,hanieh bigam
f,haniyezahra
m,havar
m,havreh
m,havri
f,havrin
m,havash
m,havon
m,havni
m,havush
f,havzhin
m,havyar
f,havir
f,havin
f,hazhan
m,hakan
m,haktan
f,haya
m,hayan
m,hayd
f,haydeh
f,hayede
f,haidi
m,hayq
f,hayla
f,hayle
f,haylin
f,hayna
m,hayneh
m,hayka
m,hayko
m,hayi
f,hayideh
f,hayideh khanom
f,haeen
m,habasp
f,habt
m,habtollah
m,habrahim
f,hebe
m,habibollah
m,habibollah
m,habir
m,hatadi
f,hatav
m,hatra
m,hatf
m,hajar
m,hojjat
m,hajer
f,hojran
f,hejrat
m,hajir
m,hhad
m,hahmad
m,hojjat reza
m,hamideh
f,hakimeh
m,hakha
f,hakhar
m,hakhamanesh
f,hoda
f,hoda bigam
m,hoda yatollah
m,hedat
m,hedal
m,hedayat
m,hedayatollah
m,hedayatollah
m,hedayatollah
m,hedayatollah
m,hedra
f,hadasa
f,hedseh
m,hoda
f,hedi
f,hadir
f,hadish
m,hadil
f,hediye
m,hedye
f,hediyeh al-sadat
f,hediyeh khatoon
f,hedyezeinab
f,hediyeh saldat
m,hedyezahra
m,har maz
f,har gol
m,hera
m,harab
m,herati
m,haraz mohammad
m,haran
f,haranush
m,haray
m,herbad
m,herdad
m,hardar
m,harzad
m,harsam
m,harsh
m,herman
m,hormoz
m,hormozan
m,hormozd
m,hormozd yar
m,hormoz yar
m,hermes
f,hermis
f,hermina
m,hormineh
f,hermiyon
m,herang
m,hervak
m,harooz
m,hargol
m,haryad
m,hariyeh
m,hazār
f,hazār golī
m,hezareh
f,hazargol
m,hazbar
m,hozvaresh
m,hazir
f,hazineb
m,hastan
f,hastanveh
f,hasti
f,hasti
f,hastiya
m,hastiyar
f,hasti dokht
m,hesaideh
f,hasel
f,hasal bi bi
f,hasil
m,hesham
m,hashmat
m,hashmatollah
m,heshmatollah
m,hoshyar
m,hasghar
m,hazi
m,ha'azam
m,ha'maay
f,hafatemeh
m,hefal
f,haft bigam
m,haftsad
f,havdan
f,hafseh
f,hafzeh
f,hafyan
m,haqan
f,hal nisa
f,hala le
m,halal
m,helal al-din
f,halaleh
f,halam
m,holaku
m,halakuyi
m,halbest
m,halbejarde
m,halbejir
f,helda
m,heldir
f,helsa
f,helma
m,helmet
m,helmut
f,helen
f,helena
f,helnaz
f,helensa
f,haleni
f,haleh
m,halehn
m,halorin
f,helparin
m,halako
m,halakot
m,halgar
m,halghord
f,holi
f,heliya
f,helyana
f,heliyane
f,halibakht
f,haligheh
f,helisa
m,halil
f,halileh
f,halimeh
f,helin
f,helina
f,halina
f,helye
m,helios
f,helyon
f,ham naz
f,homa
f,homa khanom
f,hamabanu
f,homadokht
f,hamadi
m,homadis
f,hamar
f,homafar
m,homam
m,hammam al-din
f,haman allah
m,hamanaz
m,homavand
f,homāchehr
f,hamay
m,hamayun
m,homayun
f,hamayun bakht
m,homayoun taj
f,homayoun chehr
f,homayundokht
m,hamayoun alireza
f,hamaei
m,hemmat
m,hematollah
m,hematollah
m,hemat reza
m,hemat ali
m,hemat yar
f,hamta
m,hemmatollah
m,hamtaali
f,hamdam
m,hamdamali
f,hamdeh
f,hamra
f,hamraah
m,hamrad
f,hamraz
f,hamrah
f,hamroud
f,hamrya
f,hamzar
m,hamzaali
m,hamzeh
m,hamzeh allah
m,hamzeh ali
f,hamsaz
m,hamshang
m,hamnaion
m,hamnavad
f,hameh jan
f,hameh naz
f,hame gol
f,hamvand
f,hamgam
m,hamgun
m,hamid
m,hamidreza
m,hamir
f,hamira
m,hamishe
f,hamisheh bahar
m,hamila
m,hamin
m,hamin bas
m,hamineh
m,hamiyun
f,hana
m,hana
f,henar
m,hnâz
f,henas
f,hanaseh
m,hananeh
m,hanaheide
f,honav
m,handarin
m,hende
m,hende tagi
m,hendiyeh
m,honarbaksh
m,honarmand
f,hanoosh
m,hengam
f,hengame
m,hani
f,haniya
f,hanis
f,haniseh
m,hanifeh
m,hanieh
m,ha tav
m,havshin
m,hejar
m,heri
m,ho shmand
f,havafrid
f,hava
f,hava nasā'
f,havakhān
m,havar
m,havas
m,havas beg
m,haval
f,havaleh
m,havayatollah
m,huban
f,hobakht
m,hobar
m,hootakhsh
f,hutos
f,hutsa
m,hutan
f,houtous
m,hotak
m,hood
f,huda
m,hudad
f,hoodsa
f,houdeh
m,hodin
m,hudin
f,hur
f,hur asa
f,hur afarin
f,hura
m,hurad
m,horaz
m,huram
m,hooraman
f,huramah
f,huran
f,huravash
f,hoorbanoo
f,hurtash
f,hurtan
f,horokh
f,hurakhsh
m,hur dad
f,hur dokht
f,hurdis
f,hur rokh
m,hur zad
m,horus
f,hursa
f,hursan
m,hur shad
m,hur shid
f,horshid
m,hur far
m,hormoz
m,hurmazd
m,hurman
m,hurmand
f,hurmehr
m,hormond
m,hormak
f,hurnaz
m,hornsā
m,hurang
m,horus
f,hurvash
f,hur chehr
m,hoori
m,huri
m,houri nasā
f,huriya
m,huryar
f,hurin
m,horieh
f,hozad
f,huzan
f,hosan
m,havssang
m,havaskar
f,hoshbam
m,hushdar
m,hushmand
m,hooshmag
m,houshank
m,hushang
m,hoshang ali
m,hoshang kafi
m,hushvar
m,hushyar
m,hoshyar
m,hoshidar
m,hoshin
m,hoz
m,hozpur
m,hozieh
m,hufar
f,hu fariya
m,hoolan
m,holaku
f,huma
m,hu man
m,hoomangiou
f,humaya
m,homayoun
m,homat
m,homer
m,hu man
m,hoomand
m,hu mehr
f,hona
m,honar
f,hu naz
m,hu nam
m,hu namik
m,hong
m,hu niya
f,honia
m,honyak
f,hovarasht
f,hovi
m,hupad
f,hupand
f,huchehr
f,huzhan
f,huzhin
m,hokarp
m,huger
f,hu gol
f,hugun
m,hoyad
m,hu yar
f,haviyar
f,havida
m,hoveyda
f,hevin
f,havieh
m,hazhar
m,hozhabr
m,hazhyan
m,hazhir
m,hajir
m,hajir al-din
f,hazhin
m,hajieh
m,hakam dad
f,hagbeh
m,hey man
m,hey'at
m,hayatan
m,hiyas
m,hayam
m,heyam
m,heybollah
f,hiba
m,heybat
m,heybatollah
m,heybatollah
m,heybat ali
m,heybatollah
f,hita
m,hitasb
m,haysam
m,heyjlar
f,hida
m,hidara
f,hidokht
f,heidi
m,hidi
f,hidieh
m,hidika
f,heidika
m,hira
m,hirab
m,hirad
f,hiran
m,heyrbed
m,hirbad
m,hirsa
m,hirsad
m,hiresh
m,hirman
m,hirmand
f,hiru
m,hirvan
m,hirod
m,hirud
m,hirun
m,hirkan
m,heyri
f,hizan
m,hishing
m,hisho
m,hishuy
f,heyfa
m,hayfa
m,hayfa
f,hila
m,hala
f,hilan
f,hilda
f,hilma
f,hilmah
f,hilmi
f,hilnaz
f,hileh
f,haile
f,hima
f,himan
m,himan
f,heyman
f,himeh
f,himo
f,hina
f,hainan
m,hiva
m,hivad
f,hivan
m,hiyob
m,hayvash
m,hayun
m,hija
m,heyzha
f,hizhan
m,hiyat
m,hahashur mohammad
m,va jiheh
m,va heyd
m,va dabe
m,va li aleh
m,va li allah
m,va ida
m,val
m,vateh
m,vatyar
m,vasegh
f,vaj
m,vajed
m,vahed
m,vahidbakhsh
f,vahede
m,vahidi
f,vaheh
m,vahid
m,vahigh
m,vad
m,vada
m,vadan
m,vadgan
m,vadi
m,vadyar
m,varaz
f,varan
m,vartan
f,vartosh
m,vartiqs
m,vares
m,vardan
m,vardouhi
m,varaste
f,varesh
m,varona
m,vaaroozh
m,varuzhan
f,vazna
m,vasee
m,vaspur
m,vaspohr
m,vashir
m,vasef
m,vasel
m,vaez
m,vaezi
m,vafaq
m,vafi
m,vaqif
m,vaghed
m,vaghef
m,vaqi'q
m,vala
m,valareza
m,valaali
m,valagowhar
m,valayar
m,valj
m,valh
m,valed
m,valdanay
f,valedeh
f,valeria
m,valentin
f,valeh
m,vali
m,vali allah
m,vali khan
m,valintubat
m,valiye
f,valiyeh
m,vamegh
m,vān
m,vanan
m,vantiyar
f,vanosh
f,vanusheh
f,vaniya
m,vanyar
f,vanisha
m,vanik
m,vaheb
m,vāhan
m,vahiye
m,vahik
f,vapsin
m,vachik
f,vazhe
m,vay allah
f,vayeh
f,vayo
m,vetar
f,vatra
m,vati allah
m,vosugh
m,vajasb
m,vajhollah
m,vajhollah
m,vajheh allah
f,vajhieh
m,vojood
m,vaji
m,vajollah
m,vajihollah
m,vajihollah
f,vajiheh
m,vajid
m,vajihollah
f,vajila
f,vajih
m,vajih
m,vajehollah
m,vajihollah
m,vajihollah
m,vajihe
f,vajiheh
m,vajiheh al-sultan
m,vajiheh allah
m,vajiheh allah
m,vah آ
m,vahidollah
m,vahangiz
m,vahd
f,vahdaneh
m,vahdat
m,vahdatollah
m,vahdideh
m,vahdieh
f,vahura
m,vahyi al-din
m,vahid
m,vahidollah
m,vahidollah
m,vahidoddin
m,vahid al-din
m,vahidollah
m,vahidbakhsh
m,vahidreza
m,vahid reza
f,vahideh
f,vahide
f,vahidieh
m,vahīr
m,vakhsh
m,vakhsh dad
m,vakhshur
m,vakhid
f,veda
m,vedad
m,vadud
m,vdood
m,vadyan
m,vadie
m,vadi'
m,vadi'e
m,vadi maryam
m,var mohammad
m,varaz
m,varazad
m,varaz bandeh
m,varaz tirdad
m,varaz dad
m,varaz mehr
m,varaz nersi
m,varaz piroz
m,varaldin
f,varta
f,vartaj
m,varja
m,varjavand
m,varahmat
m,vard
f,vardafarid
f,vordavar
m,varda
m,verdan
m,vardanshah
m,varde
f,vard gol
f,vardi
m,vardin
m,varza
m,varzan
m,varzak
m,varzam
m,varzamiar
m,varzandeh
m,varziyar
m,varzir
m,varsaz
m,varshad
f,varashan
m,varshang
f,varziyeh
m,varaq ali
f,vargha
m,varaqali
m,varqeh
f,varna
m,vahram
m,varahram
m,varahran
m,vorood
m,voronika
m,varpa
m,varzhina
f,vargah
m,vargir
m,vargir
m,verya
f,varisheh
m,varim
f,vazkhatun
m,vazgan
m,vaziri
m,vaziri ahmad
m,vaziri mohammad
m,vazir ahmad
m,vesam
m,vesak
f,vosta
m,vastaham
m,vastavi
m,vasat
m,vasf
m,vasfali
f,vasmeh
m,vasneh
m,vaspar
m,vaspor
m,vaspohr
m,vasī'ollah
f,vasieh
f,vasileh
m,vasim
f,vasimeh
m,vasin
f,vash
f,vashan
m,voshm
m,vashmgir
m,voshmgir
f,vashen
m,vashnam
m,vashang
m,vesal
m,vasfí
f,vasleh
f,vasleh khanom
m,vasi
m,vasiollah
m,vasi ali
m,vasieh
f,vazifeh
m,vadeh
f,vasoumeh
m,vaf
m,vafa
m,vafa andish
m,vafa ali
m,vafa
m,vafa dar
f,vefagh
m,vafa'aldin
f,vafieh
m,vaghar
f,vaghieh
m,valollah
f,vala
m,valat
m,valam
f,valan
m,velayat
m,valakhsh
m,valad
m,valash
f,valga
m,vali
m,vali ahmad
m,vali a'la
m,vali allah
m,vali al-din
m,valiollah
m,valiollah
m,valiollah
m,vali aliyeh
m,vali jan
m,vali hossein
m,vali khan
m,vali ghorban
m,valiollah
m,vali mohammad
m,vali morad
m,vali goli
m,valyar
m,valiallah
m,valiollah
m,valiyollah
m,valiyaleh
m,valid
m,validad
m,valid al-rahman
m,valireza
m,vali'ahd
m,vali qoli
m,vali mohammad
m,valimrad
m,valiollah
m,vana
f,vanaz
f,vanda
m,vandad
m,vandidad
m,vans
f,vanafsheh
m,vanan
f,vanu
f,venus
f,venusa
f,venosh
f,venusha
f,vanushe
f,vanushak
m,vanun
f,venise
f,vah afrid
f,va afarin
f,vahnoosh
m,vahvaran
m,vahpanah
m,vaha
m,vahhab
m,vahab al-din
m,vahhab ali
m,vahhaj
m,vehad
f,vehar
m,vahaman
m,vahan
m,vahab
m,vahbarz
m,vahbi
m,vahrez
f,vahro
m,vahzad
m,vahsod
m,vahshapur
f,vahshitieh
m,vahman
m,vahmansh
m,vahmehr
m,vahnia
m,vahuman
m,vohuman
f,vahogun
m,vahid
f,vahista
m,vahid
f,vachan
m,vazhasb
f,vazhmeh
f,viktoria
m,vakil
m,vakil ahmad
m,vakili
m,viyarash
m,viyam
f,vayan
m,viyana
f,viana
m,vid
m,vid
f,vida
m,vidal
f,vidiya
m,vira
m,virab
m,virak
f,viro
f,viriya
m,vais
m,veys
m,vais mohammad
m,veys karam
m,vista
f,vista
m,vistakh
m,vistaham
m,vistor
m,vesali
m,vismarad
m,viseh
m,veyse
m,vispar
m,vispard
m,veisi
m,vishar
m,vishtasb
f,vishka
m,viyad
m,vila
m,vilna
m,vina
m,vinasb
f,vinsar
f,vine
m,vinus
m,vihan
m,vive
f,vivat
m,vivan
f,viyola
f,viyulet
f,viona
f,vauona
f,viyog
m,viviyan
f,vivienne
m,victor
m,viktoria
m,vigen
m,vigin
m,payman
m,pa nita
f,paaizeh
m,patira
m,padar
m,pādāsh
m,padash
m,padra
m,padsha
m,padshah
m,padmira
f,padamira
f,padena
m,pādvār
m,padyan
f,padina
m,parahat
m,parakht
f,paramida
m,partia
f,pardis
m,pardik
m,pars
m,parsa
f,parsadokht
m,parsamehr
m,parsan
f,parsana
m,parsakiya
f,parse
m,parsua
m,parsi
m,parsia
m,parsiya
m,parsis
m,parsin
m,parsina
m,parsika
f,parla
f,parlar
f,parmida
f,parmis
f,parmisa
m,parmin
f,parmin
f,parna
f,parand
m,pāre vān
m,pareh yar
m,parché talā
f,paris
m,pasad
m,pasak
m,pastur
m,pasdar
m,pasar
m,paskal
m,pasyar
m,pasha
m,pashjam
f,pashang
m,patris
f,pāle
m,paliz
f,paliz
m,paliza
m,pām
f,pamchal
m,pamir
f,pana
f,panta
f,pantea
f,pantea
f,panti
m,pantishe
f,pandora
f,pani
m,paniya
f,pania
f,panita
f,panid
f,panida
f,paniz
f,panisa
f,pāniyeh
f,panik
m,pav
m,pavan
m,pavus
m,paprik
f,papel
m,papoor
f,papok
m,papak
m,papi
m,papi ahmad
m,papi hassan
m,papi hossein
m,papi heydar
m,papi reza
m,papi samad
m,papi morad
m,papi vali
m,papi karam
f,pāk āfarin
f,pākrokh
f,pāk sīmā
f,pāk nush
f,pak gohar
m,pakan
m,pak baz
f,pakbanu
m,pakdad
f,pakdokht
m,pakdel
f,pakdin
m,pakdin
m,pakzad
m,pakor
m,pakrad
m,pakray
m,pakro
m,pakrovan
f,pakruz
f,pakrooy
m,pakzad
m,paksar
m,pak sima
f,pak shad
m,pak shid
f,pakfar
f,pak forugh
m,pak mehr
f,pak naz
m,pak nam
m,paknazar
f,pak nush
f,pākchehr
m,pak yar
f,pakizeh
m,pakzad
m,pak nahad
m,paya
m,payab
m,payar
m,payān
m,paydar
m,paymaz
m,payandeh
m,payvar
m,payun
f,payoon
f,payiz
f,payizan
m,payizan
m,payizali
f,payizeh
m,pateh mani
m,pati mohammad
m,pajman
m,pakhshan
m,padakhasht
m,pedaram
m,pedaram
m,pedram
m,paderpur
m,padidar
m,padide
f,padideh
m,pazram
m,pazire
m,par del
f,parastoo
m,parshang
m,par fam
m,par niaz
f,parvaneh
f,parvin
f,parisa
m,paratali
f,paradis
f,pararin
m,pararin
f,pararin dokht
m,parashan
m,paransis
m,paraham
f,paravaneh
f,parbasa
f,porbaha
m,partash
m,partam
f,partow
f,porkhideh
m,pardad
m,pardan
f,pardokht
m,pardiya
f,pardiz
m,pardis
f,pardika
m,parrokh
f,parravaneh
f,parrin
f,parzad
m,parzaghli
f,parzin
f,porsa
m,parsam
f,parsan
f,parasta
f,parastesh
f,parasteh
f,parasto
f,parastuk
f,parastak
f,parsun
m,persia
m,persiya
m,parsiyan
m,parsiyana
m,persis
m,persin
m,persika
f,porshad
m,parshan
f,parasht
f,parshang
m,pershiya
m,pershiyan
f,pershiyana
m,pershiyan
f,parela
m,parma
m,parman
m,pormayeh
m,parmodieh
f,parmon
m,parmis
f,parmis
f,paran
f,parna
f,par naz
m,parnan
f,parnak
f,parand
m,parand pas
f,paran dokht
f,parandokht
f,parandis
f,paran dosh
f,parandak
m,paran dis
m,parandin
f,parandin
f,paransa
f,pornush
f,parnun
f,paran chehr
f,parang
f,parnia
m,parniya
f,parnia z
f,parniaz
f,parnian
f,parniyane
f,parnin
f,parnik
m,parnika
m,parham
m,parhan
f,parhun
f,parva
f,parvaz
f,parvan
f,parvane
m,porvaz
f,parvar
m,parvaresh
m,parvaz
f,parvash
f,perosha
f,porushat
f,porosheh
f,paromand
f,parvaneh
f,prochesta
m,poruchista
m,parvir
m,parviz
m,parviz ali
m,parviz
m,parvish
m,parvīm
f,parvin
f,parvin banu
f,parvin dokht
f,parvindokht
f,parvizdokht
f,parvizrokh
f,parviyush
m,parpar
m,parcham
f,parzhan
f,parzhin
f,parak
f,pergam
m,pargan
f,par gosha
f,por gol
f,pargon
f,pari
f,pari banu
f,pari taj
f,pari taz
f,pari jan
f,pari jahan
f,pari khanom
f,pari dokht
f,pari rokh
f,parirokhsar
f,pariru
f,pari roy
f,pari sima
f,parisima
f,parisha
f,parishad
f,parifam
f,parifar
f,pari mah
f,parimehr
f,pari naz
f,pari noosh
f,parivash
f,pari vis
f,pari peykar
f,parichehre
f,pari gol
f,pari
f,pariya
f,pariya
m,paryar
f,parias
f,paryas
m,pariyam
f,pariyan
m,pariborz
f,paribesa
f,paritha
f,parijan
f,parikhah
f,parikhun
f,paridokht
f,parideh
f,paridukht
f,parirokh
f,pariru
f,pariz
f,parizad
f,parizadeh
m,paris
f,parisa
f,parisaal
f,parisal
f,parisan
f,parisma
m,pariska
f,parisha
f,parishad
f,parishan
f,parifam
f,parifar
f,parima
f,parimah
f,parimarz
f,parin
f,parina
f,parinaz
f,parinam
f,parinos
f,parinush
f,parieh
f,parihan
f,pariva
f,parivar
f,parivar
f,parivash
m,parivah
f,pariviz
f,parvin
f,pariche
f,parichahr
f,parichehr
f,parichahreh
f,parizheh
f,parika
f,parigol
f,parigon
f,pari zad
f,pari chehr
f,pari
f,pazad
f,pazdan
f,pezeshk dokht
f,pezman
f,pazvaneh
m,pazviz
m,pasak
m,pesteh
f,pasand
m,pasandiyar
m,poshtisar
m,poshtivan
m,pashmin
m,pashn
m,pashang
m,pashutan
f,pashkar
m,pashku
m,pashin
m,petrus
m,paadel
m,paghambar
m,pofak
m,palash
m,pelashan
m,panam
f,panah
m,panah bar khoda
m,panah ali
m,panahali
m,panahali
m,panahi
f,panbeh
m,panj ali
m,panjshanbeh
m,panj ali
m,panjeh ali
m,pendar
m,panviyil
m,pahlbod
m,pahlevan
m,po ne
m,poein
m,pavaran
m,puban
f,pudneh
f,poodineh
f,pur andukht
m,pour heydari
m,pour reza
m,pura
f,puran
f,pouran taj
f,pouran dokht
f,pourandakht
f,purandokht
f,pourandokht
f,puranrokh
f,puranmehr
m,pourba
m,pourbakhsh
m,purbe
m,portash
m,pooj
m,poojom
m,pordad
m,pursam
m,pursina
m,pursha
m,purshan
m,poursasb
m,poormand
m,purna
m,pournasa
m,porang
m,pournik
m,porushasb
f,poruchista
m,purchista
f,poochista
m,porak
m,puri
m,puriya
m,pourya
m,porya vali
m,poryar
m,puriyamehr
m,puryamin
m,puryan
m,puriyeh
m,poozar
m,posaf
m,pushang
m,pula
m,pulad
m,polad ali
m,poladvand
f,polak
f,polaki
f,puli
f,puna
m,pouns
f,pune
f,pounia
f,pohgel
f,pupar
f,popeh
f,pupak
m,poojan
m,poozhan
m,pozhan
m,poozhia
m,pouya
m,puya
m,pouyan
m,puyan
m,poyraz
m,poyz
f,puyesh
m,puyesh
m,puye
f,puyeh
m,pouyin
m,pezhar
f,pezhal
m,pazhdo
m,pezhman
m,pazhand
f,pozhhan
m,pajvan
m,pezhvak
m,pazhutan
m,pazhuhan
f,pazhuhande
m,pakir mohammad
f,pagham
f,pegameh
f,pegah
f,pegahan
m,pagin
m,paya
m,payam
m,payam al-din
m,payam allah
m,payam ali
m,payan
m,pikhi
m,peyda-gashasp
f,pidra
m,pir bakhsh
m,pir hossein
m,pirzad
m,pir ali
m,pir gholi
m,pir mohammad
m,pir morad
m,pir vali
m,pirad
m,piraste
f,pirasteh
m,piraleh
m,piramalī
m,piran
m,piraj
m,pirazhe
m,piraye
m,pirbakhsh
m,pirtak
m,pirjalal
m,pirdad
m,pirzad
m,pirali
m,pirali dad
m,pir mohammad
m,pir mehr
m,pirnaz
m,pireh khanom
m,peyro
m,peyrut
m,piruz
m,pirouz
m,piruzan
m,pirouzan
f,pirozdokht
f,pirouzeh
m,piruzeh
m,piruzgar
m,pirouzi
m,pirouli
m,pirak
m,piri
f,piryush
f,pisa
m,pishbin
m,pishtevan
m,pishdad
m,pishrow
m,pishro
m,pishevar
m,peygham
m,paygham
m,payghambar
m,payghambar qoli
m,payghambergholi
m,piltan
m,pilsam
m,peyma
m,payman
m,peyman
m,paymanali
f,peymaneh
m,peymaneh
m,paymāy
f,pinar
m,pinar
f,peyvasteh
m,peivand
m,peyvand
f,pichak
m,pikaso
m,peykan
m,peikar
m,peygun
m,chabār
m,chabok
f,chare
m,chari
m,charya
m,charyar
m,chasb
m,chased
m,chaa'azam
m,chalak
m,chalesh
m,chalus
f,chali
m,chaliz
m,chalik
f,cham
f,chame
f,chavan
m,chavereh
m,chavez
m,chavosh
m,chavlan
m,chaveh
m,chavush
m,chavyar
m,chapar
m,chakan
m,chaker
f,chabeh
m,cheragh
m,cheragh al-din
m,cheragh ali
m,cheraghi ali
m,cheraghali
m,charaqali
m,charanali
f,chresto
f,charmah
f,cheru
m,charkaz
f,cheshman
m,cheshmali
m,cheshmnaz
f,cheshmeh
m,chaq ali
m,chaghu
f,chelcheleh
f,chalipa
f,cham naz
f,chaman
f,chamane
m,chamran
m,chamarym
m,chamshid
m,chamal
f,chaman
m,chaman araye
f,chaman afrouz
m,chaman ali
f,chaman naz
f,chaman chehr
f,chamnaz
m,chamand ali
f,chamanrokh
m,chamanali
f,chamannaz
f,chamanchehr
f,chaman ara
f,chamin
f,chena
f,chanāre
m,chenan
m,chanoor
f,chenur
m,changbaz
m,chengesh
m,changiz
m,changiz ali
f,chani
f,chania
m,chahārshanbeh
m,chahari
m,chahandar
m,jahangir
f,chehrazar
f,chehrara
f,chehrazad
f,chehrab
f,chehraz
f,chehr afroz
m,chehr barzin
f,chehrzad
f,chehrforoz
f,chehrmino
f,chehre
f,chehre gol
f,chehre asa
f,chehrak
f,chehel cheragh
m,cheku
m,chavad
m,chuban
m,chubanali
m,chubin
m,chobineh
m,chouta
m,churkeshe
m,choman
m,chopan
m,chopanqoli
m,chochi
f,chok
m,chogān
m,chogan ali
m,chapar
m,chekad
f,chakameh
f,chakav
f,chakaveh
f,chakavak
f,chia
m,chiyan
m,chiyava
f,chiavan
m,chiako
m,chita
f,chitra
f,chida
f,chidameh
m,chireh
f,chirok
f,chista
f,chisti
m,chilan
f,chilaneh
f,chilak
m,chim
f,chimah
m,chiman
f,chimeh
m,chinavād
f,chini
f,chini bas
f,chichak
f,chika
m,chikdam
m,zhabiz
f,zhabizh
f,zhasman
f,zhasamin
f,yasamin
m,zhafeh
f,zhalan
f,jalaneh
f,zhaleh
f,zhalerokh
f,zhaliya
f,zhalin
m,zhamasb
m,zhamasp
f,zhamak
m,zhan
f,zhanet
f,zhaniya
f,zhanita
f,zhanin
f,zhanina
m,zhāv
f,zhava
f,jāveh
m,zhavia
f,zhavin
m,zhak
m,jakav
f,jaklin
m,zhayiz
f,zhaeezh
f,zherbera
m,zharf
f,zharfa
f,zharfi
f,zherfin
f,zharvira
m,zharvin
m,zhorzh
m,zherzhit
m,zham
f,zhena
m,zhanva
f,zhenus
m,zhang
f,zhaniya
f,zhenik
f,zhaniya
f,zahrevar
f,zhovan
f,zhevana
m,zobin
m,zhobin
m,zhora
m,zhurk
m,jozef
m,jozefi
m,jozefin
f,zhuliya
f,zhon
f,zhona
m,joupin
m,zhakan
m,zhakor
f,zhiya
m,zhiyar
m,zhiar
m,zhiyan
f,zhiyan dokht
f,zhiyan chehr
m,zhiyana
f,zhiyano
f,zhiba
m,zhir
m,zhiran
m,zhiro
m,zhil
f,zhila
m,zhilmo
f,zhileh
m,zhilvan
f,zhima
f,zhina
m,zhinar
f,zhinir
m,zhinu
f,zhino
f,zhinus
m,zihayat
m,zhihat
f,zhiva
f,zhivar
m,zhivar
m,zhivan
m,zhiwan
f,zhivana
m,zhivir
f,zhizhis
f,zhikal
f,zhikan
m,zhikan
m,zhiko
m,zhiges
m,ka ziveh
m,kazem
m,ka fieh
m,ka mabiz
m,kameran
m,kameran
m,kaamel
m,ka miar
m,kaveh
m,kavus
m,kaan
m,kazeem
m,kabul
m,kabi
m,kabiyan
m,kabiz
m,katabil
f,katrin
f,katrina
f,katuza
f,katiya
m,katyusha
f,kathum
m,kad
m,kadr
f,kadusa
m,kar mohammad
m,karak
m,kara
m,karaan
f,karanay
m,karanos
m,karak
m,karbin
m,kartal
m,kardar
m,kardan
f,kardelen
m,kardu
m,kardos
m,karzan
m,karloo
f,karmania
f,karmel
f,karmen
f,carmilla
m,karen
f,karna
m,karang
m,karnik
m,karo
m,karevan
m,karukh
m,karus
f,karolin
f,karolina
m,karun
m,karvand
m,kargar
m,karia
m,kariz
m,karin
m,karina
m,kazem
f,kazmiyeh
m,kazniye
f,kaziveh
f,kas
f,kas banu
f,kasandan
m,kasali
m,kasmar
m,caspian
m,kasi
f,kashane
m,kashf al-din
f,kashin
m,kazem
m,kazmeh
m,kazham
m,kazem
m,kazem ali
m,kazem
m,kazemali
f,kazeme
m,kazemi
m,kazemiyeh
m,kazim
m,kafur
f,kafi
m,kafi al-din
f,kafiye
m,kal
m,kāle
m,kalo
m,kali
f,kalin
f,kam bakht
f,kam bakhsh
m,kaman
m,kambakhsh
m,kambod
m,kambuziya
m,kambiz
m,kambiz
m,kambin
m,kamjo
m,kamjour
m,kamdad
f,kam dokht
f,kamadel
m,kamdin
m,kameran
m,kamrad
m,kamraz
m,kamran
m,kamran
m,kamro
m,kamrava
m,kamruz
m,kamsha
m,kamshad
m,kamshid
m,kamel
f,kameleh
f,kameliya
f,kamelin
m,kammbiz
f,kam naz
m,kam nush
f,kameh
m,kamvar
m,kamus
m,kamak
m,kamkar
m,kamangar
m,kami
m,kamyab
m,kamyad
m,kamyar
m,kamyār
m,kamiz
m,kamisha
f,kamisha
m,kamil
f,kamila
f,kamilia
m,kamin
m,kamine
m,kān bidār
f,kanaz
m,kanbi
m,kandidā
m,kandish
m,kang
f,kani
f,kaniya
f,kaniyav
f,kaniil
f,kanilan
m,kavan
m,kavous
m,kavosh
m,kave
m,kavus
m,kavosh
m,kavak
m,kavyar
m,kavyan
m,kavian
m,kavis
f,kavish
m,kaper
m,kazhav
f,kazheh
f,kazhin
m,kaka
m,kaka jan
m,kaka khas
m,kaka ali
m,kaka morad
m,kaka vis
m,kakajan
m,kakakhas
m,kakakhasé
m,kakakhan
m,kakali
m,kakali
m,kakamarad
m,kakamir
m,kakol
m,kakol ali
m,kakoleh
m,kakeh reza
m,kakeh aziz
m,kake mam
m,kaku
m,kakuti
m,kaki
m,kakyusha
m,kaya
m,kayan
m,kayahan
m,kayer
f,kaira
f,kailin
m,kaios
m,kabkhosrow
f,kabda
f,kabeedi
f,kabr ya
f,kobra
f,kobra bigom
f,kobrah
f,kobra
f,kobrai
f,kobra begom
f,kobra bigham
f,kobra khatoon
f,kobra khanom
f,kobraa
m,kebriya
f,kobray
f,kabzi
f,kabutar
m,kabujiye
m,kabudeh
m,kabak ali
m,kabgali
m,kabi
f,kobita
m,kabir
m,kabira
m,kabiri
f,katāneh
m,ketāb allāh
m,ketab ali
m,ketabali
m,katan
f,katane
f,katayoun
f,kataun
f,katayoun
m,katmareh
f,katibe
f,kothum
m,kathir
f,kathireh
m,kojid
m,kajir
m,kahkedarza
m,kod baqer
m,khodkhodai
m,kadman
m,kadeh
m,kadivar
m,kadiour
m,karyam
f,kera
m,karakhan
m,karrar
m,karam al-din
m,keramat
m,karamatollah
m,karamatollah
m,keramatollah
m,karamash
f,karameh
f,karaneh
m,karbalayi
m,karbam
m,kurt
m,kord ali
m,kardār
m,kordali
m,kardosha
m,korduy
m,kordiya
m,kordyar
m,kordiyeh
m,karim
m,karshasb
f,kereshme
m,karam
m,karam allah
m,karamollah
m,karam jan
m,karam hossein
m,karam khoda
m,karam reza
m,karam ali
m,karam qolich
m,karam vardi
m,karamkhoda
m,karmreza
m,karimza
m,karimali
m,karami
m,krokhan
m,kourosh
m,karki mohammad
m,kari
m,krit
m,kristal
m,kristine
m,kerishna
m,karim
m,karim allah
m,karimollah
m,karim bakhsh
m,karim bardi
m,karim beg
m,karim hassan
m,karim dad
m,karim reza
m,karim qoli
m,karim mohammad
m,karim vardi
m,kariman
m,karimdad
m,karim ali
m,karimgholi
m,karimmohammad
m,karimeh
f,karimeh
m,karimi
m,kariyeh
f,kazal
m,kazrim
m,kazim
m,kesa
f,kasayon
m,kasra
m,kasra
m,kasra
m,kasma
m,kasemrad
m,kasi
m,kasyavash
m,keshavarz
m,keshavarz mirza
m,kushtasb
f,kashtzar
f,kashtmand
f,kashsb banu
m,kash'ali
f,kasham
m,kashmand
m,keshvad
m,keshvar
f,keshvarbanoo
m,kashkul ali
f,kaebe
m,kafa'
f,kafah
f,kafaayat
f,kafaaye
f,kaftar
f,kafliyat
m,kafi
m,kafiat
m,kal
m,kol afarin
m,kol afshan
f,kol andam
f,kol khal
f,kol shirin
f,kol anbar
f,kol naz
f,kol pari
f,kalabtoon
f,kalabtin
m,kalabali
m,kolakhan
f,kelara
f,kolareh
f,kalariz
f,klaris
m,kelas
f,kolale
m,kolali
m,kalam
m,kalam olah
m,kalam elahi
m,kalam allah
m,kalan
m,kalanter
f,kolāh zar
m,kalahur
f,kalaviz
m,kalb hossein
m,kalbad
f,kaltham
f,kolsum
f,kalthumeh
f,kalzar
f,kolestan
f,kolsoum
f,kolsoom
m,kalzam
m,kalambiz
m,kalmaran
m,kalandar
m,kalleh
f,kaloria
f,kolom
f,chloe
f,kalpom
m,kolkez
f,kelisum
f,kalileh
m,kalim
m,kalimollah
f,kalimeh
m,kalim allah
m,kalimollah
m,kama al-din
m,kamal al-din
m,kamatel
m,kamal
m,kamal adin
m,kamal al-din
m,kamal ali
m,kamal mohammad
m,kamaloddin
m,kamāl al-dīn
m,kamalan
m,kamaldin
m,kamaaldin
f,kamaleh
m,kamal al-din
m,kamal ol-molk
m,kaman dar
m,kamanali
f,kamaneh
m,kamangar
m,kamangir
m,kamboujiyeh
m,kambujiyeh
m,kamar
m,kamar al-din
m,kamaraldin
m,kamarkhun
m,kamarali
m,kamash
m,kamal al-din
f,kamand
m,kamand ali
m,kamandali
m,komak
m,komakali
m,kamg
f,kamiya
f,kamireh
m,komeyl
m,kamil
f,kamila
f,kamilad
f,kamileh
m,kamin
m,kon silo
m,kanarang
m,konas
m,konto
m,kandal
m,kondar
m,kandrou
m,kanan
f,konia
f,konireh
f,khaniz
f,khaniz reza
f,khanizreza
f,ke jal
m,kahar
m,kahbod
m,kahrad
m,kahram
f,kahroba
m,kohram
m,kohzad
m,kahsa
f,kohsar
m,khalik
m,kahur
f,kahkeshan
m,kahyar
m,kheyrak
m,kahila
m,kahin
f,koosar
m,koresh
f,kavlthum
m,koazhin
f,kavakeb
m,koot
f,kootah
f,kavtar
f,kowsar
f,kowsar ali
f,kowsaral
f,kowsarozzahra
m,koojk
m,koji
m,koodarz
m,koodarak
m,koodasht
m,kooral'ayn
m,koorj
m,kordak
m,kordestan
m,kors
m,kourosh
m,korang
m,koro
m,koroosh
m,kourosh
m,kuros
m,kourosh
m,kourosh reza
m,kurosh
m,korgeh
m,kozel
f,kusar
f,kustan
f,koser
m,kush
m,kush yar
m,kusha
m,koshad
f,kushadokht
m,kushan
f,koshaneh
m,kushesh
m,koushang
f,koshk
m,kushyar
f,koolaleh
m,kolyar
m,kumar
m,komas
m,kona
m,konol
m,kuhzad
m,kuh gard
m,kuh yar
f,kohar
f,koharshad
m,kohrang
m,kuhzad
m,kohsar
m,kohshad
m,kuhali
m,kuhgard
m,kuhiyar
m,kuhin
f,kohineh
m,kuhneshin
m,kupal
m,kuchek
f,koochak khanom
m,koochak ali
m,kuchek gol
m,koochakali
f,kochyar
m,kozhir
m,kozhin
f,kowkab
f,kowkabdokht
f,kokabeh
m,kookali
m,kuki
f,kuy
m,kouyar
m,kavir
f,kouyestan
m,kewin
f,kazhal
f,kajalé
f,kajan
m,kazhvan
f,kazhin
m,kak lik
m,ki azar
m,key armin
m,ki armin
f,ki afrid
f,ki afarin
f,ki banu
f,keidokht
m,ki rad
m,ki zad
m,ki qabad
m,key manesh
m,ki manush
m,keywin
m,ki pishin
m,ki kavous
m,ki gashtasb
m,kia
m,kiya
m,kia marth
m,kia marz
m,kiyabod
m,kiabar
m,kiatan
m,kiyajor
m,kiyadavud
f,kiyadokht
f,kiara
m,kiyara
m,kiya rad
m,kiarad
m,kiya ram
m,kiarakh
m,kiya rokh
m,kiyarazm
m,kiyaras
m,kiaras
m,kiyarash
m,kiarash
m,kiya rang
f,kiarang
f,kiyazad
m,kiya zad
m,kiya zar
m,kiyazand
m,kiyas
m,kiasa
m,kiyasam
m,kiyasan
m,kiyasha
m,kiya sha
m,kiyafar
m,kiyāldin
m,kiamars
m,kiya mard
m,kiamarz
m,kiya man
m,kiya mehr
m,kiyan
m,kian
f,kian banoo
f,kian dokht
m,kiyanreza
m,kian shir
m,kian long
m,kian vash
f,kiyana
f,kiana
f,kiyanaz
f,kiyan dokht
f,kiyandokht
f,kianrokh
m,kiyan rokh
f,kianseh
m,kianfar
m,kianmehr
m,kiyan mehr
f,kiyaneh
m,kiyanvar
m,kianur
m,kianush
m,kiyanush
m,kiya nezhad
m,kiahor
m,kiyavash
m,kiyachahr
m,kiyachehr
m,kiyaksar
f,kiyavun
m,keybod
f,kiti
f,kija
f,kijana
f,kiji begum
m,kikhusro
m,key khosrow
m,kidi
f,kiz
m,kaysan
m,keysan
f,kaysar
m,keishid
f,kif sarv
m,kifsan
m,keyfali
f,kifiyyeh
m,key ghobad
m,keyghobad
f,kailan
m,kilarsh
f,kilanush
m,kim
m,keyman
m,kimras
m,kiman
m,keymand
f,kimeh
f,kimiya
f,kimiya
f,kimyazahra
f,kinaz
f,keynaz
f,kineh
f,kineh bas
m,kinoosh
m,kingi
m,keyhan
f,khayhan dokht
m,kiyān nush
m,keyhanrokh
m,keyhaneh
f,kiyāneh
m,kiyhank
m,kiva
m,keyvan
m,kivaan
m,kivan
f,kiyavan banu
f,kivan dokht
f,keyvandokht
f,kivanrakh
f,kivanzad
m,kiyvanali
m,keyvane
m,kivaneh
f,kivanchahr
m,keyvar
m,kayus
m,kiyuma
m,kiumar
m,kiumart
m,kiyomars
m,kiumars
m,kiumarz
m,kiumand
m,kiyo mehr
f,kizhan
m,kikavus
m,kikavus
m,key kavus
m,kiyan
m,kiyahan
m,geo
m,geumat
m,gabril
f,gata
m,gataj
m,gardash khan
m,garnik
m,gariz
m,garineh
m,gaspar
m,ghat'e
m,ghazem
m,ghazdar
m,gafshan
m,ghadam
m,galan
m,galus
f,galiya
m,ganar
m,gāveh
m,gachahreh
m,gayar
m,gabad
m,gabehname
m,gda
m,geda ali
m,geda mohammad
m,ghodali
m,gar goli
m,gorazeh
m,gerami
f,geramidokht
f,garan naz
f,geranaz
m,gerankhar
m,geranmayeh
f,geran mehr
f,geran naz
m,gerahon
m,garayesh
m,gorji
m,gord
m,gordazad
f,gordafarid
f,gordafarin
m,gordab
m,gardo
m,gordgir
m,gardi
f,gordiya
m,gordiya
f,gordieh
m,gordiye
f,gordik
m,gorz ali
m,ghorzali
m,gorazm
m,gorzan
m,garaston
m,garsivaz
m,garsha
m,gershad
m,garshasb
f,garshin
m,garmān
m,garmanak
m,garmayel
f,garnaz
m,garnesh
m,gorvkhan
m,garos
m,gorvi
m,gorgan
m,gorgan ali
m,gorgali
m,gorgin
m,gorgineh
m,gorim
m,gazdi mohammad
f,gouzal
f,gozal bi bi
f,gozal khanom
f,gozlar
f,gazgid
f,ghazizeh
m,gozine
m,gostahm
f,gashta
m,gashtab
m,gashtasp
m,gashtasb
m,goshasd
m,goshasp
m,gashvad
m,goshin
m,gashin
f,gol
m,gol akhar
f,gol azin
f,gol asa
f,gol aftab
f,gol afrid
f,gol avar
f,gol aviz
f,gol aghin
m,gol aym
f,gol ayyeh
f,gol aayin
f,gol abroo
f,gol abrisham
f,gol atoon
f,gol asar
m,gol ahmad
m,gol ahmand
f,gol ara
m,gol aslan
f,gol afrouz
f,gol afrin
f,gol afsar
f,gol al-nasā'
m,gol amir
f,gol anar
f,gol anbar
f,gol andam
f,gol oghlan
f,gol oqlan
f,gol baton
f,gol bāji
f,gol badam
f,gol baghi
m,gol bala
f,gol band
f,gol banu
f,gol badan
f,gol badin
f,gol bading
f,gol barar
f,gol bas
f,gol bast
f,gol baqeh
f,gol boteh
f,gol biya
f,gol bik
f,gol bika
f,gol bigom
f,gol bi bi
f,gol taj
f,gol taz
f,gol tamam
f,gol tan
f,gol toop
f,gol ti ti
f,gol jan
f,gol jamal
f,gol jamileh
f,gol jannat
f,gol jahan
f,gol johar
f,gol hojjat
f,gol haram
f,gol hasrat
m,gol hassan
m,gol hossein
f,gol khatoon
f,gol khati
f,gol khater
f,gol khal
f,gol khan
f,gol khanom
f,gol khanom
f,gol khaver
f,gol khadijeh
f,gol khand
f,gol khandan
f,gol khandeh khanom
f,gol dad
f,gol dadash
f,gol daneh
f,gol dokht
f,gol dasteh
f,gol doost
f,gol raz
f,gol raba
f,gol rahman
f,golrokh
f,gol-e roz
f,gol rozi
f,gol roya
f,gol za
f,golzadeh
f,golzar
f,gol zareh
f,gol zaman
f,gol zanan
f,gol sara
f,gol sāre
f,gol soltān
f,gol sam
f,gol saman
f,gol sameh
f,gol san
f,gol so
f,gol sim
f,gol simā
f,gol shad
f,gol shah
f,gol sharn
f,gol shor
f,gol shekar
f,gol shirin
f,gol saba
f,gol sabaah
f,gol safa
f,gol sanam
f,gol tala
f,gol tooti
f,gol azar
m,gol ali
f,gol anbar
f,gol ghonche
f,gol ghaiz
f,gol foruz
f,gol forugh
f,gol firouzeh
f,gol qayed
f,gol qadam
f,gol qaz
f,gol qeyd
f,gol laleh
f,gol mar
f,gol mata'
m,gol mohammad
m,gol morad
f,gol marjan
f,gol morghi
f,gol morvarid
f,gol mast
f,gol malak
m,gol mahdi
m,gol mir
m,gol mirza
f,gol mais
f,gol nar
f,gol naz
f,gol nazār
f,gol nabat
f,gol nisar
f,gol nasa
f,gol nasā'
f,gol nishan
f,gol nazar
f,gol naneh
f,gol noor
f,gol noosh
f,gol nusha
f,gol hezar
f,gol hava
f,gol vatin
f,golvash
m,gol vali
f,gol virdi
f,gol pareh
f,gol par
f,gol parast
f,gol pari
f,gol pasand
f,gol panah
f,gol panbe
f,gol peykar
f,gol chaman
f,golchin
f,gol kaz
f,gol kis
f,gol gaid
f,gol gaz
f,gol gol
f,gol gis
f,gol yas
f,gol yemen
m,gol ain
m,gol azin
f,gol ara
f,gol asa
f,gol ana
f,gol avar
m,gol aviz
f,gala vizh
f,golab
f,golabtan
f,golabetun
f,golabtin
m,golabali
f,golabi
f,goladzh
f,golara
f,gelare
f,gelaris
f,golārish
f,gelarin
f,golasa
f,gol afruz
f,gol afza
f,gol afshan
f,golal
f,golalan
f,golale
f,golalak
f,golan
f,golantun
f,golandam
f,golandokht
f,golane
f,golāveh
f,golavazh
f,golaviz
f,golavish
m,gelavizh
f,golavij
f,golavizhe
f,golayel
m,gelayol
f,golayvor
f,golayoul
f,golayoon
f,golayej
f,golbaji
m,golbad
f,gol bar
f,gol baran
f,golbash
f,golbāgh
f,golbaghi
f,golbāla
f,gol bam
f,gol ban
f,golbanu
f,gol bang
f,gol bakht
f,gol bakhsh
f,golbadan
f,golbaddin
f,golbar
f,golbarar
f,golbarg
f,golbes
f,golbast
f,golbon
f,golbeh
f,gol bahar
f,gol bahare
f,golbu
f,gol bute
m,gol buy
m,gol bid
m,gol biz
f,golbiz
m,gol bin
f,gol taban
f,goltaaj
f,goltan
f,golsoum
f,golsumeh
f,goljan
f,gol jahan
f,gol ju
f,golkhatoon
f,golkhān
f,golkhānom
f,gol khand
f,gol khandan
f,golkhandehr
f,gol khande
f,gol khah
f,golkhushe
f,gol dar
f,gol daman
f,gol daneh
f,goldab
f,gol dokht
f,goldareh
f,goldasteh
f,gol dasht
f,goldan
f,goldookht
f,goldooz
f,gol dust
f,goldoosti
f,gol dush
f,golduneh
m,goldi
m,goldi qoliich
m,goldi mohammad
m,gol dis
f,goldis
m,goldimohammad
m,goldin
f,golzar
f,golr
f,gol raz
f,gol ram
f,gol roba
f,gol rokh
f,gol rokhsar
f,gol rakhshan
m,golrza
f,gol rang
f,gol ru
f,golrouy
f,golriz
m,golriz
m,golrizan
f,gol zad
f,golzadeh
f,golzar
f,gol zar
m,gol zari
f,golsa
f,golsāء
f,golsar
f,golsareh
f,gol san
f,gol sana
f,golestan
f,golestane
f,golsar
f,gol sorkh
m,gol sefid
m,gol samin
f,golsan
f,golsanam
f,golsou
f,gol sur
m,gol suri
f,golsun
f,golsuneh
f,gol sima
f,golsima
f,gol sha
f,gol shad
f,golshan
m,golshah
f,golshan
f,golshani ali
f,golsha
f,golshahr
f,golshom
f,gol shekar
m,gol shid
f,golshid
f,golshifteh
f,gol tala
f,gol ezar
m,golali
f,gol fam
f,golfdar
f,gol far
f,gol feshan
f,golqadam
f,golgid
f,gollar
f,golman
m,golmohammad
f,gol mor
m,golmorad
f,golmarina
f,gol mehr
f,gol mu
f,golmir
f,golmis
m,gol minu
f,golan
f,golnaj
f,gol nar
m,gol nari
f,gol naz
f,gol nam
f,golnabar
f,golanjash
f,golandam
f,golandan
f,gol narges
f,gol nesa
f,golnesa
f,golnasar
m,gol nasim
f,golnavaz
f,gol nush
f,galeh
f,galeh bagh
f,galeh jan
f,galeh khanom
f,galeh naz
f,golu
f,golvar
f,gol vazheh
f,golvar
f,golvardi
f,golurchin
f,glory
f,geloriya
f,goloryar
f,golvash
m,golpa
m,golpad
f,gol pare
f,golpasha
f,gol pak
f,gol par
f,golpari
f,gol pari
f,gol pasand
f,gol puneh
m,gol pira
m,gol peykar
f,golchareh
f,gol chaman
f,gol chehr
f,gol chehreh
f,golchin
m,gol chin
f,golak
m,golkar
f,golakz
f,golgar
f,golgard
f,golgaz
m,golgoleh
f,golgun
f,golgune
m,gol giti
m,gol gis
m,gol gisu
m,goli
f,goli
f,goli jan
f,goli khanom
f,goli far
f,goli naz
f,goliya
m,gol yad
m,gol yar
f,golyar
m,goli ta
f,golida
f,goli dokht
m,goli rokh
m,golin
f,gelin
m,golina
m,goline
m,golinush
m,goli nush
f,gol ara
f,gol afshan
f,gol bahar
f,gol chehre
f,gol gune
m,gomānali
f,gomani
f,gonar
f,gonāre
f,gonaz
f,ganj khatoon
m,ganj ali
m,ganj malek
f,gonja
f,ganjan
m,ganjali
f,ganjeh banu
f,gandom
f,gandomak
f,gonesh
m,gonaklik
m,ganglik
m,gahar
f,gahar
f,gohar bar
f,gahrbanu
f,gahardokht
f,gohar naz
f,gaharnagar
f,gaharchehr
f,gahoor
f,go tala
f,govara
m,gavah ali
m,gudarz
m,goudz
f,gozal
m,goran
m,gorash
m,gorang
f,gorgiz
f,gorgis
m,gozbaz
f,guzal
f,gozal bi bi
m,goshyar
f,gotala
f,goufar
f,gold
f,guler
f,gulan
f,goli
f,gona
m,gunay
f,gunash
f,gonel
f,gowhar
f,gohar banu
f,gohar bigom
f,gohar taj
f,gohar tala
f,goharara
f,goharafroz
f,gowharafshan
m,gowharroshsharieeh
m,gowharan
f,goharbano
f,gohar tab
f,gohar taj
f,gohar tash
f,gohar dokht
f,goharzad
f,goharsan
f,gowharsamaneh
f,gowharshad
f,goharshid
f,gohartala
f,goharfashan
f,gohar malek
f,gowharnaz
f,goharnegār
f,gohareh
f,goharchehr
m,goharchin
f,goharin
m,gavhand
f,gokje
f,gooki
f,goy
f,goy tala
m,goya
f,guichek
f,goyak
m,gazhdahm
m,gzhgin
m,gokamal
f,gita
f,gitan
m,gitanush
f,giti
m,gitiafruz
f,giti banu
f,gitidokht
f,giti naz
m,gitiforugh
m,gitinaz
m,gira
f,gisa
m,gisa
f,gis siyah
f,gisu
f,gisiya
f,gisha
m,gil
f,gil ara
f,gil oja
f,gil naz
m,gila
f,gila
m,gilar
f,gilar
f,gilās
f,gilan
f,gilan dokht
f,gilana
f,gilané
f,gilava
f,gilako
f,gilda
m,gilda
f,gailra
f,gilmāz
m,gilmah
f,gilnar
f,gilnaz
f,gile va
m,gilu
f,gileva
f,gin ali
f,ginat
f,geyhan
m,giv
m,giva
m,givan
m,y ebrahim
m,yar mohammad
m,ya sar
m,ya saman
m,yasin
m,ya siin
m,yavard
m,yaber
m,yather
m,yaha
f,yakhji khanom
m,yakhshi
f,yakhchi khanom
m,yad
m,yada
f,yadmehr
m,yad mehr
m,yadkar
m,yadgar
m,yar
m,yar ahmad
m,yar hossein
m,yar ali
m,yar mohammad
m,yar morad
m,yar karam
m,yara
f,yarat
m,yarad
m,yarash
m,yarallah
m,yarollah
m,yarallah
m,yaran
m,yarta
m,yarhasan
m,yarhossein
m,yarda
f,yar dokht
m,yardel
m,yarsa
m,yar sam
m,yarsan
f,yarsana
m,yarali
m,yarghali
m,yarghin
m,yar mohammad
m,yarmarad
m,yarmas
f,yaren
f,yarnaz
f,yarnosh
m,yarnik
m,yareh
m,yarvar
m,yarouli
m,yark
m,yar karam
f,yargol
m,yari
f,yarin
f,yariush
m,yaz
m,yaz mohammad
m,yaza
m,yaz mohammad
f,yas
f,yas rokh
m,yasfateme
f,yas gol
f,yasgol
m,yasa
m,yasam
m,yasan
m,yaser
m,yaser ebrahim
m,yaser al-din
m,yaser abbasi
m,yasrazad
f,yasreh
m,yasaman
f,yasaman
f,yasamsan
f,yasaman
f,yasamanzahra
f,yasamanzeynab
f,yasamanfatemeh
f,yasamandokht
f,yasmehr
f,yasamin
f,yasmin
f,yasaminzahra
f,yasmina
f,yasamina
f,yasamine
m,yasen
f,yas naz
m,yasu
f,yasimin
m,yasin
m,yasin ali
f,yasina
f,yasineh
m,yasha
m,yashar
m,yashara
m,yashal
m,yasham
m,yasher
m,yasherli
f,yashlar
m,yashang
f,yashgin
m,yashil
m,yashin
m,yaser
m,yasnam
f,yaghmur
f,yafa
m,yaftin
m,yaqut
m,yaghut
m,yalan
m,yalman
m,yam
m,yamach
f,yamur
f,yamin
m,yana
m,yanar
m,yaneq
m,yani
m,yanik
m,yav r
m,yavan
m,yavar
m,yavar ali
m,yavaraali
m,yavand
m,yapar
m,yakam
m,yaku
m,yair
m,yebok
m,yetra
m,yasreb
f,yasna
m,yahya
m,yahya sar
m,yahya
m,yahya
m,yahya
m,yahya ali
m,yahya qoli
m,yahyamohammd
m,ykhane
m,yadollah
m,yad allah
m,yadollah
m,yeda
m,yadallah
m,yadollah
m,yadollah
m,yadollah
m,yadollah khan
m,yadollah
m,yadeh naimeh
m,yadi
m,yazbeh
m,yar ismail
m,yar ali
m,yar mojtaba
m,yar mahdi
m,yaraj al-din
f,yarha
m,yarmiya
f,yarvaneh
f,yarisa
m,yazdad
m,yaz dad
m,yazdollah
m,yazdāleh
m,yazdan
m,yazdan afrid
m,yazdan bakht
m,yazdan bakhsh
f,yazdan dad
f,yazdan dokht
m,yazdan qoli
m,yazdan mehr
m,yazdan panah
m,yazdan yazdan
m,yazdanbakhsh
m,yazdandad
f,yazdandokht
m,yazdanshah
m,yazdanali
m,yazdanfar
m,yazdankhali
m,yazdanmehr
m,yazdanyar
m,yazdaniyar
m,yazdjerd
m,yazdjard
m,yazdgerd
m,yazdiar
m,yazdan
m,yestan
m,yasra
m,yosra
m,yasra
m,yasreh
m,yasari
m,yasn
m,yasna
m,yasni
m,yasub
m,yashar
m,yashtar
m,yashm
m,yeshma
m,yashma
m,yashir
f,yeshim
m,ya'thub
m,ya'thoq
m,yasoub
m,yasub al-din
m,ya'soub
m,yaqoob
m,yaghoubali
m,yaqoob
m,yaqoub
m,yaeghub
m,yaqoob
m,yaqoub
m,yaqoub ali
m,yaqoob lais
m,yaqoob paghé
m,yaqoob kanaan
m,yaqoubali
m,yaqoubi
m,yaqoob
m,ya'qub
m,ya'id
m,yahid mohsen
m,yaghoub
m,yaghma
f,yaghmanaz
m,yaghmar
m,yaghmour
m,yaghoub
m,yaghya
m,yaf allah
m,yef'ali
m,yaqoob
m,yaqqub
m,yaqoub
m,yaqin
m,yaqin ali
m,yaqinali
m,yaghieh
m,yalvardi
m,yala
m,yalan
m,yalan sineh
f,yalda
f,yaldoz
f,yaldiz
m,yalar mohammad
m,yalsan
m,yalsar
m,yalmeh khan
m,yelna
m,yama
m,yeman
f,yamaneh
m,yamshik
f,yemen
f,yeman gol
m,yomna
f,yamna
m,yamanas
m,yamuth ishan
m,yamur
m,yamin
m,yamin al-din
m,yamin ali
m,yaminollah
f,yamieh
m,yanal
m,yenal
f,yenab
m,yansar
m,yaniyamin
m,ye sarin
m,ye mahbubeh
m,ye vin
f,yahda
m,yahoda
m,yavān
m,yavav
f,yotab
m,yotam
m,youts
m,yohana
m,yoram
m,yortay
m,yuri
f,yoril
m,yozarsif
m,yusof
m,yousef
m,yousef allah
m,yousef jalal
m,yousef rasha
m,yousef reza
m,yousef ali
m,yousef mohammad
m,yousef panah
m,yusofreza
m,yousefali
m,yosofiyouzi
m,yusofmohammad
m,yousefi
m,yousan
m,yusuf
m,yousef
m,yousha
m,yushee
m,yoush'a
m,yoshita
m,yushij
m,yoshi'
m,yusuf
m,yuf
m,yufaveh
m,yol aman
m,yol goldi
m,yoldash
m,yuli
m,yomiye
m,yun
m,yuna
m,yunas
m,yunos
m,younes
m,younes ali
m,younesali
m,younsoor
m,younesi
m,younsor
m,uhan
m,yokabad
m,yukabed
m,yuyif
m,yuyil
f,yekta
f,yektare
m,yektaash
f,yektafateme
m,yeksara
m,yaksar
m,yekshanbeh
f,yekmal
f,yekeh khanom
f,yekiti
m,yegan
m,yegan mohammad
f,yeganeh
m,yeganezahra
m,yeganefateme
f,yildiz
